sig,formid,editor_id,n,cells,cx,cy,rg_units,hull_cells2
TREE,000A7329,TreeThicket01,11142,1777,32297,-6958,116927,5386.2
TREE,000ABD65,TreeThicket01Snow,5494,959,48002,44887,93351,4399.2
TREE,00051126,TreePineForest05,4563,1160,24571,-21559,105796,3542.6
STAT,00000034,XMarkerHeading,4180,1542,23745,494,118018,5046.9
TREE,0004B016,TreePineForest03,4137,1160,31868,-26797,106933,3549.6
TREE,000A731C,TreeDeadShrub,4003,1312,30906,4556,116916,4820.3
TREE,0005C06E,TreePineForestSnow05,3368,1043,19754,40393,120630,5534.5
TREE,0005C070,TreePineForestSnow03,3209,991,29708,41318,121147,5539.1
TREE,0005C06F,TreePineForestSnow04,2868,946,24002,27610,122903,5566.5
TREE,00018A02,TreePineForest02,2764,848,20206,-23253,112529,3431.7
TREE,0005C071,TreePineForestSnow02,2702,895,10880,30707,123231,5507.9
TREE,000AAE8F,TreeFallForestShrub01,2702,407,143390,-85900,38417,509.3
TREE,000A731D,TreeDeadShrubSnow,2694,823,55244,39216,90089,4546.0
STAT,00022201,CritterLandingMarker_Small,2427,579,30398,-18906,116368,2997.3
TREE,0004FBB0,TreePineForest04,2323,794,56509,-35555,108401,3418.4
TREE,000AAE90,TreeFallForestShrub02,2051,383,135018,-84394,47625,1054.2
TREE,000AAE74,TreeYellowShrub02,2012,629,40598,-30729,100405,2225.5
TREE,0009DAA0,TreePineShrub02,1931,780,-466,-16306,101447,3403.3
TREE,0005D2D7,TreePineForestSnowL05,1774,617,-47481,24135,126237,5556.7
TREE,0007614B,TreeAspen05,1749,392,142170,-86616,38777,599.5
STAT,00018199,RockL01,1733,1048,14100,19532,131095,5521.6
STAT,0001819A,RockL02,1641,1087,-5844,13953,129992,5575.9
TREE,0007614A,TreeAspen06,1586,368,141213,-87605,37793,511.6
STAT,0000003B,XMarker,1517,658,16291,1686,119675,4510.2
TREE,0005D2D9,TreePineForestSnowL03,1516,567,-32804,17121,134164,5568.6
TREE,0009DAA1,TreePineShrub02Snow,1427,679,22707,38761,96416,4427.4
TREE,0006C9D5,TreeAspen02,1393,372,143155,-85546,40249,574.0
TREE,0006C9D4,TreeAspen03,1393,392,143444,-85143,41280,588.2
TREE,0005D2DA,TreePineForestSnowL02,1392,564,-48330,17322,129178,5537.4
MSTT,000197CA,FXAmbSnowBlowingDriftTip,1373,651,57795,48908,88602,4486.4
TREE,0005D2D8,TreePineForestSnowL04,1260,506,-47306,8841,137924,5572.7
TREE,000AAE8E,TreeReachShrub02,1231,374,-131043,12868,42629,1696.3
TREE,0009DAA2,TreePineShrub01Snow,1230,563,28843,45757,95150,3859.4
TREE,000BCF34,TreeFloraSnowberry01Snow,1230,544,44155,36646,101947,4385.7
STAT,00018BA5,RockL03,1195,851,-5870,34338,122345,5501.0
STAT,0004FF0E,TreeReachBranchPile01,1189,516,1831,76222,117415,3801.4
TREE,0009DAA5,TreeVineMaple01Snow,1189,463,33833,49336,94529,4101.5
IDLM,000140BD,PatrolIdleMarker,1155,357,3447,-1060,120300,4406.3
TREE,000B91F8,TreeFloraMountainFlower02Purple,1075,588,45496,-25507,123373,3956.7
TREE,0006A9E6,TreeAspen01,1055,329,146269,-85543,40353,583.8
TREE,000AAE81,TreeTundraShrub05,1043,315,-31833,6243,48546,778.2
TREE,000B8A64,TreeSwordFernCluster02,1025,439,34951,-42905,104937,2877.1
TREE,000B8A69,TreeReachBush02,1021,306,-136279,20630,37198,588.6
STAT,0001819B,RockM02,1010,612,-13416,19504,128503,5270.3
TREE,000BB948,TreeFloraJuniper01,980,318,-134534,15243,43985,1381.5
TREE,000BCF3F,TreeFloraMountainFlower02Blue,970,568,51195,-4608,125243,4143.9
STAT,0002695F,RockS02Snow,937,308,82313,46399,78792,3486.2
STAT,00086923,CoastDriftWood02,914,414,13860,61527,112962,3528.9
TREE,000B8A76,TreeReachCliffTree01,902,361,-106525,17769,64187,2776.6
STAT,00018195,RockM01,899,562,-19352,8952,124298,5314.4
STAT,0001B0A9,RockS03,884,371,28344,5365,116507,4498.9
STAT,0004FF0F,TreeReachBranchPile02,875,410,-38004,54616,100110,3714.2
TREE,0009DAA3,TreePineShrub01,861,407,30974,-19427,104517,3131.3
STAT,00018BA7,RockS02,826,370,10475,-4311,114255,4366.8
STAT,0001A6E2,RockL04,793,519,-31852,-2096,123864,4608.9
TREE,000B8F53,TreeTundraDriftWoodTree01,791,426,-22202,37011,96492,2863.4
TREE,000B8A73,TreeReachTree01,775,399,-99998,37246,66760,2235.1
STAT,0001B0A8,RockL05,766,521,-9313,-6457,107614,4156.0
STAT,0006F273,MountainTrimSlab,757,624,-12815,14860,145427,6660.7
TREE,000BCF3A,TreeFloraMountainFlower01Purple,756,477,12753,-15512,99736,3627.0
TREE,000B91F0,TreeFloraThistle01,751,413,3905,-21702,94289,2794.7
STAT,00025DA8,RockCliff03,735,542,-1865,3164,123181,5247.8
STAT,00000021,CollisionMarker,734,176,31622,-26497,132748,4400.4
TREE,000B8A74,TreeReachTree02,726,390,-104636,36038,65774,2094.2
TREE,0005FADA,TreeAspen04,719,252,146581,-83533,42347,508.5
STAT,000226BA,RockPileL01,711,498,49512,-37011,125474,4626.8
FLOR,0007EDF6,NordicBarnacleCluster01,704,333,42615,87358,119131,4107.8
TREE,000BB947,TreeFloraTundraCotton01,696,274,-19328,2767,51998,754.3
TREE,000AAE85,TreeTundraShrub07,688,243,-22665,5166,52611,846.5
TREE,000AAE7A,TreeTundraShrub02,685,240,-22221,2037,49146,1252.9
TREE,000BCF3D,TreeFloraMountainFlower01Blue,668,425,19362,-11945,97626,3757.6
STAT,0002695A,RockM01Snow,666,364,67202,35112,85225,4042.9
MSTT,000197C7,FXAmbSnowBlowingPlane,656,459,59729,53450,92733,4205.6
TREE,000B8A70,TreeReachFern03,646,173,-131930,13106,39474,794.9
STAT,0002695E,RockM02Snow,635,352,65955,38974,82093,4163.6
TREE,000BCF3E,TreeFloraMountainFlower02Red,614,366,74697,-48129,109913,3446.8
STAT,00086922,CoastDriftWood01,614,311,19361,87073,123702,3890.7
TREE,000AAE8D,TreeReachShrub01,609,222,-138632,34833,37135,873.1
STAT,00019AF7,RockM03,603,421,-30659,-4586,113659,4243.0
TREE,000AAE75,TreeYellowShrub03,588,308,-1087,-9851,92148,1575.8
STAT,00086929,CoastDriftWood03,588,289,32521,98744,111899,2448.0
FLOR,0007E8C6,SlaughterfishEggNest01,579,323,49422,66719,124951,4663.6
STAT,00020F37,RockPileM02Rocks01,575,354,57645,-35354,126106,4276.1
STAT,0001B0A7,RockM04,563,402,-3933,25630,129675,5304.4
STAT,0003E4AE,TreeTundraDriftWood02,561,359,-11530,42657,110841,3618.0
TREE,000AAE73,TreeYellowShrub01,552,287,59468,-43167,106968,1686.2
STAT,0005C19C,RockPileM02Snow,551,378,59248,29192,84380,3874.6
TREE,000A7312,TreePineShrub03,546,255,35485,-27598,99228,2652.7
TREE,000B8A6F,TreeReachFern02,545,170,-139868,25082,36375,514.7
TREE,000BB94A,TreeFloraCanisRoot01,542,352,80625,-30050,128196,2698.4
CONT,00000845,BarrelFood01,531,187,17052,18328,122527,4449.9
STAT,00000017,PlaneMarker,525,193,-9603,-12112,119100,3754.1
STAT,0002695B,RockL02Snow,524,353,43726,28261,98555,4444.4
FURN,000613A6,PickaxeMiningFloorMarker,522,495,58902,14997,108453,4963.1
STAT,000201F4,MountainCliff02,519,457,-31714,-10929,125393,5844.3
TREE,000AAE87,TreeTundraShrub08,514,203,-20995,10156,56229,743.4
STAT,00000032,COCMarkerHeading,511,511,8635,4629,120958,4799.6
TREE,000A7313,TreePineShrub03Snow,510,262,30106,37740,97562,3731.3
TREE,000B8A65,TreeSwordFernCluster03,505,267,72100,-38607,101267,2603.9
STAT,0002695C,RockL01Snow,500,336,59482,48837,84194,4231.0
STAT,0006021F,SnowDriftM01,496,326,53838,59053,86913,3832.3
ACTI,0006B2FF,critterSpawnPond_Shallow,491,306,-11494,13504,112502,2879.4
STAT,00024F39,RockPileS02Rocks01Snow,490,261,55824,61528,62606,2756.6
ACTI,0010638E,critterSpawnPond_Deep_FishOnly,479,335,21309,113678,106749,3557.8
STAT,000008A7,FenceWoven02,479,49,4279,-11661,101542,2843.1
TREE,000B8A57,TreeReachBush01,477,188,-139888,35191,33873,540.9
TREE,000BCF3C,TreeFloraMountainFlower01Red,468,285,43829,-39283,104120,3095.0
TREE,0001306D,TreePineForest01,458,263,6883,-51993,80367,2579.9
TREE,0001BB3D,TreeFloraLavender01,453,242,-29729,12240,61678,1156.3
ACTI,0002F245,FXcameraAttachEffectsACT,444,423,97830,-16686,95053,3048.2
TREE,000B8A77,TreeReachCliffTree02,440,237,-87958,37096,68500,2005.2
TREE,000BE3E6,TreeGourdCluster01,414,260,130180,-77940,59822,2070.6
STAT,00026960,RockPileS01Snow,402,234,39138,59658,74941,3388.1
ACTI,000C5209,critterSpawnInsects_Many,401,358,-18077,-1757,94803,2709.3
STAT,0001EF47,RockM03Snow,393,233,52315,17900,92534,3250.0
TREE,000AAE7B,TreeTundraShrub03,389,218,-35444,7619,56422,737.9
STAT,00018198,RockS01,387,213,23552,-12481,104109,4098.7
STAT,000AE720,IceFloes01,384,304,66148,128790,96564,1540.6
STAT,0010C0E3,Barrel02Static,381,142,19073,23671,126969,4497.4
STAT,000BB7AC,RockPileS03Snow01Heavy_SN,378,208,41678,50106,70322,2704.3
STAT,0002B903,RockCliff06,374,281,-7840,10364,124350,4706.8
STAT,00060220,SnowDriftM02,372,269,48420,41872,91728,3776.3
STAT,00024BDD,RockPileS01Rocks01,360,197,45768,-12969,119451,3548.4
STAT,000233EF,RockPileM02,356,206,-13477,-13201,101457,3977.8
FURN,000613A7,PickaxeMiningTableMarker,354,341,24973,4241,123701,5155.8
TREE,000B8A59,TreeSwordFernCluster01,353,170,16178,-34986,86083,2076.6
TREE,000BE3E1,TreeFloraSpikyGrass02,352,191,5629,115136,99040,2805.0
TREE,000B8A62,TreeClover01,351,62,-10049,-23455,87905,1702.6
STAT,00018BA6,RockPileS02,350,208,-14475,4302,101062,3486.0
STAT,00024BAD,RockCliff03Snow,345,266,43363,49407,94135,4355.8
TREE,000BB949,TreeFloraJazBay01,344,112,130986,-11815,17831,108.4
STAT,000332C7,RockPileL01TundraRocks,343,234,-34785,9971,52795,882.9
TREE,000B73BC,TreeSwordFern03,343,138,97378,-48807,102691,1600.1
STAT,00032A94,RockPileL01Snow,332,249,45881,33230,107410,4331.2
STAT,00000010,MapMarker,330,330,16661,9413,122625,4819.6
STAT,00029D98,RockCliff04,330,264,7389,-7255,131319,5095.5
TREE,000B8A6A,TreeFallForestFernCluster01,325,92,161375,-97904,35644,423.7
STAT,000196EF,RockPileS01,324,204,-2992,-10898,97580,3265.2
TREE,000BB951,TreeFloraHangingMoss03,319,135,-142200,26427,32805,837.3
TREE,000AAE89,TreeTundraShrub09,317,159,-32048,3935,50820,715.1
STAT,0001C42F,RoadStraight01,309,185,2819,-8482,99819,2750.1
STAT,000201F7,MountainCliff02_HeavySN,308,286,53055,1434,118622,5913.2
STAT,0001814D,RoadChunkS02,307,129,13401,-26717,85467,2683.4
STAT,0001814E,RoadChunkS03,307,122,13608,-32220,86102,2874.8
TREE,000B927E,TreePineForest05Dead,306,125,9090,47968,92154,2150.2
TREE,000B8A6E,TreeReachFern01,306,127,-131490,20424,43654,795.8
TREE,000AAE8B,TreeTundraShrub10,302,121,-26128,7217,49893,680.6
TREE,0009DAA4,TreeVineMaple01,298,150,41984,-33828,129912,2847.7
MSTT,0002BCA7,FXSplashSmallParticlesLong,294,113,5822,-13719,100569,2773.8
MSTT,0002BCA5,FXSplashSmallParticles,290,76,-4041,-12940,103369,1838.9
TREE,000BB94E,TreeFloraDragonsTongue02,290,114,132366,-12375,18526,157.4
STAT,0003B6A3,MountainTrim01_HeavySN,285,234,53922,-5695,108656,5313.9
STAT,0001812A,RoadChunkL01,283,165,-7135,-3906,103691,2712.0
STAT,0002C69B,RoadChunkM02,282,160,-6563,-4399,97875,2859.7
STAT,0006F275,MountainTrimSlab_LightSN,277,254,10969,9021,141989,6477.3
FLOR,00085F83,ClamLarge01,277,160,31556,121332,86892,3415.8
STAT,00028A62,NorTmpExtPlatFloorRaised01,276,54,-67959,6131,117752,2699.6
STAT,000CC75E,IcePileM02,272,107,105713,93671,37759,1191.3
TREE,000AAE7F,TreeTundraShrub04,271,167,-32597,9136,53184,689.4
STAT,0001814C,RoadChunkS01,270,134,8232,-19905,86164,2880.6
STAT,000AF8E0,RockPileS03,269,173,-10535,7548,106638,2691.3
STAT,00026959,RockL03Snow,268,197,46879,33907,94807,3493.2
STAT,00024B9B,RockL05Snow,267,198,34373,30406,92809,3779.5
TREE,000BB94D,TreeFloraDragonsTongue01,267,118,131471,-11910,18050,152.1
STAT,00024E22,RockPileS02Rocks01,263,159,55990,-11432,121223,3526.4
FLOR,00085F82,ClamThin01,261,160,32783,122523,86031,3474.4
STAT,000BB7AD,RockPileS04Snow01Heavy_SN,255,169,37135,41037,78159,3068.6
FLOR,00085F80,Clam01,254,144,17668,116203,100050,3548.1
STAT,00024E8F,RockPileM02FieldGrass01Moss,251,162,-36141,611,44441,604.6
STAT,00030204,MountainTrim01_LightSN,247,203,29894,9151,129593,4492.4
TREE,000BCF33,TreeFloraSnowberry01,239,177,78565,3217,87632,3316.2
TREE,000B73BE,TreeSwordFern04,236,103,77037,-32848,101747,1617.2
TREE,000BCF47,TreeFloraPotatoPlant01,235,28,-10645,1805,115026,3161.9
STAT,0001EF55,RockL04Snow,234,170,34980,24005,96106,3872.7
STAT,0001812D,RoadChunkL02,234,145,3979,-11932,100558,2741.5
STAT,0001812F,RoadChunkL03,231,134,-5134,-12117,92211,2595.3
STAT,0006021E,SnowDriftL02,228,197,62058,45496,91059,3850.6
TREE,000B8A67,TreeSwordFernCluster05,228,119,26548,-33032,79661,1786.6
STAT,00018127,RoadChunkM03,221,138,-5505,-12182,92509,2557.6
STAT,0003F863,RockPileS01TundraRocks,219,136,-38671,13330,49363,625.7
MISC,000319E3,BasicTankard01,219,99,37363,-9381,119104,4250.7
STAT,000201F6,MountainCliff02_LightSN,218,199,-8226,9299,135713,5852.1
STAT,0004DC5C,MountainTrim01ReachGrass01,218,162,-138755,17881,37973,545.1
MSTT,0002F259,FXAmbSnowBlowingSm,217,108,59607,23469,101976,3232.3
TREE,000BCF48,TreeFloraCabbage01,215,22,-3289,-7360,95815,2521.6
TREE,000B927D,TreePineForest04Dead,215,108,18627,37087,95541,1610.2
STAT,0005B506,RockPileL03Snow_HeavySN,213,174,48537,27626,100337,4128.5
STAT,000775FD,MountainTrim01CoastBeach01,212,199,22342,134702,102077,1528.8
STAT,00021E70,RockPileS01FieldGrass01,210,127,-40215,6889,47947,659.2
STAT,000B788A,TreePineForestLog01Blank,208,173,41667,83456,125662,4402.2
FLOR,000B03AF,FloraCreepCluster,207,93,130422,-10624,17264,104.9
STAT,0001814F,RoadChunkS04,206,85,16680,-29519,88641,2545.3
MSTT,0001B37E,FXrapidsFallsLine01,206,89,-20857,2524,113123,1921.8
STAT,00044B86,NorExtRubblePile04,205,73,-38307,-7066,109568,3252.8
STAT,0003F63C,ImpExtWallDivider01,205,36,52280,-34119,106706,1424.2
STAT,0006F274,MountainTrimSlab_HeavySN,204,184,56798,24896,112225,5012.8
STAT,000658FD,RockS03Snow,204,64,64552,50302,81722,2621.7
TREE,000B8A6B,TreeFallForestFernCluster02,204,108,109709,-83274,81607,947.3
STAT,000BB8BC,RockL01Wet,203,131,29956,23571,118018,4139.8
STAT,000008A6,FenceWoven01,202,33,41039,-12105,119107,2668.3
STAT,0000099E,StonewallEndL01,202,59,14467,-6957,113528,2865.0
STAT,000009A0,StonewallEndR01,201,57,16067,-6674,114323,2861.9
TREE,000B927B,TreePineForest02Dead,201,107,8177,40133,92154,2204.2
MISC,00012FDF,Bucket01,198,140,26370,-6469,119116,4066.4
STAT,000B0106,RockPileS04,196,157,-11790,2345,110604,3326.1
TREE,000BB950,TreeFloraHangingMoss02,191,113,-135552,17587,40899,836.1
MSTT,00077773,FXMistLow01HalfVis,190,146,14042,-4047,118596,4117.5
ACTI,0006B44D,critterSpawnPond_Deep,190,138,12145,25796,146247,4264.5
STAT,00050385,MountainCliffSm01,188,178,-18913,4637,132549,5387.8
STAT,0001EF3B,RockCliff02Snow01,187,169,31674,38209,113816,3978.0
STAT,0009D4F6,IcicleBigSingle01,186,70,90724,37188,96063,3088.0
STAT,00052FB3,RockPileM02PineForest02,185,126,3588,-27995,105530,1959.3
STAT,00018145,RoadChunkM04,184,119,-10634,-247,96449,2507.7
STAT,000A6F9B,IcicleSmallSingle,183,80,65575,22201,102362,3392.3
ALCH,0006A07E,DummyPotion,182,101,5654,8213,126266,3920.9
STAT,000BB8BD,RockL02Wet,182,115,38285,12264,112374,3930.6
SOUN,000B601E,AMBWaterfallRapidsMedium,175,106,-29825,1716,106368,2093.4
FLOR,00108EE2,TreeReachTreeStump01MoraTapinella,174,148,-55324,47459,108960,2763.8
TREE,000B8A75,TreeReachTreeStump01,174,148,-55324,47459,108960,2763.8
STAT,0005AD48,MineScaffoldFreeRopeEnd01,174,29,21352,2063,107414,2977.5
STAT,00041B8E,RockPileM02ReachGrass01,174,110,-139554,33833,42906,1273.3
FURN,0001E595,DragonPerchTower,173,103,3481,14770,107651,3525.7
TXST,00027D51,DecalBloodSprayGroundSmall,169,81,6535,86,118910,3869.2
STAT,0009D4BC,IcicleBigClump,167,74,89207,23010,99618,3077.4
TREE,0005C072,TreePineForestSnow01,166,123,22874,39212,128312,3946.7
STAT,0009704B,RockPileM02TundraRocks01,166,61,-66750,38096,36399,531.0
STAT,0004CCD8,MountainTrim02_HeavySN,164,156,39826,17562,120069,4951.7
STAT,000533C0,StockadeScaffoldTop0Sided01,163,49,31472,-28104,125415,3012.6
STAT,0001EF4C,RockPileS01Rocks01SnowLight,162,115,74987,29177,93115,3371.6
STAT,000B2417,RockPileM02CoastBeach01,161,103,-37830,122244,91982,1158.1
TREE,000BB952,TreeFloraLeek01,160,21,15427,12432,110974,2519.5
STAT,0005B508,RockPileL01SnowSnow,160,120,56367,44026,80337,2243.5
STAT,000B353E,RockPileS04Rocks01,159,113,-800,-338,120551,3150.5
TREE,000B8A68,TreeSwordFernCluster06,158,89,27440,-32276,86823,1826.6
STAT,0006EBCD,TreeAspenStump01,157,121,132987,-84397,40113,441.9
ACTI,00080C32,CWCatapultStrikeSpawner,156,33,19517,4815,129182,2083.6
STAT,000B788B,TreePineForestLog02Blank,156,131,42963,94297,124943,4190.5
ACTI,000E1FB2,TreeFloraNirnroot01,155,135,-33953,42211,127248,4332.1
MSTT,000A846A,FXDrips01_More_Wider,155,52,96726,95362,32644,427.0
TREE,000B927C,TreePineForest03Dead,154,75,-10876,50619,81326,2174.3
STAT,00024D15,RockCliff06Snow,153,125,56473,34644,100204,3789.7
TREE,000BE3E0,TreeFloraSpikyGrass01,153,87,-30302,113598,88489,3031.0
STAT,000C4AC4,TreePineForestLogSm01,152,126,14651,-5597,114652,4128.3
TREE,000AAE79,TreeTundraShrub01,152,82,116,-7225,68619,1007.2
MSTT,000B15E4,FXMotesForest01,152,81,58544,-36981,93235,2053.0
LIGH,000AF8BA,LightCampFire01,151,142,16277,4653,123929,4478.9
STAT,0003F96F,ImpExtBldgMid01,150,26,51765,-38190,109178,2133.6
STAT,0003A2BD,TundraScrub02,149,101,20565,-9505,82519,1509.7
STAT,00043321,MountainPeak01_HeavySN,149,142,27860,-20962,139101,6184.4
STAT,0002C698,RoadChunkM01,149,99,-12138,-2374,99935,3107.1
STAT,00055036,MountainTrim01PineForest02,149,131,8062,-10323,114720,2375.4
STAT,0002D847,CandleLanternwithCandle01,147,108,22749,21045,128608,4272.6
STAT,000A6F92,IcicleSmallClump,146,79,79025,29013,97573,3370.2
STAT,00056B0F,RockPileS01ReachDirt01,145,89,-136926,16472,40973,470.5
STAT,0006021D,SnowDriftL01,144,127,46767,31633,100543,3491.8
TREE,000B73BA,TreeSwordFern02,144,66,24788,-1961,90965,1220.7
STAT,00024BC5,RockCliff01Snow01_HeavySN,143,118,19605,21293,110760,3684.8
STAT,0001E93E,RoadCurveLong45R01,143,125,-922,-7755,99512,2476.1
TREE,000BB94F,TreeFloraHangingMoss01,142,69,-124819,24581,52803,1234.4
STAT,0003F957,ImpExtRubble04,141,53,29260,-36156,113183,2702.2
STAT,000B353D,RockPileS03Rocks01,140,99,11806,-6747,132704,3424.3
TREE,000B73C2,TreeSwordFern06,139,53,45387,-12571,71201,1035.6
STAT,00070E3E,TreeAspenLog01,139,115,130871,-81071,41675,443.6
STAT,00028A64,NorTmpExtPlatFloorRaised01Snow,138,35,12805,-4319,108611,3170.7
STAT,0005B7DF,RockCliff07PineForest02,138,112,-35801,-8653,99601,2080.1
FLOR,0007E8B8,FloraSwampFungalPod01,136,42,-41204,78411,13457,63.8
FLOR,0007E8C2,FloraGiantLichen,136,37,-37964,77742,12828,51.4
ACTI,0004A5EE,WETrigger,135,134,6376,9971,125458,4052.4
FURN,000AA934,DragonPerchRockL02,134,90,7812,-9137,107852,3162.9
STAT,00024C94,RockCliff04Snow,134,118,27276,29421,112380,3952.5
STAT,00020F27,RockPileM02Rocks01Snow,134,81,24596,15467,109165,3911.3
STAT,0003A2BC,TundraScrub01,132,90,-16075,3318,63957,944.4
TREE,000B73B8,TreeSwordFern01,132,64,45456,-15894,80675,1240.1
STAT,0004195C,MountainTrim01ReachDirt01,132,100,-141407,34377,28862,367.1
STAT,00039224,RockTundraLand01Tundra01,131,99,-36821,-587,49704,493.8
STAT,0003F95C,ImpExtRubble03,131,46,27968,-34254,102803,1973.2
STAT,0009E126,RockPileS01VolcanicDirt01,131,64,125329,-11005,17721,86.9
FURN,00052FF5,WallLeanMarker,130,86,24076,8523,125108,4120.1
STAT,000800E2,NorTentSmall,130,58,15708,-4691,123884,3437.0
STAT,0001EF89,RockPileM01Rocks01,130,106,80571,-39986,108003,3303.2
STAT,000B7889,TreePineForestCutStump02,130,42,23217,-50488,115950,1934.0
FLOR,0007E8C9,BirdsNest,129,89,-103677,-1385,81957,2606.2
TREE,000B8A66,TreeSwordFernCluster04,129,84,44340,-24548,83483,1742.5
STAT,00045AB4,MountainPeak01,128,120,-25018,-18253,114737,3833.9
ACTI,00073EDE,CWThreatTrigger,128,40,5889,24857,118849,3016.0
STAT,000398A8,RockPileS02TundraRocks01,128,63,-51346,13584,43585,673.1
FLOR,00023CFF,BirdsNest02,127,79,43695,-43559,126445,3759.1
STAT,00054CE8,TreePineForestLog01Heavy_SN,126,120,57542,36885,81240,3393.3
STAT,000F1FF1,IcePileS04,126,65,97160,99083,25352,180.4
MSTT,0001CCBC,FXrapidsBig01,126,95,-19299,7074,120935,3344.6
STAT,00013251,TreePineForestStump01,125,110,14641,-19541,105360,2995.0
STAT,0005AD40,ImpExtFloorChunk01,125,35,45562,-24622,99406,2219.3
MSTT,000D11EE,FXLargeSplashChurnWater,124,69,84794,-13898,91039,2429.0
STAT,00019B13,HayMound01,123,65,24255,-2596,118693,3428.7
STAT,00092217,IceFloesSolid02,123,112,94697,120892,86703,1239.0
STAT,000CD0F1,TreePineForestLogSm01_HeavySN,123,86,78344,52764,38750,412.6
MSTT,00073CC1,BoneDeerSkull,122,90,53798,-17375,117125,3908.2
STAT,000B2418,RockPileS01CoastBeach01,122,73,-47156,120395,87708,441.1
STAT,0001C435,RoadStraight02,122,97,-854,1252,101481,2628.5
CONT,00097F54,MiscSackLarge,121,67,17285,15986,120300,3839.4
MSTT,000C2BFE,ShipwreckBoards03,121,15,51120,113674,101472,433.9
STAT,00054C32,RockCliff02PineForest02,121,100,-41670,13705,110159,2013.7
TREE,000B73C0,TreeSwordFern05,120,49,52325,-18584,66681,781.8
TXST,0008B1F6,DecalBloodSprayGroundMedium,119,58,-24719,15817,121590,3817.8
STAT,0003925C,RockTundraLand02FieldGrass01,119,115,-32428,3211,48236,623.7
STAT,000185B2,FirewoodPileLarge01,119,73,-3278,-24393,109432,3791.6
STAT,0003ABE3,RockPileL04TundraRocks01,119,111,-36736,2410,50902,637.8
STAT,00060222,SnowDriftL03,118,109,46155,43663,93498,3607.2
STAT,000BB8BF,RockL04Wet,118,86,24756,20149,118810,3729.2
STAT,00030434,CW2MissileCloseDefender,116,37,7134,22250,112797,3064.3
LIGH,00088238,DefaultCandleLight01NS,116,80,4803,20319,128218,3861.7
STAT,0005C19B,RockM04Snow,116,85,56763,35915,78121,2242.9
STAT,0003F959,ImpExtRubble06,116,44,8748,-22987,110262,2272.9
STAT,0003F201,ImpExtWall01,115,29,14014,-34184,102697,1887.7
IDLM,0008F17B,IdleFarmingMarker,114,36,49212,-23920,113064,3189.1
MSTT,0001B368,FxRapidsRingHeavy,114,96,-39968,-1260,106048,2957.3
MSTT,00073CBE,BoneDeerSkullHorned,113,81,42866,-18206,119828,3499.5
STAT,00026FD2,NorTmpExtPlatCorOut01Snow,113,44,-4390,16624,84060,3078.7
STAT,0004E78F,RockPileM02ReachMoss01,113,64,-142583,19841,36638,378.5
TREE,000E9625,TreeReachMntMossCover04,112,63,-129101,39349,22119,158.4
STAT,00027D1D,MountainCliff04,111,106,-2031,12652,145221,5062.5
STAT,0002695D,RockS01Snow,111,65,61588,6922,95823,2988.1
STAT,00030432,CW1MissileCloseDefender,110,38,6705,23951,115648,3078.7
STAT,0003ACCB,RockCliff02FieldGrass01,110,92,-39328,12451,55720,680.2
STAT,00013250,TreePineForestLog01,110,105,-13607,-17108,111740,3240.3
FURN,000A4AD6,FarmBench01F,109,66,-10005,17465,111147,3699.6
IDLM,000A2BBF,BrowseIdleMarker,109,48,1093,15089,113492,3335.5
FLOR,000EC7E7,TreePineForestStump01MoraTapinella,109,97,11066,-19493,110649,3003.6
STAT,00073CE6,BoneMammothRibsBroken,109,69,26464,-5506,97101,3834.7
STAT,0005A835,StockadePike01,109,27,-10399,-37513,118029,2065.8
STAT,00064EC6,RockPileL02Snow01Heavy_SN,109,102,43728,48385,84336,2288.9
STAT,0006F768,ImpExtIceBldgMid01,108,17,44741,36315,85224,1907.6
FLOR,000ECE21,TreePineForestLog01MoraTapinella,108,103,-18514,-16156,110753,3240.3
SOUN,0002246F,AMBWindloopMountainsALP,108,103,15569,-8721,125875,4515.2
STAT,00030419,CW5MeleeWideAttacker,107,35,23404,29160,115943,3162.5
STAT,00019B19,HayScatter05,107,58,25168,9704,124917,4099.2
STAT,00044B87,NorExtRubblePile05,107,71,-31110,313,120672,3877.6
STAT,0002EDA0,RockPileL03Rocks01,107,87,103631,-51239,99883,2966.8
FURN,0003B3CD,Bedroll01F,106,55,25616,5045,114288,3388.8
MSTT,0003E6A7,BoneHumanBloodyBone,106,31,13027,11161,127972,2978.0
TXST,00018EDE,DecalBloodSprayGroundMediumSmall,105,56,22153,2616,123650,3699.9
TXST,0001F828,DecalBloodSprayGround,105,35,-6029,27776,99501,3249.6
STAT,000E7593,FrozenMarshIceFloeChunkS03,105,39,-30635,95768,29441,261.1
AMMO,0001397D,IronArrow,104,30,-13844,-7431,100881,2822.0
STAT,00024C61,RockPileL02Rocks01,103,82,90638,-45647,100314,2737.4
STAT,0004F8F6,ShipWoodBeamStraight01,103,7,8187,115331,78876,451.8
CONT,0003AC21,TreasBanditChest,102,91,10574,7802,116210,4077.7
STAT,0003042F,CW5MeleeWideDefender,102,31,24589,33407,116652,3165.1
STAT,0005D041,TreePineForestStump01Snow,102,96,30070,45461,93745,3771.5
IDLM,0004240B,WarmHandsIdleMarker,101,67,-89,7294,116174,3568.8
MISC,00031941,BasicWoodenPlate01,101,56,33030,-4893,117822,3395.8
STAT,000B242A,RoadStraight01Snow,101,62,32025,44892,105335,2618.5
FLOR,0006F94D,TreeAspenStump01ScalyPholiota,101,79,132975,-84769,39597,390.8
STAT,0003ABE0,RockPileL03TundraRocks01,100,88,-14052,12105,56500,584.1
STAT,00024E4A,RockPileL03FieldGrass01Moss,100,93,-22378,2347,50859,669.6
STAT,0001AE15,StockadeWallStraight01,100,27,-37155,-13953,118405,2362.3
STAT,00027D1F,MountainCliff03,100,92,-8129,13480,141754,5666.7
STAT,0001EF52,RockPileL01SnowLight,100,77,48086,-18162,111355,4169.7
STAT,0003F95B,ImpExtRubble02,100,40,40450,-32317,107183,1974.2
LIGH,000C9F38,LightTorchOutdoors,99,76,-5224,-9952,118419,3936.3
STAT,0009E127,RockPileS02VolcanicDirt01,99,54,126923,-7927,17216,83.1
STAT,000136E8,TreePineForestLog02,98,91,13213,-18159,114802,2833.9
STAT,00060093,TreePineForestLog02Heavy_SN,98,92,12557,56120,102153,3669.5
STAT,000533D3,StockadeWoodbeamShort01,98,17,100668,-74290,106103,2981.0
STAT,0003043D,CW4MissileCloseDefender,97,36,11785,29518,113640,3087.9
STAT,00030420,CW2MissileCloseAttacker,97,36,4769,28425,114204,3044.7
STAT,00026F7B,NorTmpExtPlatCorOut01,97,37,-68510,2747,95404,1642.2
STAT,000145C4,TreePineForestCutStump01,97,58,1875,-41210,85608,1906.5
STAT,000B23FD,RockPileL02CoastBeach01,97,87,-22449,123917,111410,1535.0
MSTT,0001ACAD,FXWaterfallMistBlastLite,97,58,-57200,8451,109614,2630.4
STAT,0007104C,MountainCliffSlopeReachGrass01,97,88,-132062,17306,43225,501.8
STAT,00030415,CW3MeleeWideAttacker,96,34,17132,23757,115900,3115.4
STAT,0003103A,HayMound02,96,53,-13404,9264,115116,3745.7
STAT,0001CF9F,RockCliff01,96,89,12944,-27486,119280,3835.2
STAT,000533B8,StockadeScaffoldBase4Sided01,96,16,93924,-71957,92495,1639.0
STAT,0003925F,RockTundraLand03FieldGrass01,95,90,-33655,5190,50583,641.7
STAT,000F1FDE,IcePileL01Snow01,95,68,108013,96328,37173,462.0
STAT,0004E121,RockCliff02ReachGrass01Rocks01,95,79,-130468,-1147,37045,373.5
DOOR,00031897,AutoLoadDoor01,94,94,16208,7402,120749,4387.6
STAT,0003043F,CW5MissileCloseDefender,94,27,11724,32635,116991,3102.7
STAT,0005B541,RockCliff07SnowSnow,94,85,36887,-9328,100892,2793.9
MSTT,0001C0C3,HandCart01Wheel,94,80,23295,-16075,119235,3477.1
MSTT,000B09ED,FXSmokeChimney02,94,72,28548,-12315,129221,4028.6
STAT,000F1FF0,IcePileS03,94,55,101216,101518,27341,267.3
STAT,0005392E,RockPileM02ReachDirt01,94,65,-141445,23929,36471,449.1
MSTT,00033DA4,FXfireWithEmbersHeavy,93,70,1336,-298,120967,4037.8
STAT,000A98F8,IcebergSmall02,93,78,86858,121370,98246,1209.6
TREE,000BB94B,TreeFloraDeathBell01,93,52,-43034,77123,40582,610.8
STAT,00030417,CW4MeleeWideAttacker,92,32,29826,19391,116335,3150.6
STAT,00026F7D,NorTmpExtPlatWall01,92,32,-89811,-4458,117414,1539.8
STAT,0003041D,CW5SpawnDefender,92,34,18227,18756,118886,3208.7
STAT,000BB8C0,RockL05Wet,92,69,60234,9328,120622,3695.2
STAT,0003041B,CW3SpawnDefender,91,40,18212,18158,118334,3191.6
CONT,00097F68,MiscSack02LargeFlat,91,47,-6353,31629,121933,3961.5
STAT,000A98EE,IcebergSmall01,91,82,88101,122562,85897,1277.9
STAT,0005B7E3,DirtCliffsIsland01PineForest02,91,74,-16098,-10825,115150,2038.1
STAT,0005092B,DirtCliffsCornerInFallForest01,91,82,137585,-88996,37756,371.3
STAT,0003041C,CW4SpawnDefender,90,37,20028,16863,118614,3190.5
STAT,0003041A,CW2SpawnDefender,90,41,18981,17136,118037,3152.8
STAT,00030407,CW4SpawnAttacker,90,42,19370,16761,118138,3149.6
STAT,00039231,RockTundraLand01TundraRocks01,90,70,-1349,7995,61150,910.3
STAT,00030405,CW2SpawnAttacker,90,44,18400,16137,117078,3122.2
STAT,00030406,CW3SpawnAttacker,90,45,18936,16907,117829,3136.9
STAT,00030408,CW5SpawnAttacker,90,38,19889,17326,118584,3194.9
STAT,00030409,CW1SpawnDefender,90,41,18914,17046,118042,3158.3
STAT,0005B56A,RockCliff03SnowLight,90,71,17685,16914,117124,3858.9
STAT,00030404,CW1SpawnAttacker,90,27,19171,15185,116249,3041.4
TXST,000C1D83,DecalBloodSprayGroundDry,89,37,39310,-9274,132677,3391.5
IDLM,00016C95,LookFarMarker,89,48,-23318,6431,118292,3493.5
FURN,000C4EF1,LeanTableMarker,89,31,13367,14063,113823,3472.1
TXST,0009027A,DecalFlameBurnPlaced01,89,18,57577,-44408,144824,2981.7
STAT,00030426,CW5MissileCloseAttacker,89,32,12687,36424,117427,3093.3
STAT,0003AAE6,RockPileM01FieldGrass01,89,79,-23116,9650,51989,632.7
STAT,000BB8BE,RockL03Wet,89,73,5290,25828,114911,3520.7
MSTT,000D5E82,FXSmokeLargeClose01,88,33,18783,-20575,103882,2482.0
STAT,0005092A,MountainCliffSlopeFallForestGrass01,88,76,129870,-82994,42564,463.6
STAT,0003043C,CW3MissileCloseDefender,87,31,3168,25186,114799,3077.7
STAT,000E7594,FrozenMarshIceFloeFrostS01,87,32,-19386,91566,55069,339.2
FLOR,000176CD,DeadSalmon01,86,34,47449,8362,117767,3589.6
STAT,0006F15D,StonewallEndL01Snow,86,22,19388,37022,94409,1844.5
STAT,0006F15C,StonewallEndR01Snow,86,20,21372,36713,95768,1845.9
MISC,0000000F,Gold001,86,24,33420,-27923,132028,3374.2
MSTT,000C2BFD,ShipwreckBoards02,86,13,85695,108831,84271,435.8
STAT,000669D7,RoadChunkS02FallForestDirt01,86,34,116689,-80368,32155,249.7
STAT,0003042E,CW4MeleeWideDefender,85,33,21706,24239,116255,3153.6
STAT,000185B5,FirewoodPileMedium01,85,59,15309,-25930,113294,3548.5
STAT,0001E3A3,MeadBarrel01,85,60,9508,19306,117050,4041.2
STAT,00045AB5,MountainPeak01_LightSN,85,83,-4379,-12571,137294,5305.4
STAT,0000099B,Stonewall01,85,36,8604,-10600,114634,2797.4
MSTT,000AF5FC,BoneHumanSkull,85,37,17562,-2764,112051,3206.1
TREE,000BB953,TreeFloraWheat01,84,14,64314,1543,105212,1685.4
STAT,00027DDC,MountainCliff04_HeavySN,84,84,55649,-16362,113982,4525.0
STAT,0006B52B,MountainCliffSlopeSnow01_HeavySN,84,80,53073,42286,87937,3134.0
STAT,0005B884,RockPileM01PineForest02,84,67,-3742,-22762,105353,1945.8
STAT,00027DDA,MountainCliff03_HeavySN,83,82,45300,-453,109953,4773.2
STAT,0008CCFE,IceFloesSolid01,83,74,93797,126775,80448,1192.2
STAT,000B5994,RockPileS04Rocks01Snow,83,58,93280,61143,72950,2745.7
MSTT,0001ACAC,FXWaterfallSkirtSlope,83,60,-22845,4338,107531,1853.6
STAT,0005304B,MountainRidge02,83,80,-56240,9765,127590,3497.8
STAT,00030424,CW4MissileCloseAttacker,82,31,1701,36137,113876,3081.2
STAT,000609E0,NorExtWallBgDivider01snow,82,35,68243,13095,114224,1717.7
STAT,000E7592,FrozenMarshIceFloeChunkS02,82,36,-23893,94464,47488,481.6
STAT,000485BF,MountainCliff01,82,82,-24481,18841,138043,4740.5
STAT,000669D5,RoadChunkL01FallForestDirt01,82,39,127366,-87729,39595,293.8
MISC,0003199A,BasicWoodenBowl01,81,52,4559,4525,121272,3727.0
STAT,0006F75C,ImpExtIceWallDivider01,81,24,-17845,69586,102830,1648.7
STAT,00020F11,RockPileL04Snow01,81,65,55263,17962,95130,3264.8
MSTT,0007776E,FXMistLow01LongHalfVis,81,65,-20508,40971,96390,3007.2
ACTI,0004C6EA,defaultWICommentTRIG,80,80,10939,5341,133740,4263.7
ACTI,000812C6,CWArrowVolleyChild,80,10,17447,-13782,128363,1424.9
STAT,0005B198,HayBale01,80,40,36072,-20414,126841,3114.2
TREE,0005D2DB,TreePineForestSnowL01,80,65,17176,-12121,123204,2735.3
STAT,00026FD9,NorTmpExtPlatWall01Snow,80,30,15983,-18159,103672,2605.3
STAT,0003F972,ImpExtBldgStraight01,80,24,-11434,-16888,109631,2036.7
STAT,00050DC0,MountainCliffSm01_HeavySN,79,78,54603,35205,103409,3968.6
MSTT,000C2BFC,ShipwreckBoards01,79,12,52659,113827,97221,432.1
MSTT,00016D4B,FXSteamCrack,79,39,132728,-13700,16307,81.2
FLOR,00070E42,TreeAspenLog01ScalyPholiota,79,70,133922,-85419,41415,418.3
STAT,000669D4,RoadChunkL02FallForestDirt01,79,35,129294,-81348,36969,251.6
STAT,0003042C,CW3MeleeWideDefender,78,29,17283,24210,117485,3114.5
STAT,0003ACD3,DirtCliffs03FieldGrass01,78,64,-52240,4955,43743,497.6
STAT,00028A6F,NorTmpExtStairsFree01Snow,78,26,31511,40070,111434,2498.0
STAT,000E7591,FrozenMarshIceFloeChunkS01,78,37,-10480,88890,64130,347.5
TREE,000B8A6C,TreeFallForestFernCluster03,78,50,159648,-90019,39333,418.1
STAT,00046031,MountainPeak02_HeavySN,77,74,38209,-40467,138048,5528.5
MSTT,0001B37D,FXRapids,77,59,2810,-8456,89139,2096.8
FLOR,00108E38,FXAmbWaterSalmon01A,77,40,18350,54,114727,3100.7
MSTT,0007776F,FXMistLow01Long,76,62,-647,33092,101702,2449.7
STAT,00061434,NorExtRubblePile04_HeavySN,76,45,28287,33990,102023,3423.6
STAT,00060820,MountainTrim01Rocks01,76,71,49493,-34408,125063,3652.8
TREE,000E9623,TreeReachMntMossCover02,76,53,-130590,43064,22353,190.2
STAT,0003554E,RockShelf01FieldGrass01,75,66,-44040,38,46340,473.0
STAT,0006A8C6,MountainTrim02ReachGrass01,75,71,-138255,18959,40544,394.8
SOUN,000DB6E1,AMBWaterCoastWavesLP,74,72,-14685,127207,99089,1448.3
ACTI,0010D05B,MineOreIron01_LRocks,73,73,40558,-14156,100296,3074.7
SOUN,0008F95E,AMBWindloopMountainsHills01LP,73,72,-15722,-2813,131751,3678.0
STAT,0005304E,MountainRidge02_Heavy_SN,72,72,25400,-46682,143692,5148.7
STAT,0009D51F,IcicleBigStrip,72,43,78405,5880,95431,2501.0
STAT,000E370D,MountainTrim01CoastOceanFloor01,72,69,19601,131895,92121,1424.8
TREE,000AAE83,TreeTundraShrub06,72,57,-28363,15620,68610,629.8
STAT,0003F986,ImpExtBlocks05,72,25,40805,-33473,99325,1839.9
STAT,0004DC57,RockCliff07ReachGrass01,72,68,-122892,6314,45040,464.1
STAT,0003040E,CW1MeleeWideAttacker,71,21,38862,17357,111145,3027.4
STAT,0007A603,CrateSmall01,71,53,845,25367,114401,3166.2
MSTT,0001C756,FXrapidsRocks01,71,52,-20363,8204,88622,1594.2
STAT,000EF0D7,StockadeScaffoldBase0Sided01,70,29,29809,-20170,116083,2090.3
STAT,00024E7B,RockPileL02FieldGrass01Moss,70,67,-31213,1473,43243,602.8
STAT,000B241A,RockPileS03CoastBeach01,70,50,33542,112849,72653,800.5
STAT,0003F958,ImpExtRubble05,70,30,26166,-27420,110822,1958.7
STAT,00024E48,DirtCliffs01FieldGrass01,70,68,-49240,-1873,38425,449.6
STAT,000FC85F,FXWaterfallBodySlope_static,70,45,-5205,-3777,108244,1777.8
STAT,0003041E,CW1MissileCloseAttacker,69,18,17936,22715,106707,2541.3
STAT,000C2C15,CrateSmall01Weathered,69,38,35299,56379,120145,3613.3
STAT,00044B83,NorExtRubblePile01,69,43,-38292,-6874,98793,3147.2
STAT,0007F949,SnowDriftSm02,69,28,4906,57212,106914,2342.1
SOUN,0002B95D,AMBWaterfallMediumLP,69,59,-30123,396,117576,2445.2
ACTI,00094CA4,ClearSkyFogFX512,69,7,63462,-46941,4663,4.7
FLOR,001062D1,ChickenNest,68,39,31699,-4130,127374,3179.0
STAT,00030422,CW3MissileCloseAttacker,68,27,659,23688,115863,3045.1
STAT,00030413,CW2MeleeWideAttacker,68,26,15469,13549,113918,3090.3
STAT,0006EAA9,WRFenceBase64Ramp01,68,11,23840,-12988,8962,22.7
FLOR,000176B2,DeadSalmon02,68,33,64894,7674,111218,3589.0
MSTT,00033DA9,FXfireWithEmbersLight,68,41,21326,-27446,145571,3330.4
STAT,00031038,HayMoundL01,68,31,-61342,-3238,119893,2553.0
STAT,000A545F,IcebergLarge,68,65,89474,131385,100826,1376.5
STAT,00052EE9,MountainTrim02PineForest02,68,64,16376,-20315,115448,1909.0
STAT,000FC85E,FXWaterfallBodyTall_static,68,51,-45531,7053,111618,1739.2
STAT,00041B8C,RockPileM01ReachGrass01,68,53,-142966,36156,31706,337.1
FURN,0006411B,InvisibleChairMarker,67,37,14003,20467,119799,3242.1
STAT,0003AB67,RockCliff07FieldGrass01,67,55,-26697,4245,57061,646.0
STAT,0003F974,ImpExtBldgStraight03,67,21,49269,-45338,95896,1749.3
SOUN,000B60E1,AMBWaterfallMedium2DLP,67,59,-21208,3471,119255,2630.4
ACTI,00048AC0,defaultActivateSelfTRIG,66,48,-1453,3309,113680,3296.0
FURN,0003B3CE,Bedroll01L,66,53,21662,13558,119559,3929.7
MISC,000318EC,Lantern01,66,45,28370,602,129711,3884.4
STAT,0003ACCD,RockCliff08FieldGrass01,66,59,-49079,10771,55852,985.6
STAT,000B2415,RoadChunkL01Snow,66,50,48990,42249,104093,2499.0
STAT,0003F95A,ImpExtRubble01,66,41,40720,-35194,104561,1963.8
MSTT,0002BCAB,FXWaterfallThin512x128,66,37,15104,-19368,108126,2856.9
DOOR,00029CB0,FarmhouseLDoor01,65,35,9054,13862,108337,2726.6
STAT,0006E06B,MountainCliffSlopeFieldGrass01,65,58,-45107,19229,61652,652.1
STAT,00044B88,NorExtRubblePile06,65,46,-37153,8793,100280,3048.9
STAT,00026FD0,NorTempleExteriorRibFree07Snow,65,41,8042,44296,92768,2216.6
STAT,00052B86,MineralPoolSm01,65,33,128753,-14498,16239,65.2
STAT,0001BFB0,RockPileM01FieldGrass01Moss,65,59,-46512,-7330,40404,363.5
FURN,000727A1,CraftingTanningRackMarker,64,59,13809,-14592,121933,3785.9
FURN,0007022E,WoodChoppingBlock,64,60,22410,4897,118448,3715.8
STAT,00027007,RoadCurve90R01,64,55,10005,-11074,98917,2127.2
STAT,000CC760,IcePileL03,64,49,103289,89326,29891,205.3
ACTI,00074C8C,TrapFallingRockSm01_Rock,64,5,14671,27053,115306,1612.5
STAT,0003F93C,ImpExtStairs02,64,21,12506,-10382,106540,1706.1
IDLM,00064106,SweepIdleMarker,63,31,10306,-14201,128321,3084.1
MSTT,00035F49,Campfire01Burning,63,59,25033,3784,130539,4041.5
STAT,0002F5A0,FXcobwebCorner01,63,26,-12130,-16466,109370,2800.8
MSTT,000AF5F2,BoneHumanArmL,63,34,27868,-7715,106862,3124.4
STAT,0004CCD7,MountainTrim02_LightSN,63,61,7819,-7020,131729,3943.1
TREE,000C43B0,TreeFloraNightshade01,63,41,-3315,-21814,113105,3281.4
STAT,000368B8,RuinsFloorCandleLampSmallOn,63,33,14117,9675,130007,3706.8
SOUN,000B6098,AMBWaterfallRapidsMedium2D,63,59,-20922,-12127,111769,2592.8
STAT,00050DC1,MountainCliffSm01_LightSN,63,60,11069,5913,121458,4647.9
TREE,000BB94C,TreeFloraDeathBell02,63,46,-47478,81605,15121,84.6
STAT,0001AE13,StockadeStairs01,62,38,20114,-18251,126176,2955.7
STAT,00044B89,NorExtRubblePile07,62,44,-50509,-4781,101958,2976.5
MSTT,0003E69E,BoneHumanBloodyLeg,62,30,40723,-6014,128109,3936.9
STAT,00060223,SnowDriftL04,62,50,55846,27448,114186,3260.1
STAT,0001DA55,RoadSCurveR01,62,56,11940,-13363,94440,2002.1
STAT,00061477,MountainTrim02RiverBottom01,62,60,11120,112877,124995,3108.7
MSTT,00077772,FXMistLow01,62,50,-84,44459,109847,3250.7
STAT,0006EAAB,WRFenceBaseStr01,62,11,25878,-13403,8523,13.9
MSTT,00030B39,FXSteamBillow,62,31,132086,-17879,14038,60.9
ACTI,000E717D,Water1024RiverFlowNE,61,29,-54104,18951,115680,1081.0
STAT,00026F77,NorTmpExtPlatMid01,61,22,-75531,-2776,118931,1802.7
MSTT,000B09E4,FXSmokeChimney01,61,54,17617,-9508,117459,2869.1
STAT,0006081F,MountainTrim02Rocks01,61,56,61824,-44558,114257,3331.1
STAT,00019B1A,HayScatter06,61,39,44461,11516,128654,3974.5
STAT,0003DE44,ExteriorWoodenTable01,61,53,-18111,-2244,123707,3161.7
STAT,00027DDB,MountainCliff04_LightSN,61,61,8478,-10902,125365,4658.9
STAT,0001EF59,RockCliff02Rocks01SnowLight,61,50,-1525,4483,110621,2499.4
STAT,00054C92,RockCliff01PineForest02,61,52,-61826,8322,87383,1495.7
STAT,0003925D,RockTundraLand02Tundra01,60,59,-7378,6995,48920,515.5
STAT,000C2C05,CrateSmall03Weathered,60,38,37385,42446,129334,4109.5
STAT,0006E1EC,MountainTrim01SnowRocks01_LightSN,60,55,2651,13911,139521,3962.3
STAT,000984A5,NorHitchPost02Snow,60,19,28523,-28360,107151,1068.4
STAT,00060D86,GlacierEndLg01,60,59,100631,104193,63951,865.5
STAT,0005B810,RockPileL02PineForest02,60,56,32157,-10737,124864,1978.7
STAT,000185B6,FirewoodPileSmall01,59,45,-4715,-23975,108506,3033.0
STAT,0005CCDD,ShackRoofSide01,59,22,-5492,-13862,104092,2092.8
STAT,000774BC,RockCliff08Snow_HeavySN,59,56,44218,59744,86882,2188.2
STAT,000992B3,RockPileS01Tundra01,59,43,-22143,3613,50155,562.9
STAT,0005E3F2,GlacierTrim01_LightSN,59,46,108602,101454,57529,666.2
MSTT,00103966,FXLargeSplashChurn,59,36,28938,-2917,99001,1823.3
FURN,0006E9C2,CraftingBlacksmithSharpeningWheel,58,57,15391,7591,116901,3247.7
FURN,00070EA1,RailLeanMarker,58,37,10970,18314,110055,2851.6
STAT,00040B0B,ImpExtWall05,58,25,26894,-19181,113901,1669.0
STAT,00073CE5,BoneMammothRibs,58,43,37500,-675,92187,1989.7
MSTT,00043F4B,TundraStreamTransition01,58,37,-12721,-12066,67882,1228.0
STAT,0006EAB9,WRFenceBaseEnd01,58,12,24834,-12171,9665,22.1
STAT,0004B5F8,TreePineForestCutStump02_HeavySN,58,18,12579,69583,54136,228.6
STAT,0003AF9D,RoadSignPost,58,58,15319,-20227,117031,2933.4
STAT,0007A617,CrateSmall03,58,31,-7117,49048,119769,3445.2
STAT,000BB8A7,RockPileS04CoastBeach01,58,38,57500,114912,81780,328.8
ACTI,00071E62,StockadeBarricade01Activator,58,26,2091,-8094,116872,2504.4
STAT,000F1FEF,IcePileS02,58,33,99091,94901,42886,690.1
STAT,00028A6D,NorTmpExtStairsFree01,58,24,-31540,1296,102251,1533.9
ACTI,000C51FF,critterSpawnInsects_Few,58,53,104071,-67015,86052,1869.5
STAT,0005CCE2,ShackWallL01,57,25,5642,-22549,106758,2163.3
CONT,00092B10,BarrelIngredientCommon01,57,38,35974,33421,117942,3456.7
MSTT,0003E6A0,BoneHumanBloodyArm,57,32,36851,-4414,130127,3835.7
ACTI,0010D061,MineOreIron03_LRocks,57,57,4466,10381,112032,3636.8
STAT,0006C7B5,NorExtWallBgStairsSingle01Snow,57,27,37871,16241,95424,2086.6
STAT,0003D4B5,RockCairn03,57,48,6122,-13471,119235,2692.4
STAT,0003F987,ImpExtBlocks06,57,20,48081,-33527,101426,1458.4
STAT,000533D0,StockadeWoodbeam01,57,20,57382,-45638,130003,3043.4
STAT,0005E928,MountainTrim01FallForestGrass01,57,44,129996,-84231,44555,344.5
STAT,0008D123,MountainTrimSlab_SparseSN,56,52,14914,-21166,156750,5123.7
MSTT,000AF5F9,BoneHumanLegR,56,34,34957,-9680,114788,3374.6
MSTT,0003E6A1,BoneHumanBloodySkull,56,37,-15055,-660,123404,3835.4
STAT,000BB8C2,RockM02Wet,56,40,-2639,8453,111427,3154.3
STAT,000E758B,FrozenMarshIceFloeFrostS02,56,22,-17361,92219,56930,306.9
STAT,00024B97,RockPileL04Rocks01,56,54,98536,-55332,99060,2375.8
MSTT,0001AC95,FXWaterfallSkirtTallFront,56,48,-31526,-4275,123968,1756.6
MSTT,000ACAF3,HagravenEyeball01,56,13,-122804,11238,58406,876.6
STAT,000885F4,RoadChunkS03ReachDirt01,56,20,-148122,28740,32333,146.3
STAT,0003042B,CW2MeleeWideDefender,55,30,15293,25368,116701,3087.3
STAT,00030429,CW1MeleeWideDefender,55,31,15408,25399,116787,3117.2
STAT,000C234D,FarmTable01,55,38,-14077,-6201,114958,3411.3
STAT,00077ED2,RockPileM01Snow01Heavy_SN,55,47,45121,16126,91118,2021.1
STAT,000A98EF,IcebergLedge01,55,40,116758,110429,50007,679.2
STAT,000B2400,RockPileM01CoastBeach01,55,50,-47352,118504,99100,1096.4
STAT,0001C433,RoadStraightLong01,55,52,4401,6322,110794,2421.2
STAT,000368C2,RuinsFloorCandleLampSmallOn02,55,22,13624,-6645,128767,3160.5
STAT,00050928,DirtCliffs03FallForestGrass01,55,42,139978,-91921,35575,330.5
ACTI,000CD8DE,RTGravestone01A,55,2,-34569,-85447,888,0.1
STAT,000B23F3,RoadChunkL02Snow,54,42,49215,36588,103953,2427.5
ACTI,0007144D,BearTrap01,54,33,-11046,18968,116828,2685.2
STAT,0003D4B8,RockCairn04,54,47,-2943,-5944,114864,2713.5
STAT,000EE3A3,IcePileM02coastbeach01,54,42,110663,106747,80273,987.7
STAT,00024F46,RockPileS01PineForest01,54,40,57033,-33604,98120,1700.6
STAT,00078DB9,BoneMammothRibsBrokenSnow,53,25,15690,30351,75842,2150.7
STAT,000C2C13,CrateSmall02Weathered,53,32,56649,81939,107595,3752.2
STAT,00050368,ShipRowBoat01,53,41,37788,31141,130296,3700.9
STAT,00040B0A,ImpExtWall04,53,33,36778,-25315,104607,2005.8
STAT,0003F973,ImpExtBldgStraight02,53,26,29840,-34763,108176,1918.3
STAT,000CC761,IcePileL02,53,44,106418,88170,35474,237.6
STAT,000533D1,StockadeWoodbeam02,53,18,113389,-73163,93362,2431.6
STAT,00020548,RockPileM01,53,47,-10899,-35036,76764,2039.2
STAT,000ACAFA,HagravenSticks01,53,21,-78478,16837,101568,2469.2
STAT,0005EA54,RockPileL03FallForestLeaves01,53,43,119962,-88147,38578,351.3
STAT,000185BD,RockPileL03,52,44,-43999,-7267,94026,2167.0
ACTI,0010D064,MineOreIron04_LRocks,52,52,11854,384,107038,3542.1
STAT,00048DE0,MountainCliff01_HeavySN,52,52,28576,-10232,138236,4130.2
STAT,0002ED7A,RockCliff08_HeavySN,52,47,46319,31521,110922,2478.4
MSTT,000B6337,RockCairnBanner01,52,48,17022,15726,102225,3155.5
STAT,0001EF6C,RockCliff05Snow,52,49,23558,9910,112283,3044.2
STAT,00098E90,MountainCliff02_SparseSN,52,50,-2261,-8337,146241,4356.7
STAT,0003F975,ImpExtBldgStraight04,52,30,13683,-31869,110316,1900.0
STAT,00027DD9,MountainCliff03_LightSN,52,50,55773,-14938,141145,4169.0
STAT,0002ED74,RockCliff04SnowLight,52,47,-7368,-7019,120365,3583.7
MSTT,00106A1D,FXRapids02,52,43,-17694,-18012,92738,2216.9
STAT,0005B80D,RockPileL03PineForest02,52,52,36725,-18951,114433,1871.1
STAT,000349A8,StockadeWallWalkway01,52,19,-34000,-10309,116130,2302.8
STAT,00050931,DirtCliffsCornerOutFallForest01,52,40,134507,-91545,35650,301.3
STAT,000ADFF7,RockPileM02FallForestDirt01,52,45,147353,-92224,39276,314.0
FURN,000C4827,SitLedgeMarker,51,34,25116,-8644,120350,3376.2
STAT,00035F50,Spit01,51,51,18806,7235,125168,3765.9
STAT,0005CCE3,ShackWallR01,51,23,11349,-27426,106613,2076.1
STAT,0006F738,ImpExtIceBlocks05,51,17,24101,22776,130000,2753.2
MISC,000AF5FD,BoneHumanSkullFull,51,28,-538,9784,114619,2946.1
STAT,0005205B,MountainRidge01_HeavySN,51,51,21366,-29091,134844,5372.6
STAT,000B2419,RockPileS02CoastBeach01,51,39,-682,114775,90608,385.2
ACTI,0010B035,FCAmbWaterfallSalmon01,51,25,14279,-4571,97322,1211.0
STAT,0007F812,VolcanicFissure01,51,37,133885,-14021,15857,80.0
STAT,00042A88,DirtCliffsIsland01FieldGrass01,51,45,-44166,317,35324,287.7
STAT,000C2C1A,CrateSmall04Weathered,50,25,55798,42908,109594,3062.0
STAT,00055121,DweFacadeTower02,50,13,-34060,11798,158177,2267.5
MSTT,000AF5F6,BoneHumanHandL,50,33,17354,-4851,114564,3548.9
STAT,000B2416,RoadChunkL03Snow,50,34,32806,46017,101835,2278.5
MSTT,0003E69D,BoneHumanBloodyRibcage,50,37,10487,13451,127604,3925.1
STAT,00025D61,RoadStraightLong02,50,48,18741,-21005,90779,1863.1
STAT,0001EF3C,DirtCliffsCornerIn01PineForest02,50,48,-20039,-38091,86431,1739.6
STAT,000ACAFC,HagravenBloodbowl01,50,26,-49618,15060,127922,3001.9
STAT,0003F970,ImpExtBldgMid02,50,12,-26758,-2118,105655,1209.3
STAT,000ADEC7,MountainTrim01FallForestRocks01,50,44,160086,-91294,31278,259.2
TREE,000E9622,TreeReachMntMossCover01,50,35,-133924,41797,24163,163.4
STAT,000BB98B,GiantHangingBones,49,16,22817,3728,103687,1863.4
CONT,00097F6C,MiscSackLargeFlat01,49,38,25595,-13075,124436,3211.8
STAT,00053909,MountainRidge03_Heavy_SN,49,49,39136,-44922,139118,4837.0
STAT,00026FA0,NorTmpExtPlatCorDblEnd01Snow,49,26,25081,33348,109594,2446.6
STAT,0001EF48,RockL01SnowLight,49,38,38393,-12163,109877,3364.8
STAT,00028A8C,NorTmpExtPlatTowerBridge01,49,18,-89967,-9440,91898,1641.7
STAT,00091A09,FenceWoven01Snow,49,8,122968,24003,47242,141.3
STAT,00042053,MineWoodbeam01,49,11,15003,9508,98401,1827.1
STAT,0005B82C,DirtCliffs01PineForest02,49,44,-11319,-21483,108018,1931.0
STAT,0005B7DE,DirtCliffsCornerOut01PineForest02,49,45,-33498,-31400,91252,1682.8
MSTT,000205F1,FXCreekFlatLong01,49,28,-10514,-23327,112957,1317.2
STAT,000669A9,RockPileM01FallForestDirt01,49,35,104410,-84992,34513,334.9
STAT,000669D6,RoadChunkM04FallForestDirt01,49,32,127789,-84675,50798,287.0
ACTI,00079986,TrapLinker,48,37,-10659,-1942,115084,3233.7
ACTI,00033F50,defaultSetStageTRIG,48,27,1496,-16365,94881,3189.8
FLOR,000D8E7F,CoinPurseMedium,48,46,11377,16538,112882,3403.7
STAT,00073CED,BoneMammothSkull4,48,41,35428,-1739,87791,1400.8
CONT,00097F6E,MiscSackLargeFlat02,48,41,16893,5459,118810,2997.2
STAT,00046867,RockPileM02RiverbedEdge,48,30,43137,-26011,83086,1625.4
ACTI,0010D05C,MineOreIron01_LSnowRocks,48,48,92711,36595,96458,3160.6
STAT,00039653,RockPileL01Wet,48,40,68838,13844,102506,2222.0
STAT,000173FE,TreePineForestCutLog01,48,11,-24360,10320,103328,1847.0
SOUN,0001C139,AMBWaterfallLargeLP,48,43,-22299,-4791,118543,1707.1
STAT,000744CC,NorExtWallBgHenge01,48,28,-33350,20932,102535,1830.1
STAT,000C4B99,BurntRubbleNoDirt03,48,6,46266,-88135,66254,41.6
ALCH,00064B3F,FoodCabbage,48,11,31423,-42091,103897,2522.4
STAT,00052F71,RockCliff05PineForest02,48,45,-28542,-13095,101718,1767.2
STAT,00026FC3,NorTempleExteriorRibFree07,48,35,-40015,-24868,125868,2618.9
STAT,00044B9F,NorExtWallBgStairsSingle01,48,16,-41722,17646,116892,2078.5
STAT,000803E2,RockPileS02ReachDirt01,48,37,-139356,22895,38203,425.2
TREE,000E9624,TreeReachMntMossCover03,48,35,-132940,41680,22286,145.0
MSTT,00035F47,Campfire01LandBurning,47,43,10038,427,115948,3186.0
ALCH,0003133C,FoodWineBottle02,47,28,52595,-4347,114479,3143.7
STAT,000687A6,StockadeWallStraight01Light_SN,47,11,36927,30335,117326,1641.5
STAT,000B23C2,MountainTrim03_HeavySN,47,44,48104,4792,119161,3788.5
STAT,0008C238,FirewoodPileLarge01_LightSN,47,27,53259,79296,74233,731.6
STAT,000B23FE,RockPileL01CoastBeach01,47,43,21266,127320,105943,947.0
ALCH,00034C5D,FoodMead,47,25,-16132,18520,130339,3109.6
STAT,00027034,RockPileL02,47,41,-9706,-20592,101297,2417.4
STAT,0002BABB,RockCliff02Rocks01,47,44,77809,-45646,117177,3185.6
SOUN,000B60F6,AMBWaterfallMediumDistantLP,47,45,-13961,-4496,114786,2569.8
STAT,0003E230,ImpRubblePiece02,47,18,4204,-50350,92482,1688.7
TREE,000C43B6,TreeFloraNightshade02,47,32,9124,-14308,115651,3006.5
STAT,0008BF21,RockCliff07FallForestGrass01,47,43,142637,-94826,38714,344.4
STAT,0006A8E4,RockCliff08ReachGrass01,47,43,-136416,-3760,38108,333.3
STAT,0003DF55,DragonMarkerCrashStrip,46,44,-14992,-3044,109145,2881.4
SOUN,00021703,QSTWordWallGlowLP,46,16,15724,-3576,143587,3516.7
STAT,0001ED86,BannerAnchor01,46,23,6521,-9031,100920,2925.9
STAT,00077569,RockPileS04Snow01Light_SN,46,27,50810,-11684,74814,1757.5
STAT,000B242B,RoadStraight02Snow,46,33,19387,63880,90328,1830.5
STAT,0007A609,CrateSmall02,46,27,-1582,39502,120583,3321.8
STAT,000B5993,RockPileS03Rocks01Snow,46,28,64363,33580,101024,2418.4
STAT,0003F989,ImpExtBlocks02,46,17,77009,-39120,85361,1832.2
STAT,00040B0C,ImpExtWall02,46,28,40075,-32922,112412,1394.7
SOUN,000B73EB,AMBWaterfallRapidsSmall,46,29,84137,-29521,49305,1009.5
STAT,000B244C,MountainCliffSlopeCoastBeach01,46,45,22330,134951,83600,862.2
STAT,0005304F,MountainRidge02_Light_SN,46,44,-38244,-11932,127803,4893.1
SOUN,0001C138,AMBWaterfallLargeDistantLP,46,42,-2479,-9966,120390,2075.4
STAT,0001F1C6,RockPileL03ReachDirt01,46,43,-133979,31571,53558,1023.6
ACTI,00105824,FXbirdOPreyNoNestACT,45,13,22647,61615,116698,2008.5
STAT,0001769A,FishRack01,45,43,17410,2218,120301,3831.6
STAT,0006F757,ImpExtIceWall01,45,18,4814,84981,81272,441.9
MISC,000319E4,BoneTrollSkull01,45,30,3118,-5211,104800,2694.4
STAT,000765F4,DweRubblePile04Snow,45,12,78164,31178,73725,2044.8
STAT,0003F93B,ImpExtStairs01,45,24,32982,-28964,112852,1743.2
TREE,000EF5A3,TreePineForestSnow03Dead,45,36,47969,47551,102341,2386.6
STAT,0006E081,MountainTrim01FieldGrass01,45,35,-52782,12352,67599,812.4
STAT,000533D6,StockadeWoodplanks02,45,21,10113,-21972,138689,2895.4
STAT,00053904,MountainRidge03,45,43,-58836,3341,116473,3213.9
FURN,000D932F,CraftingBlacksmithArmorWorkbench,44,43,2633,-8908,120601,3359.0
STAT,000C018F,GiantObelisk01_MountainSlab,44,27,28550,24824,61227,1132.3
STAT,00060166,CivilWarBanner01,44,37,26027,321,112200,2919.9
STAT,0006F736,ImpExtIceBlocks03,44,15,-11808,40755,141383,2675.9
STAT,0001EF56,RockL02SnowLight,44,38,10077,-7551,103259,2728.6
STAT,00044B8A,NorExtRubblePile08,44,34,-8252,-4165,119578,3568.1
STAT,00036AC2,DweRubblePile04,44,22,-65188,11743,135131,2492.9
STAT,0001CD86,RoadSCurveRamp01,44,40,-26458,11852,94506,1860.8
STAT,0003F94F,ImpExtDoorhole01,44,23,13126,-20115,118281,1982.1
STAT,000B23F6,RoadChunkM02Snow,44,30,47097,56197,109698,2424.3
STAT,0005E3F1,IcebergLedge01_HeavySN,44,39,94817,100265,53622,518.5
STAT,00046032,MountainPeak02_LightSN,44,44,33909,-30545,138363,4677.6
STAT,00052F17,RockPileS01PineForest02,44,29,9382,-21342,111527,1783.2
STAT,00054623,StockadeLeanTo01,44,35,52761,-17042,125318,2949.7
STAT,0003F648,ImpExtSupport01,44,16,50921,-44344,98886,1544.7
STAT,0005B7E2,DirtCliffs03PineForest02,44,39,-26681,-37967,85496,1677.1
FURN,0003B3F3,Bedroll01R,43,34,44344,-3314,118092,3489.7
STAT,0004447E,NorExtWallBgDivider01,43,18,-29704,6790,80284,1607.9
STAT,0003D4B9,RockCairn04Snow,43,38,30562,-1265,99652,2815.6
STAT,00042875,FXSnowDriftFlat03,43,17,69161,70670,68149,576.6
STAT,000B23FC,RockPileL03CoastBeach01,43,38,-26726,117611,106739,1244.2
STAT,00040B09,ImpExtWall03,43,28,31577,-36785,107598,1861.2
STAT,0003F985,ImpExtBlocks04,43,22,14529,-14961,107327,1842.8
STAT,0003AF98,RoadSignRiften01,43,42,52046,-44455,93700,1689.8
MSTT,000AF5FB,BoneHumanRibcageFull,43,27,37526,-7532,115012,2808.4
STAT,000C1FDA,RockPileS04TundraRocks01,43,23,-64934,46804,19533,103.7
STAT,000ACAFB,HagravenSticks02,43,18,-83520,20847,114317,2334.6
STAT,00065FE3,DweHitchPost01,43,7,-140787,39081,87042,676.2
IDLM,00068451,CowEatingIdleMarker,42,20,9658,-7539,124937,2828.7
STAT,0006144C,MountainTrim01TundraRocks01,42,34,-71154,28889,48391,505.4
STAT,0003E62F,CaveLamp01,42,31,-19135,-8336,111057,3023.5
STAT,0003AF9A,RoadSignWhiterun01,42,42,-7807,-7186,107500,1932.1
MSTT,00101592,TorchPermanantOn,42,17,102105,12513,84943,2316.8
STAT,00096C3E,BoneMammothSkull1Snow,42,26,41380,48312,43852,455.7
STAT,0007A619,CrateSmall04,42,28,-2559,33123,115022,3029.4
STAT,000B241C,RoadChunkM03Snow,42,28,50794,55401,106822,2081.3
STAT,0003F988,ImpExtBlocks01,42,22,25628,-20817,106437,1468.2
STAT,0001E1B9,RoadStraightLongRamp01,42,34,7159,-742,105816,1933.7
STAT,0002EC1F,CommonTableRound01,42,36,19306,12250,117878,3290.5
STAT,00090942,GlacierStraightLg01,42,41,113678,99987,67460,803.6
MSTT,000AF5FA,BoneHumanRibcage,42,32,34812,-3772,118247,3569.1
STAT,0007D448,VolcanicPlateau01,42,31,129658,-14878,16531,70.9
STAT,000800DC,ImperialTentSmall,42,16,-3495,-17764,132951,2182.9
TREE,000B8A6D,TreeFallForestFernCluster04,42,37,154709,-81062,45975,414.1
STAT,00043F55,MountainPeak02,42,39,-51462,-15382,124999,2447.3
FLOR,0007EDF0,MammothCheese01,41,20,34328,15066,59994,753.4
STAT,0006F731,ImpExtIceBldgStraight02,41,15,4748,48569,117187,1840.4
STAT,0003D4B6,RockCairn03Snow,41,37,29578,2817,100814,2418.8
STAT,00013801,TreePineForestStump02B,41,36,9427,382,129649,2863.2
STAT,0003CED5,RockCairn01,41,37,-1873,-7673,110569,2654.5
MSTT,00077777,FXSmokeWispsLgVol01,41,38,105864,-15175,60785,1103.8
STAT,0005FBC5,DwePipe2way01,41,8,130901,-43270,67748,353.7
STAT,000533BE,StockadeScaffoldTop2Sided01,41,17,88566,-56899,105066,1865.7
STAT,00026F75,NorTmpExtPlatStairCapR01,41,28,-57462,-2407,123129,3248.3
STAT,000669B6,RockPileL02FallForestLeaves01,41,35,126793,-82675,39175,312.3
FURN,000C4EFD,SitCrossLeggedMarker,40,31,17095,8241,124432,3043.4
STAT,00094AC6,Bedroll01Static,40,17,28453,17249,120941,2667.8
STAT,00073CC2,BoneDeerSkullHornedStatic,40,35,44403,-4497,115530,3068.6
STAT,0006592C,RockCliff05Snow01Snow,40,38,47039,11873,107452,2650.5
STAT,0001EF5B,RockL04SnowLight,40,33,7299,11194,99119,2456.7
MSTT,0003E69F,BoneHumanBloodyHand,40,32,2690,10537,132768,4007.0
STAT,0005C016,PeltFloor02,40,32,21224,-2007,130680,3749.4
STAT,000BE2A2,ImperialTentSmallSnow,40,4,116754,45849,62902,125.1
STAT,00095960,MountainCliffSlopePineForest02,40,40,-1702,-3111,105641,1706.6
FLOR,00108E37,FXAmbWaterSalmon01B,40,24,66655,-10424,109884,2794.8
STAT,00026F76,NorTmpExtPlatStairCapL01,40,24,-49860,-2162,129996,3286.5
STAT,00079F91,HHStepD_HeavySN,40,13,50584,-58542,13740,31.2
STAT,00094260,RoadStraight02FallForestDirt01,40,27,122653,-79324,75952,752.0
STAT,0008CC92,DweCivWarWall01,40,6,-161521,3025,14760,19.2
STAT,00086C2C,MountainCliffSlopeSnow01_LightSN,39,39,40448,21550,119585,3994.6
STAT,0005FCB6,NorExtRubblePile01_HeavySN,39,32,46034,44996,89869,2773.2
STAT,000A9E8B,FirewoodPileMedium01_LightSN,39,22,51570,74942,70737,682.2
STAT,00039691,RockPileM02WetCoastBeach01,39,32,14599,106211,76887,2000.6
STAT,0004F8F4,ShipWoodWall01,39,8,7371,117873,94716,375.2
STAT,000BC545,RockPileS03FallForestGrass01,39,18,154515,-81645,31451,296.0
STAT,00041B04,MountainTrim01ReachMoss01,39,37,-140619,19619,40434,418.9
STAT,000885B9,RoadChunkS02ReachDirt01,39,20,-139933,22546,33222,227.7
STAT,0006A8C7,RockCliff01ReachGrass01Rocks01,39,36,-137099,3414,36609,309.0
STAT,0005493E,RockPileM02Rocks01SnowLight,38,30,21190,8980,112866,2646.4
WEAP,0002F2F4,Axe01,38,33,11005,4061,118078,3080.0
STAT,000B2425,RoadCurveLong45R01Snow,38,32,65370,57687,80071,1498.5
STAT,00026FDA,NorTmpExtPlatWall02Snow,38,25,-11880,7761,78695,1628.1
STAT,000B241E,RoadChunkS01Snow,38,19,52042,43966,107986,2216.6
STAT,0005AD3F,ImpExtFloorChunk02,38,16,43845,-42943,88547,1618.9
STAT,0003D4B2,RockCairn02,38,35,-7566,-6964,115420,3442.1
STAT,0006F734,ImpExtIceBlocks01,38,16,-30736,51126,125808,1858.1
MSTT,000AF5F8,BoneHumanLegL,38,19,74216,-1043,110496,3434.9
STAT,0009222A,GlacierSlab01,38,33,105235,103968,59484,753.2
MSTT,0003E6A6,BoneHumanBloodyShoulder,38,26,1352,-741,131861,2919.2
STAT,000E758F,FrozenMarshIceFloeS01,38,32,12306,78392,79534,480.2
STAT,000180E5,IcebergSmall02_HeavySN,38,34,122558,93648,35936,309.6
ACTI,0010C3BA,FCAmbWaterfallSalmon02,38,19,-2252,-1053,91054,1326.5
STAT,000C1DBE,ImpExtIceBldgMid01_NoIce,38,6,80742,-16086,69022,23.7
STAT,000533D5,StockadeWoodplanks01,38,16,39526,-11154,119685,1788.0
STAT,00066723,MountainTrim01Dirt02,38,32,-1919,-14858,101262,2325.9
STAT,00055ED0,RockPileM01ReachMoss01,38,30,-148670,19379,38285,367.1
MSTT,000AF5F3,BoneHumanArmR,37,23,41907,-12404,104027,3033.6
MSTT,000AF5F7,BoneHumanHandR,37,26,46723,-6149,119808,3731.2
STAT,0009151C,Lantern,37,34,189,26362,126507,4069.7
STAT,0001AE16,StockadeWallCornerIn01,37,19,-60416,-16218,97262,1928.1
STAT,000533C1,StockadeScaffoldTop1Sided01,37,17,24132,-49171,126965,1693.6
STAT,00089F29,WRWallCap01,37,13,25877,-2588,6108,9.2
STAT,00024CB9,CommonTable01,37,25,77899,-5415,113784,3317.1
MISC,00012FEC,BasketClosed01,37,29,-26289,12272,119583,3097.5
STAT,0002A33E,StockadeScaffoldBaseSupportW01Light_SN,37,9,65179,71655,73002,638.4
STAT,000B242C,RoadStraightLong01Snow,37,29,35807,73055,61178,763.2
STAT,00055123,DweFacadeTowerArch01,37,15,-58481,20703,149072,2331.6
STAT,0006DD61,DweFacadePartitionRoof01Snow,37,9,85241,34999,89336,178.4
STAT,0002F239,CommonTableSquare01,37,32,28784,-27100,125790,2884.7
TREE,000DF015,TreeFloraSnowberry02,37,29,111625,-21774,79876,1940.6
STAT,0008976C,DirtCliffsIsland01VolcanicDirt01,37,26,133711,-16971,14957,68.6
MSTT,000B09F0,FXMistStreet01,37,20,41316,-7364,110844,1630.8
MSTT,0001ACAE,FXWaterfallMistBlast,37,20,2081,-19946,112888,1461.7
STAT,0006EAAD,WRFenceStr01,37,7,23351,-16107,6924,10.2
STAT,00079F99,HHStepC_HeavySN,37,12,49218,-55664,13843,31.6
STAT,0008BF22,RockCliff08FallForestGrass01,37,32,131972,-84210,39557,348.7
STAT,0003E223,ImpStoneBlock03,37,5,78816,-48095,29606,170.4
STAT,000B0BD9,RockPileS03FallForestDirt01,37,29,148590,-95976,42408,281.8
STAT,000ADF1F,RockPileS02FallForestDirt01,37,29,152667,-95441,43004,257.2
STAT,000AF069,MountainTrim01FallForestDirt01,37,30,143685,-87264,42361,351.3
STAT,00079F89,HHStepC,37,4,70100,-57721,3193,1.3
STAT,0003F93D,ImpExtArchSupport01,37,17,-3991,-15293,111753,1322.7
STAT,00056B11,RockPileS01ReachMoss01,37,19,-144276,22067,41351,374.6
FURN,000E2BC7,PickaxeMiningWallMarker,36,34,83050,-8648,96854,2755.1
STAT,0001F24A,CandleHornTable01,36,27,38574,776,106960,2965.5
STAT,0006F730,ImpExtIceBldgStraight01,36,16,-200,39327,124883,1655.8
ACTI,0001A184,CWFortSiegePhase5Trigger,36,24,25698,13838,110128,2555.3
STAT,0006F737,ImpExtIceBlocks04,36,14,24414,37848,118144,2738.8
STAT,00022F1F,NorTempleExteriorRibFree06,36,24,-71396,4204,94584,2431.3
STAT,000B23FF,RockPileL04CoastBeach01,36,35,-1761,123823,115313,1001.4
STAT,0003F98A,ImpExtBlocks03,36,20,62344,-36139,103872,1456.4
STAT,00014055,TreePineForestHollow01,36,35,9218,-14550,94308,1728.5
SOUN,00028D37,AMBWindloopMountainsBLP,36,36,23288,15842,146595,4277.6
SOUN,000B601B,AMBWaterfallLarge2DLP,36,31,-12932,-1331,113609,1691.5
STAT,0007F631,RoadStraight01FallForestDirt01,36,27,108709,-79047,34734,221.5
STAT,000885AB,RoadChunkL02ReachDirt01,36,23,-142301,26610,28159,170.6
TREE,000E9626,TreeReachMntMossCover05,36,32,-131521,31386,28175,153.3
DOOR,0004E2C2,ImpDoorExtHoleDoorLoad01,35,22,39121,-2287,125535,2774.3
STAT,0005CCC7,ShackFrameLEnd01,35,24,-223,-16059,107400,2100.7
STAT,00044B85,NorExtRubblePile03,35,31,7744,-4620,114297,3342.6
STAT,00044B84,NorExtRubblePile02,35,27,8863,-9237,113811,2949.7
CONT,00097F64,MiscSack02Large,35,26,53497,-175,119544,2976.2
STAT,0006F739,ImpExtIceBlocks06,35,15,28115,33411,129410,2553.2
STAT,000B23C3,MountainTrim03_LightSN,35,34,23845,25115,116954,4052.8
STAT,0003D4B3,RockCairn02Snow,35,33,35890,18391,102275,2828.4
STAT,0002ED76,RockCliff01Rocks01SnowLight,35,33,61377,-15369,112101,3248.3
STAT,000609DE,NorExtWallBg1Way01snow,35,18,50185,37996,88201,1139.4
STAT,0000099D,Stonewall02,35,25,67445,-31048,107884,2777.8
STAT,0001EF49,RockL03SnowLight,35,34,33654,-32785,105228,3322.6
FLOR,000B202C,FloraCreepClusterRock,35,26,132119,-7989,15926,72.9
STAT,0001E93C,RoadStraightLongRamp02,35,32,9438,-19063,115337,2001.4
STAT,0007E894,HHStepB_HeavySN,35,11,50555,-58419,12940,30.4
STAT,00079F92,HHStepA_HeavySN,35,11,49622,-55305,13366,32.9
FURN,0006E7A8,CommonChair01F,34,21,13842,4517,118324,2651.2
MSTT,00071D06,FXCreekFlatLong01Rocks01,34,28,-92730,-15063,99699,1937.2
STAT,00073CE9,BoneMammothSkull2,34,21,44294,3055,79641,1275.6
STAT,00017F1A,RockCaveEntrance01,34,34,5281,-14678,107498,2770.7
STAT,000C2C1B,CrateSmallLong03Weathered,34,26,34379,37092,116023,2937.4
MSTT,0004318B,FXfireWithEmbersLogs01,34,28,-43614,21229,108545,3023.9
STAT,0002A344,StockadeScaffoldTop0Sided01Light_SN,34,13,46255,68267,72672,716.1
ACTI,0001A183,CWFortSiegePhase4Trigger,34,22,15612,5645,109701,2561.1
STAT,00085FE4,NorTentSmallSnow,34,17,78712,58350,96696,1109.1
STAT,0006F15F,Stonewall01Snow,34,16,26216,58680,95342,1824.2
STAT,00028A96,NorTmpExtPlatTowerBridgeFree01Snow,34,21,1752,13873,76282,1907.7
STAT,00026FD3,NorTmpExtPlatMid01Snow,34,17,-1211,-6404,89424,2355.3
STAT,000513B6,ImpExtBldgSecondCorner01,34,19,1146,-20915,100674,1852.6
STAT,0005FCC5,NorExtRubblePile06_HeavySN,34,26,35348,34370,102607,3154.0
STAT,0005F227,ImpBrazier01,34,25,41162,-34490,109493,3136.1
STAT,0004287D,FXSnowDriftFlat05,34,13,72429,78427,69050,529.3
ACTI,0010DAC2,MineOreIron04_LCoastBeach,34,34,125727,107109,44265,679.7
STAT,00086789,VolcanicPlateau02,34,31,131980,-15444,15881,77.6
STAT,0003B4D9,MineralPoolBig01,34,30,128704,-17338,14426,58.0
SOUN,0001C13A,AMBWaterfallSmallLP,34,28,-9015,-10485,113687,2031.5
STAT,0003AC70,RockPileL01RiverBottom01,34,23,106020,26316,102856,1782.7
STAT,000ACB2F,HagravenFence03,34,20,-96032,11391,78571,1512.2
STAT,0005EA5A,RockPileL04FallForestDirt01,34,31,157915,-94662,28060,228.9
FURN,000BB959,WoodPile,33,23,28461,9411,105341,2501.2
FLOR,000D790C,CoinPurseSmall,33,31,36414,-4077,125740,3105.7
STAT,0002E6CD,CommonShelf01,33,26,20678,13140,121964,3708.8
STAT,00050D03,MrkMetalCage01,33,18,25827,15831,110361,2638.2
STAT,000B23F4,RoadChunkM01Snow,33,27,91236,38066,78129,1842.9
STAT,00042870,FXSnowDriftFlat02,33,13,81429,86434,64655,833.5
SOUN,000E360D,AMBWaterCoastWavesDistantLP,33,33,-41019,123239,105217,1037.6
STAT,00028A95,NorTmpExtPlatTowerBridge01Snow,33,22,18815,12747,90111,2355.8
MSTT,000AF5F4,BoneHumanFootL,33,21,54454,-22150,97004,2744.5
MISC,000CC84D,BloodyRags01,33,19,-2315,18633,110873,2683.5
STAT,0006100A,RockCliff08PineForest02,33,31,26832,-6247,111222,1733.7
STAT,00075432,RockPileM02WetRiverbedEdge01,33,22,92528,-41256,63640,1287.7
STAT,000B241F,RoadChunkS02Snow,33,20,68441,23824,110473,2340.5
MSTT,000AF5F5,BoneHumanFootR,33,23,40722,-9577,112339,3205.1
FLOR,00108E35,FXAmbWaterSalmon02B,33,20,32380,15950,143987,2805.4
SOUN,000B62F1,AMBWaterfallTallLP,33,29,19582,-13939,99609,2172.3
STAT,000355D3,RoadStraight01End,33,28,2559,-36732,80723,1239.0
STAT,00026FD4,NorTmpExtPlatMid02Snow,33,14,-4816,20,100494,3213.4
SOUN,00029729,AMBWaterStreamFallsLP,33,26,-51014,-12939,106771,1622.5
STAT,00090E72,HHColumn01,33,14,50125,-48131,14113,39.9
STAT,00079F88,HHStepB,33,4,70283,-58199,3080,1.3
STAT,00079F87,HHStepA,33,4,69836,-57316,3102,1.4
STAT,00055A69,DirtCliffs01ReachGrass01,33,31,-142496,30411,34126,322.2
STAT,000802FA,RockPileS01ReachGrass01,33,30,-136225,25176,33509,335.5
STAT,00088A4B,RoadChunkS04ReachDirt01,33,17,-146507,23337,30242,190.5
SLGM,0006A0C2,DummySoulGem,32,24,-10514,-9709,142267,3237.7
ACTI,0008AF5B,WeaponRackMid,32,7,67313,-30317,101005,1103.3
STAT,00013B33,TreePineForestUprooted01,32,31,-7008,-2050,77077,1525.1
FLOR,00038B0F,HangingRabbit01,32,22,15731,-23501,105469,2834.8
ACTI,0001A182,CWFortSiegePhase3Trigger,32,20,12398,23380,99076,2543.7
STAT,0006F732,ImpExtIceBldgStraight03,32,13,-30283,76411,103037,1521.8
STAT,0006F73C,ImpExtIceFloorChunk01,32,17,-13921,53173,116249,1907.1
STAT,0003F64E,ImpExtWindow01,32,10,19050,-18292,106534,1110.6
STAT,00026FD5,NorTmpExtPlatStairCapL01Snow,32,25,-8354,12692,95097,2154.6
ACTI,0010D065,MineOreIron04_LSnowRocks,32,32,91821,62609,57589,871.2
INGR,00077E1D,MountainFlower01Red,32,11,30563,54132,95273,2115.7
STAT,00077C8E,RockPileS02Snow01Snow,32,23,63480,44398,78852,1319.7
STAT,000B241D,RoadChunkM04Snow,32,25,51969,54913,108126,2221.0
FLOR,00108E36,FXAmbWaterSalmon02A,32,23,57372,-10712,126743,2308.7
ARMO,0006A0AF,DummyHelmet,32,31,1897,5960,126991,3765.9
STAT,0002B86C,NorRmShaftBeam01,32,6,57125,-4702,57538,334.4
MSTT,000F0469,MineralPoolSmWater01,32,22,129106,-15820,15053,51.9
STAT,00028A75,NorTmpExtDebris05,32,23,-25373,19155,117545,2283.1
STAT,000ACB30,HagravenFence04,32,20,-95882,8669,75994,1518.9
STAT,00079F8A,HHStepD,32,5,69864,-58157,3076,1.3
STAT,000ACAFD,HagravenDeadGoatPole01,32,23,-55131,5827,133121,2579.3
STAT,000E758C,FrozenMarshIceFloeFrostS03,32,13,-29630,99571,33191,159.8
STAT,0002C76F,RockPileM02FrozenMarshGrass01,32,23,-31190,82568,14779,55.0
FURN,0001CC4A,DragonPerchWordwall,31,21,26378,-15911,86711,2188.2
STAT,0003F971,ImpExtBldgMid03,31,12,32213,-37289,104629,1398.8
STAT,0006E0DD,DirtCliffsCornerOut01FieldGrass01,31,29,-44616,5465,55330,511.6
STAT,00051578,GiantSpit01,31,19,1725,17630,98039,2160.1
STAT,0006F73F,ImpExtIceRubble02,31,18,-6630,50284,115718,1922.5
STAT,0006F745,ImpExtIceStairs02,31,16,-18362,72329,115926,2289.9
STAT,0006DD66,DweFacadeTowerArch01Snow,31,14,62856,52339,65828,895.4
STAT,0006DD64,DweFacadeTower02Snow,31,10,105419,23873,93920,322.6
STAT,0006DD67,DweFacadeTowerRoof01Snow,31,14,98255,19558,78971,913.5
STAT,000800DE,NorTentLarge,31,23,10474,4387,125860,2666.9
STAT,00076629,DweFloorRaised01Snow,31,5,79959,24010,6047,4.6
STAT,000C2CB4,BurntRubble03,31,5,23127,-81970,31500,22.5
MSTT,0001C749,FXPineDroppings,31,16,31678,-65534,80226,523.3
STAT,0003E226,ImpStoneBlock06,31,5,76835,-47929,58033,285.6
STAT,000CE6AC,MountainTrim01WetRiverbedEdge01,31,22,90979,-66712,12394,34.3
STAT,0007D44F,VolcanicSteamPool02,31,27,131707,-18065,14821,55.5
STAT,000885AA,RoadChunkL01ReachDirt01,31,20,-135354,26470,32850,240.6
ACTI,00015428,Water1024Creek,30,28,13415,-24065,86086,1059.9
CONT,0001CD65,TreasRuinsUrnSmall02,30,19,-17689,34634,112158,2989.1
STAT,00073CE8,BoneMammothSkull1,30,20,66760,-1155,81932,1193.7
STAT,0003BD73,TundraStreamEnd01Tundra01,30,25,-37254,1741,31089,289.7
CONT,00097F6A,MiscSack02SmallFlat,30,23,52444,-9869,124077,2975.4
STAT,0003CED7,RockCairn01Snow,30,30,21180,11723,110573,3069.6
STAT,0005FCB7,NorExtRubblePile02_HeavySN,30,22,42505,24069,121022,2765.4
STAT,0006DD5F,DweFacadePartition01Snow,30,7,105453,24371,97921,154.8
STAT,00075DFC,RockPileL03Heavy_SN,30,29,62143,48252,80021,1477.5
STAT,0001B410,RuinsWallSconce,30,22,-58726,2587,91918,1986.2
STAT,0003A2BE,TundraScrub03,30,14,-9224,-4508,49476,368.3
STAT,00040B30,ImpExtTowerShellBase01,30,22,60123,-36652,104542,1734.6
MSTT,000B56DB,BoneHumanSpine,30,21,19111,10649,112159,2698.7
STAT,000E758E,FrozenMarshIceFloeM01,30,26,18646,72263,78460,322.2
STAT,000F1FEE,IcePileS01,30,24,104923,99635,36755,332.9
STAT,0002F590,ChoppingBlock01,30,22,9139,4636,137592,3547.6
FLOR,000EC876,TreePineForestStump02BMoraTapinella,30,28,10526,-8423,124245,2422.3
STAT,0005C09F,MountainTrim01PineForest01,30,24,38290,-41598,77414,1537.2
MSTT,00106112,FXfireWithEmbersHeavySCALED,30,6,16614,-76395,17195,14.6
STAT,0005AD59,StockadeScaffoldBase0Sided02,30,6,94565,-39283,130564,1380.4
MSTT,000E4E22,FXDweSteam01,30,19,136660,-15815,11411,33.5
ACTI,0008AF59,WeaponRackMidACTIVATOR,29,6,76997,-22537,98038,799.2
ACTI,0005157A,HorseTrough01,29,26,2730,4613,99212,2931.5
STAT,0007A60B,CrateSmallLong02,29,20,17753,36225,120050,2810.2
STAT,0005CCC2,ShackFrameREnd02,29,15,-24409,-18635,89733,1479.3
MISC,00012FEB,Basket05,29,24,23891,8806,125964,3555.5
MISC,000F5D05,Shovel01,29,27,48791,6933,114601,3139.8
STAT,00052171,MountainRidge01,29,29,-98023,19167,101300,3137.9
STAT,00026F7C,NorTmpExtPlatWall02,29,15,-69298,-7195,116999,2915.0
FLOR,0004DA05,FloraMushroom02Small,29,17,-52231,4404,96103,2052.4
STAT,00026FD6,NorTmpExtPlatStairCapR01snow,29,25,-9595,10281,94706,2154.6
STAT,00078DBB,BoneMammothSkull3Snow,29,15,36947,40146,55142,566.6
STAT,00098497,NorExtWallBgStairMid01Snow,29,18,-12401,37109,40830,268.4
MISC,000CE70B,RuinedBook,29,14,-25397,12627,112939,2330.7
MSTT,0002F247,FXAmbSnowBlowingLg,29,21,51171,-3557,84107,1337.1
STAT,0001D493,NorRmSmFloorRaised01,29,9,10957,30792,107087,1680.5
STAT,000C1ADD,DoomstoneCircle03,29,12,-35448,33798,109346,762.6
STAT,0003F948,ImpExtWallGate01,29,23,40205,-24084,114196,1452.6
STAT,0006F740,ImpExtIceRubble03,29,15,-8104,66631,110826,1890.4
MISC,00012FE9,Basket03,29,21,32940,9237,133278,3424.6
STAT,0006F75F,ImpExtIceArchSupport01,29,9,53317,46635,136256,981.8
STAT,0004620F,RockPileM01RiverbedEdge,29,22,41032,-15089,80656,1175.3
ACTI,000DBB2B,critterSpawnDragonflies24x7_Many,29,28,128835,-4227,37139,261.2
STAT,00052EEC,RockPileL04PineForest02,29,28,-44116,-5413,107752,1645.6
STAT,00053908,MountainRidge03_Light_SN,29,29,-13155,-10815,136334,3767.2
ALCH,00064B2E,FoodApple,29,11,25216,-3788,121956,1973.8
SOUN,000F9B47,AMBWaterSteamPools2DLP,29,23,129807,-20000,13245,46.2
STAT,000E8E76,CrateSmall03EECo,29,4,-56898,94398,43309,33.2
STAT,00026F98,NorTmpExtPlatStairMid02,29,16,-42303,-20131,140865,1378.8
STAT,0007CC45,RockPileL04ReachGrass01,29,28,-136449,33492,29081,278.3
STAT,000885AD,RoadChunkL03ReachDirt01,29,20,-138103,33785,31246,178.1
TXST,0005826C,DecalBloodSprayGroundCOPYsmaller,28,10,-35986,-23296,104366,1719.2
DOOR,0002834E,ShipTrapdoor01,28,26,19978,-11086,108395,2995.0
WEAP,0001397E,IronDagger,28,28,-22201,20631,106454,2961.5
MISC,00012FE6,Kettle01,28,25,38407,-23153,115200,3025.4
MISC,000318FB,CastIronPotMedium01,28,24,28028,-32459,102086,2474.8
STAT,0003AF9B,RoadSignWindhelm01,28,28,30224,-12729,98114,1510.2
STAT,000B28B4,DweFloorRubbleFlat01,28,11,43537,-47146,139275,2448.9
STAT,00019B18,HayScatter04,28,26,41510,4108,118281,3357.2
STAT,00028A94,NorTmpExtPlatTower01Snow,28,18,-8599,-3311,61554,712.6
MSTT,000B6336,RockCairnBanner02,28,25,36801,12149,95254,2224.4
STAT,00026FCF,NorTempleExteriorRibFree06Snow,28,23,3659,37034,111180,2473.0
STAT,000E7590,FrozenMarshIceFloeS02,28,19,-2165,85973,69661,345.8
STAT,000BB8C1,RockM01Wet,28,23,5155,52099,118643,3436.4
STAT,0005055C,MountainRidge01_LightSN,28,28,-25844,-4221,145983,4995.0
STAT,000206CF,RockCliff02,28,27,10778,-37758,89792,1807.6
STAT,000C49EE,BoneHumanSkullStatic,28,15,-17123,-32805,95070,2247.8
STAT,000B0147,RoadChunkL03FallForestDirt01,28,16,139315,-87944,39288,198.4
STAT,0005092D,DirtCliffs01FallForestLeaves01,28,25,123860,-90672,37478,293.6
STAT,000AF177,RockPileM02FallForestGrass01,28,24,133706,-79864,61621,612.5
STAT,000930E7,RockPileM02Tundra01,28,20,-59219,43517,44657,427.9
STAT,0006671F,MountainTrim02ReachDirt01,28,26,-145249,29880,25696,191.7
STAT,00056B14,RockPileS02ReachMoss01,28,23,-138330,25901,43761,360.6
STAT,0009A5F0,NorHitchPost02SnowDUPLICATE001,28,3,-23870,-78192,2036,0.4
CONT,00024CA6,EndTable01,27,24,32085,-8227,107780,3089.3
FURN,0002EC1C,CommonChair01,27,23,22944,-13869,131854,2534.4
TREE,000EF5A1,TreePineForestSnow05Dead,27,20,59617,43834,87674,953.3
FURN,00068ADB,CraftingCookingFireSpit,27,27,35494,20748,130612,3467.8
STAT,000533DA,StockadeScaffoldBaseSupportW01,27,11,83622,-37885,104365,1758.5
STAT,000627FD,WRStablePlatEnd01,27,10,25740,-12397,10884,21.4
STAT,0004447A,NorExtWallBg1Way01,27,16,-66024,3645,64054,1085.6
STAT,0002A29C,StockadeWallWalkway01Light_SN,27,6,45130,27955,70559,590.8
ACTI,0010D043,MineOreCorundum01_LSnowRocks,27,27,77856,42862,80034,1668.7
STAT,0006F743,ImpExtIceRubble06,27,12,-183,58125,103444,1887.7
STAT,0006DD63,DweFacadeTower01Snow,27,8,107178,6471,98831,920.1
ALCH,00064B41,FoodPotato,27,11,32465,-32570,110273,1719.9
CONT,00020670,TreasDraugrChest,27,27,14128,-522,101925,2823.7
MSTT,0003BD2E,FXfireWithEmbersOut,27,18,-7268,19991,117612,2876.7
STAT,0005FCED,RockCliff07Rocks01,27,26,76859,-48270,110043,2668.3
WEAP,00013986,SteelDagger,27,17,30822,14720,106132,2198.7
STAT,0002A342,StockadeScaffoldTop1Sided01Light_SN,27,6,85638,83956,15012,56.5
STAT,00043D5D,CommonChair01Static,27,16,33365,26387,113376,2662.8
STAT,0002520D,NorDwelling03ExtPylons01,27,23,-13542,-8890,111661,2242.9
STAT,0006E1ED,MountainCliffSlopeSnowRocks01,27,25,23240,4645,133609,3188.4
STAT,00017401,TreePineForestCutLog02,27,13,27608,6295,121097,2406.3
STAT,0007E895,HHSteps05_HeavySN,27,13,50305,-56713,13995,34.8
STAT,000669D1,RoadStraight01EndFallForestDirt01,27,21,135091,-76600,41171,233.7
STAT,00022F21,NorTempleExteriorRibFree03,27,17,-31432,-19784,130468,1975.1
MSTT,00071D05,TundraStreamTransition01Rocks01,27,16,-75413,-33081,93075,1907.4
STAT,00091A0A,FenceWoven02Snow,27,4,150665,25519,11497,2.9
STAT,000885AE,RoadChunkM02ReachDirt01,27,20,-134637,22281,33801,239.7
FURN,0001A2AD,CraftingBlacksmithAnvil,26,25,-3136,10573,115802,2815.1
DOOR,00012EB1,FarmhouseDoor01,26,21,22707,38800,102543,1643.2
STAT,0003040C,CW1MeleeCloseAttacker,26,4,-56309,-12292,85379,354.8
STAT,000A9295,GiantObeliskBlue03MountainSlab,26,14,6903,11568,73600,444.7
STAT,0003FB06,StockadeScaffoldRamp01,26,15,11660,-40729,119315,1529.7
MISC,000318FA,CastIronPotSmall01,26,22,30380,-21089,106845,2751.9
ALCH,0003133B,FoodWineAlto,26,22,13665,26775,106619,2824.6
FLOR,0004DA04,FloraMushroom02,26,13,16696,-50526,94040,1386.6
STAT,0006F75B,ImpExtIceWall05,26,13,-7615,58026,114942,1373.9
STAT,0003AF99,RoadSignSolitude01,26,26,-27844,10015,97048,1719.3
LIGH,00088243,DefaultTorch01NS,26,21,-62609,55691,108564,3403.2
STAT,0009A7F9,NorTmpExtPlatFloorRaised01LtSnow,26,10,35324,29142,87389,1372.4
STAT,00076938,NorExtRubblePile05_HeavySN,26,18,24172,26846,106542,2645.6
MISC,00050E77,ShipOar01,26,14,20526,42717,132645,2565.2
STAT,000355D4,RoadStraight02Down01,26,22,7384,-6201,95911,1685.8
STAT,000CD0AF,RockPileL03Snow_LightSN,26,25,62738,48259,62548,1038.1
STAT,000A0C7B,NorExtWallBgHenge01SnowLight,26,20,35342,30449,108200,1957.1
WEAP,00013989,SteelSword,26,16,14105,21059,112860,2220.3
STAT,0003F979,ImpExtBldgCorner04,26,17,-27676,-19233,109494,1932.6
STAT,0009D999,GlacierPillarLg01,26,25,71573,117525,66687,561.6
SOUN,0010FD16,AMBrFrogsForestPineNightLP,26,24,42706,-36366,75867,496.7
STAT,000C5867,FarmhouseBRubble01,26,5,64537,-66956,75731,547.9
SOUN,0010FD2C,AMBrFrogsForestfallNightLP,26,25,135725,-86033,44420,300.1
STAT,000485E7,RockCliff01FieldGrass01,26,23,-33786,-675,81169,636.2
STAT,0006F26C,StockadeFreewallBeam01,26,8,148287,-92678,36388,409.4
STAT,0007A60D,CrateSmallLong03,26,12,-8942,72468,106126,1371.8
STAT,00026F7A,NorTmpExtPlatCorDblEnd01,26,15,-31948,26392,80981,761.2
STAT,0005B09B,DwePlatBgStairSingle01,26,12,1331,775,161683,1429.7
STAT,00073CD8,BoneDeerSkullStatic,26,18,9986,-12152,139202,2285.5
STAT,00036AEE,NorHitchPost02,26,9,-62670,19626,88429,1619.1
STAT,00088A4A,RoadChunkS01ReachDirt01,26,14,-144428,30452,30634,123.3
STAT,000273F3,SkyrimCloudShape01,25,25,-29508,9464,126723,3255.5
STAT,00017521,SkyrimCloudDistant03,25,25,10327,-8690,135106,4061.0
WEAP,00012EB7,IronSword,25,21,-27803,15150,114427,3289.7
CONT,000B7879,TreasKnapsack,25,24,29414,6920,122991,3403.3
STAT,000368BA,RuinsFloorCandleLampSmallOff02,25,13,12294,-17606,123634,3125.8
STAT,000C4E79,GiantObelisk02_MountainSlab,25,17,15187,29549,53805,342.3
CONT,00097F70,MiscSackLargeFlat03,25,23,48316,-7825,119921,2617.4
STAT,0002BE41,NorTmpExtPlatExSmFree01,25,20,-88228,2104,96237,2383.2
STAT,000C2C1C,CrateSmallLong04Weathered,25,18,57550,70919,114979,3639.5
STAT,000C2C17,CrateSmallLong02Weathered,25,16,48839,89496,92603,2368.1
CONT,00097F51,MiscSackSmall,25,21,40028,635,112092,2769.2
STAT,00052186,GiantSkewer01,25,12,2371,30147,54481,535.4
STAT,00026FDD,NorTempleExteriorRibFree03Snow,25,20,28662,7647,104475,2900.8
STAT,000D8277,ShrineBaseStatic,25,18,21597,-11760,107571,2402.0
STAT,000B242D,RoadStraightLong02Snow,25,23,3817,79369,69470,703.5
STAT,0007660D,DwePlatBgCorOut01Snow,25,13,64141,41224,61188,170.8
STAT,0002A30A,StockadeLeanTo01Light_SN,25,22,43611,71681,102573,1222.6
MISC,000E4897,RuinedBook02,25,12,-33048,6017,105696,1904.5
STAT,00086920,RockShelf02,25,25,-15584,115194,95142,403.1
STAT,000C39E6,RockPileM02WetRiverMud01,25,17,-54393,51955,74031,1049.1
MISC,00012FE7,Basket01,25,21,8647,29820,118353,2960.5
ALCH,00034C5E,Ale,25,10,1989,76723,106926,1170.2
STAT,00026FCE,NorTempleExteriorRibFree04Snow,25,18,11515,27293,116080,2500.4
MSTT,00097ED9,CivilWarBannerImp01,25,20,-2251,-2204,105807,2523.4
INGR,00045C28,Lavender,25,11,81382,-26797,117747,2215.0
STAT,0004F8F8,ShipWoodBeamStraight03,25,18,55748,120571,101185,579.6
STAT,00048DDF,MountainCliff01_LightSN,25,25,4310,-35931,118983,3896.9
MSTT,00077776,FXSmokeWispsLg2x1,25,23,99750,-7096,80873,2018.9
STAT,00052F76,RockPileS02PineForest02,25,22,9848,-18500,97685,1468.6
STAT,0005AD42,MineScaffoldFreeRope01,25,17,24910,3293,97386,2086.2
STAT,0003AF97,RoadSignMarkarth01,25,24,-78073,11810,78045,1354.4
STAT,000533CD,StockadeScaffoldStairs01,25,15,42855,-34619,107159,2420.6
STAT,00098BE2,DirtCliffsCornerOutVolcanicDirt01,25,25,131208,-15386,14144,56.0
STAT,0004D7C1,WalkwayStairs8,25,12,-35594,-32434,97064,1784.5
STAT,0003E22F,ImpRubblePiece01,25,13,22330,-67431,99434,1622.7
STAT,0008944D,RTLeavesFlat01,25,7,113112,-75112,82349,443.9
MISC,00012FEA,Basket04,25,20,33143,6681,117160,2911.8
STAT,000627F8,WRStablePlatStr01,25,8,25405,-13678,8286,11.5
STAT,000ACB31,HagravenFence05,25,17,-101274,11749,84396,1695.5
STAT,000C49ED,BoneHumanRibcageFullStatic,25,14,17011,-29669,98049,1881.0
STAT,000C49EF,BoneHumanSkullFullStatic,25,10,17690,-41930,91518,1856.0
STAT,000BC5EC,RockPileS04RFallForestDirt01,25,18,144484,-95436,41875,300.7
STAT,000ACB33,HagravenFence02,25,17,-104261,12721,72639,1002.6
STAT,00055A6B,DirtCliffs02ReachGrass01,25,25,-141570,48730,33089,260.8
STAT,000138C0,DragonMarker,24,19,17334,9423,111033,3060.1
FURN,000BFB04,SoldierWallIdle,24,15,75835,-38607,109002,1994.9
FURN,000D54FF,CraftingAlchemyWorkbenchTabletop,24,24,27357,17393,117072,2713.6
STAT,000C4E7C,GiantObelisk03_MountainSlab,24,10,-16133,11985,71059,673.6
STAT,0005AD5A,HangingAnimalsRing02,24,14,-13114,-33145,93034,1641.2
FLOR,000D8E80,CoinPurseLarge,24,23,7725,19397,108122,2691.7
STAT,0006EABA,WRFenceBase64ShiftL01,24,9,24151,-9499,10842,18.9
STAT,0010EAF1,Barrel02Static_HeavySN,24,9,-5127,72004,142830,1575.7
STAT,0006F759,ImpExtIceWall03,24,14,12157,32899,111353,1630.7
ACTI,0001A181,CWFortSiegePhase2Trigger,24,20,25599,3024,104626,2542.1
STAT,0005511B,DweFacadePartition01,24,9,22366,8238,155998,1808.4
AMMO,0006A0BF,DummyArrow,24,22,-14121,7318,114947,2603.0
STAT,0006095D,PortGateBaseDwemer,24,2,52525,46599,46211,5.1
STAT,00088A61,MountainTrim01RiverMud01,24,20,75839,-22917,140442,2572.8
MISC,000800E4,LeatherStrips,24,12,-1128,-20855,109933,2027.7
STAT,00039824,RockPileM03WetCoastBeach01,24,22,109741,107036,37758,109.9
STAT,00055C0B,DweFacadeTowerSpacer01,24,14,-52477,-2095,135915,2097.2
MSTT,00034417,FXWaterfallThinSpray2048,24,19,-18808,-4090,101959,2073.4
MSTT,0002BCC8,FXWaterfallThin2048x128,24,15,7874,-34256,125138,2044.6
STAT,00081396,VolcanicPlateauC,24,23,131876,-12977,15868,64.0
STAT,00013800,TreePineForestStump02A,24,24,21240,-27859,108183,2547.7
STAT,000D8D9E,RoadSignIvarstead01R,24,24,89532,-59314,52111,567.2
STAT,000C49E5,BoneHumanArmLStatic,24,13,30407,-42658,85800,1209.6
ACTI,000C9AF7,critterSpawnDragonfliesFireflies24x7,24,21,106391,-10218,69478,355.3
STAT,00028A73,NorTmpExtDebris07,24,21,-52163,37743,97903,1741.9
STAT,000B0171,RoadChunkM02FallForestDirt01,24,14,154304,-93715,28712,209.1
STAT,000B0158,RockPileS01FallForestGrass01,24,17,156996,-85492,20405,97.3
SOUN,000ABF1B,AMBWaterTundraVolcanicPoolsLP,24,20,129301,-21821,12070,39.7
STAT,000B233F,OrcAwningPartitionA01,24,8,17303,-46548,140238,1433.7
STAT,0001F1C8,RockPileL04ReachDirt01,24,23,-124055,28299,80042,1326.5
STAT,0008CC93,DweCivWarWallEndcap01,24,7,-150186,2724,27537,119.2
STAT,00056AD9,DirtCliffsIsland01Moss,24,21,-124051,-8995,25940,215.0
CONT,0001CD63,TreasRuinsUrnSmall01,23,19,-11953,29215,113566,3109.7
MSTT,00054173,SpitPotOpen01,23,20,42215,6056,124940,3591.2
STAT,0008E5FE,WeaponRackEndCap,23,7,73653,-18124,101799,1103.6
STAT,0006F741,ImpExtIceRubble04,23,12,34413,32077,113742,1983.4
STAT,0004287B,FXSnowDriftFlat04,23,11,86841,88611,55527,326.9
ACTI,00018425,PortGatePoleDwemer,23,3,52037,53864,48599,182.1
STAT,000C2C16,CrateSmallLong01Weathered,23,19,93816,65120,105837,2938.8
ACTI,000799B7,TrapBoneAlarmVertical,23,10,-11701,-4386,122840,1929.0
STAT,000E758D,FrozenMarshIceFloeL01,23,20,80114,53798,80767,319.7
STAT,0005CCE0,ShackWall03,23,15,-5555,-12778,103935,1794.3
STAT,0006F769,ImpExtIceBldgMid02,23,5,-76231,60977,112527,205.7
STAT,000AD23A,ImpExtStairs03,23,12,14462,-14297,113651,1307.6
STAT,000ACAFF,HagravenDeadSkeeverPole01,23,18,-65686,7639,113806,2146.8
STAT,000ADFFB,RockPileS01FallForestDirt01,23,20,139234,-90277,32407,211.2
STAT,000ACB27,HagravenHangingBall02,23,11,-70055,-21140,107468,2102.2
STAT,0001F1C5,RockPileL02ReachDirt01,23,21,-142705,21915,40324,324.8
STAT,00039ECC,RockPileS04ReachDirt01,23,17,-146435,36867,40946,257.7
CONT,00020654,TreasForswornChest,23,19,-123531,-1029,48933,476.6
ACTI,00079922,TrapFallingRockSm01,23,4,-76549,-60992,55652,58.6
STAT,0010C4D1,INV_SkyrimCloudDistant01,22,22,-59089,-7459,118125,3314.1
STAT,00031331,TundraPond01Tundra01,22,20,-28609,-1067,27897,144.8
FURN,000CAB95,DragonMound,22,22,10247,-4822,120193,2688.6
FURN,0002E6CF,CommonBench01,22,11,67013,-36349,116659,1342.4
WEAP,0006A0B9,DummySword,22,21,-24989,6542,119126,3044.8
MISC,000747FB,Bucket02a,22,18,39714,35723,122953,2128.4
CONT,000A918C,BeeHive,22,19,12780,-40629,75971,1231.9
ALCH,00057A7A,Skooma,22,7,-5342,80711,97339,873.2
STAT,000C1FBC,RockPileM02FieldGrass01,22,20,-70063,45252,38885,167.4
STAT,0004D715,DirtCliffsCornerIn01FieldGrass01,22,22,-59722,14642,59843,544.6
STAT,000531B4,RockCliff08Snow_LightSN,22,20,28873,-24080,92462,1975.5
STAT,0009B77D,NorExtRubblePile07_HeavySN,22,19,31843,33161,86426,1972.5
STAT,0007516E,RockCliff07SnowRocks01_LightSN,22,21,685,-6738,132142,2614.1
STAT,0001DA56,RoadStrToCurveRampL01,22,18,-34434,44306,98180,1804.1
STAT,0004F518,TreePineForestStump01Blank,22,22,20729,30822,114170,1571.8
FLOR,000ECE9A,TreePineForestHollow01BMoraTapinella,22,22,20386,-28080,102449,1702.3
STAT,0002ED73,RockCaveEntrance01Rocks01Snow,22,22,25733,20391,112106,2527.2
ACTI,000F0874,CWMapActivator02,22,19,13384,5442,123228,2758.5
STAT,0006F733,ImpExtIceBldgStraight04,22,12,-160,25725,119596,1824.7
STAT,0008976A,RockCliff08VolcanicDirt01,22,20,132887,-15736,17859,81.5
STAT,00089764,RockCliff02VolcanicDirt01,22,20,130609,-12523,19665,102.3
FLOR,000EC875,TreePineForestStump02AMoraTapinella,22,22,16797,-26551,111089,2547.7
STAT,00052B4E,DwePlatCorOut01,22,8,-85643,15194,97660,691.0
STAT,0005E833,NorTmpExtPlatCorOut01_LightSN,22,12,-41719,86645,105563,1875.2
ACTI,000D961C,dunCGEnableDisableTrigger,22,4,16961,-80967,2502,0.9
STAT,00013976,DirtCliffsCornerIn01,22,16,4391,-45953,29030,73.7
STAT,0003E224,ImpStoneBlock04,22,5,69837,-37827,40291,110.3
STAT,000ACB01,HagravenDeadSpriggan01,22,15,-22503,-577,134155,2093.8
STAT,000ACB07,HagravenHouseBones01,22,21,-78648,-7428,112218,2080.1
MISC,00104B40,BasicKnife01,22,21,67853,-17782,126749,2796.0
STAT,000669D2,RoadCurve90R01FallForestDirt01,22,19,113647,-80230,38646,199.9
STAT,0005511E,DweFacadePartitionRoof01,22,7,29295,-25313,162727,1179.2
STAT,0001AE1B,StockadeTower01,22,18,-34102,-19776,116872,2043.3
ACTI,0006B45C,critterSpawnDragonflies24x7,22,17,117870,-16900,12026,31.0
STAT,00057D6E,MountainCliffSlopeReachDirt01,22,21,-139090,43883,36153,340.2
LIGH,0002EE00,BleakFallsDraugrTorch01NS,21,13,54222,-23831,118645,2343.1
STAT,0002630E,SkyrimCloudDistant02,21,21,39209,-28868,159270,4858.0
STAT,000368C4,RuinsFloorCandleLampSmallOff,21,14,-13160,-1014,132799,3125.5
STAT,00044B95,NorExtWallBg1WayCurve01,21,12,-33437,33653,57903,808.3
MSTT,000CD823,FXfireWithEmbers01_lite,21,13,-3395,-10102,131199,2563.2
MSTT,0002F5B2,FXcobwebDangle01,21,15,16470,79,96315,2035.7
STAT,0006F758,ImpExtIceWall02,21,13,3914,38152,110069,1541.4
STAT,0002A295,StockadeStairs01Light_SN,21,7,52881,7465,70082,397.9
STAT,000B2422,RoadCurve90R01Snow,21,16,56537,14405,104160,1973.0
STAT,0006F742,ImpExtIceRubble05,21,12,24061,50382,115996,1878.7
STAT,0006F73D,ImpExtIceFloorChunk02,21,7,13359,4261,107190,1417.6
WEAP,0006A0BD,DummyBow,21,21,2544,9683,110143,2730.4
STAT,00036AC5,DweRubblePile07,21,14,62537,-11095,142611,1933.3
STAT,0004286D,FXSnowDriftFlat01,21,12,71573,71294,65074,447.6
CONT,00097F66,MiscSack02Small,21,17,29236,-11276,115236,2862.8
STAT,00099524,NorExtRubblePile08_HeavySN,21,18,43942,44269,83381,2225.0
STAT,000396A5,RockPileL03WetCoastBeach01,21,19,77650,99713,65024,1219.6
STAT,000533D8,StockadeWoodplanks04,21,12,-76192,29209,99627,1976.4
STAT,0003962F,RockPileM02Wet,21,10,40818,33031,68674,723.3
STAT,000BB8C3,RockM03Wet,21,21,-3046,32583,112446,2852.7
SOUN,000DCE8A,AMBWaterBoatLapExteriorSmallLP,21,15,32018,35776,133259,2766.0
SOUN,0002D3BC,AMBWaterfallSplatterLarge,21,19,-15914,-18287,113065,1877.4
SOUN,0001BA13,AMBWaterfallSplatterMedium,21,17,-19096,-24685,114674,2461.0
STAT,00016D5F,DirtCliffs03,21,16,9715,-45546,27552,97.7
STAT,00028A72,NorTmpExtDebris08,21,17,-25541,3723,90434,1348.2
STAT,00107A1D,Ivy01,21,10,15180,-45725,74111,978.3
FLOR,0004DA03,FloraMushroom01Small,21,12,-23049,-16213,91643,1652.8
STAT,0005CCE1,ShackWallDoor01,21,17,12969,-27010,109093,1913.3
STAT,000ACB06,HagravenHouse03,21,14,-105730,3049,65347,739.7
STAT,000ACB00,HagravenDeadSkeeverPole02,21,16,-36976,9235,129179,2153.2
STAT,000ACAFE,HagravenDeadGoatPole02,21,18,-63117,4599,122604,2522.6
STAT,00022665,RockPileL04RiverBottom01,21,17,108688,33326,98258,1425.2
STAT,00039EC4,RockPileS03ReachDirt01,21,16,-85395,12970,111339,632.1
STAT,000B0157,RockPileS02FallForestGrass01,21,12,165693,-90808,25300,118.9
STAT,000ACB2B,HagravenTusks01,21,13,-99246,-4421,94526,994.8
STAT,000ACB32,HagravenFence01,21,17,-103993,6714,80374,1764.8
STAT,00026F78,NorTmpExtPlatMid02,21,12,-104993,-6739,111357,1382.0
STAT,00028A8B,NorTmpExtPlatTower01,21,15,-134612,-9873,64260,928.2
STAT,000B01D7,RockPileL02FrozenMarshGrass02,21,19,-41768,83785,20283,84.6
STAT,0010C4A1,INV_SkyrimCloudShape03,20,19,26907,35356,121294,2983.3
STAT,0010C4AD,INV_SkyrimCloudShape01,20,20,7747,32489,123650,2484.7
FURN,00036ED3,Bedroll01,20,13,14880,-8661,115233,2260.9
TXST,000BB989,DecalGiantSymbols01,20,6,70127,-29583,88280,600.4
ACTI,0010D05F,MineOreIron02_LSnowRocks,20,20,69864,42324,75361,1658.4
STAT,0006E0ED,MountainCliffSlopeTundra01,20,20,-61893,19859,46555,347.6
STAT,0005CCC1,ShackFrameREnd01,20,16,-24670,-26920,87698,1375.5
ALCH,0003EADD,RestoreHealth01,20,15,13150,6610,102173,2367.5
MISC,0005ACE4,IngotIron,20,4,18549,24992,65580,492.6
STAT,0003E231,ImpRubblePiece03,20,12,60750,-70599,90931,1010.7
STAT,0003E233,ImpRubblePiece05,20,12,43002,-49885,95403,1355.4
STAT,000B0FA0,StockadeWoodplanks01_LightSN,20,8,31011,90481,84116,327.6
STAT,0006F744,ImpExtIceStairs01,20,16,-18404,41303,118507,1931.2
MSTT,000BCCB7,FXAmbGentlyFallingSnow00,20,16,23160,44581,67320,1412.8
STAT,0005C10C,MountainTrim02Rocks01_LightSN,20,19,-10400,27849,125769,3895.4
WEAP,000E3C16,weapPickaxe,20,18,63410,-29471,134254,2836.2
STAT,00096C3F,BoneMammothSkull2Snow,20,12,34110,43543,55712,834.9
STAT,00098498,NorExtWallBgStairR01Snow,20,13,-17232,47884,18319,34.8
STAT,000765F5,DweRubblePile01Snow,20,11,72541,35261,77350,1073.9
STAT,0006F15B,Stonewall02Snow,20,12,30058,19407,115398,1831.9
ARMO,00012EB6,ArmorIronShield,20,17,26329,5641,106840,2555.5
STAT,000396AA,RockPileL02WetCoastBeach01,20,20,58494,113327,47909,246.3
STAT,000513B8,ImpExtBldgSecondCorner03,20,10,29655,-27319,99612,1120.8
STAT,0003F978,ImpExtBldgCorner03,20,11,75490,-48302,72212,972.7
WEAP,00013983,SteelWarAxe,20,12,31283,27322,107698,1851.9
STAT,0008976F,DirtCliffsCornerIn01VolcanicDirt01,20,19,136393,-14410,15792,59.6
STAT,00090CC8,StockadePike01_LightSN,20,5,124631,8556,63327,331.7
STAT,00074CDD,DwePlatMid01LightSnow,20,1,99193,76079,481,0.0
STAT,0005C10B,RockPileM02PineForest01,20,15,-36067,-10700,87069,624.9
STAT,0006E03F,MountainCliffSlope_LightSN,20,20,-30535,20615,110028,2326.2
STAT,0004D7B1,WalkwayStairs4,20,14,-36447,-7357,118653,1937.0
STAT,000009A1,StonewallEndR01Ivy,20,9,-8475,-67325,34388,22.3
STAT,00107A1E,Ivy02,20,11,-12618,-42840,76991,925.4
STAT,000533D2,StockadeWoodbeam03,20,7,96751,-78840,85095,612.7
STAT,0005D0DF,MountainTrim01RiverbedEdge01,20,19,10669,-56986,54637,153.1
STAT,0006EAAA,WRFenceBaseCor01,20,7,27469,-11798,8992,10.6
STAT,000ACB03,HagravenHangingBall01,20,12,-72446,-22381,115887,2096.6
STAT,00054629,StockadeBuildingEnd01,20,4,-96737,-12239,77911,15.2
STAT,00050960,RockCliff05FallForestGrass01,20,20,134962,-90184,41241,349.5
ALCH,00064B40,FoodCarrot,20,12,7896,10818,124944,2067.0
STAT,0007A610,CrateSmallLong04,20,14,-9363,57153,108455,2492.7
STAT,000713C6,VolcanicSteamPool01,20,19,131376,-17015,14198,58.6
STAT,000885AF,RoadChunkM03ReachDirt01,20,15,-137482,25830,28895,151.2
STAT,00058F04,RockPileM02ReachMossyRocks01,20,16,-131470,8637,41126,269.3
SOUN,000D4048,AMBrFrogsReachNight01RadLP,20,20,-123358,13989,43717,355.9
STAT,000ACB05,HagravenHouse02,20,16,-120194,14997,40680,376.5
STAT,00027430,SkyrimCloudDistant05_50,19,19,31181,-54061,170224,5379.2
STAT,0001751F,SkyrimCloudDistant05,19,19,-52390,-22732,145784,3254.6
ACTI,000713C5,Water1024Volcanic,19,9,132356,-21827,14478,30.3
FURN,000CAE0B,CraftingBlackSmithForge,19,19,-16091,-7254,126749,3197.6
FURN,000D873D,Wounded02FloorMarker,19,18,13696,3468,109777,2539.0
WEAP,00020163,DummyDagger,19,19,-12341,13839,125128,3292.4
FURN,0003B072,CommonChair01LR,19,10,82169,-5943,117838,1601.0
TXST,00064806,DecalFlameBurnPlacedLarge01,19,4,69744,2100,140556,568.9
STAT,000273D9,SkyrimCloudShape02,19,19,39213,19986,126534,3543.0
STAT,0002521F,NorDwelling03ExtPylons01Snow,19,15,53616,65008,82357,588.9
STAT,000533BF,StockadeScaffoldTop3Sided01,19,12,98246,-64441,100139,1348.9
STAT,0005CD75,ShackRoofSide03,19,14,16113,-33251,102457,1559.5
STAT,00063F97,WRScafStr02,19,5,18474,-4378,7882,4.5
STAT,00017EDE,NorTowerRuins01,19,17,-60833,-10167,107155,1511.9
STAT,0002BAB8,RockCliff05,19,18,3120,-8099,109828,2363.8
STAT,000455D2,MineScaffoldRope06,19,12,1632,44167,101947,1921.8
MISC,000747FE,Bucket02b,19,18,-19579,11197,132608,2534.6
STAT,0007F94E,SnowDriftSm03,19,13,-13205,32102,113520,2129.8
LIGH,000B15EE,LightForgeFire01,19,19,-25822,-17516,119043,2777.3
STAT,0006F735,ImpExtIceBlocks02,19,12,-19152,19314,124253,1710.6
MSTT,0002F25B,FXAmbSnowBlowingSmInt,19,11,42551,17063,49139,294.3
STAT,0002EE90,RockL02SnowCustom02,19,15,40482,50433,27096,115.5
STAT,0006DD68,DweFacadeTowerRoof02Snow,19,12,76814,45825,84753,380.0
STAT,00019B15,HayScatter01,19,11,49174,-18870,103140,1531.7
ACTI,0010D05E,MineOreIron02_LRocks,19,19,72473,-16829,117763,2222.9
STAT,0006DD65,DweFacadeTower03Snow,19,6,87410,33107,105005,116.6
STAT,0007A605,CrateSmallLong01,19,14,19603,14490,123730,1919.2
STAT,000B242E,RoadStraightLongRamp01Snow,19,14,-1041,51872,114538,1633.3
STAT,00039DF9,NorDragonStatue01,19,14,-7512,-17925,109263,1945.3
STAT,00091A0F,WalkwayStairs4Snow,19,10,52084,91293,50898,470.1
FLOR,00034D30,HangingGarlicBraid,19,17,4431,-18636,136448,3686.9
STAT,000BB8C4,RockM04Wet,19,11,-41536,45144,111374,2252.9
STAT,0007F948,SnowDriftSm01,19,13,51463,62335,98624,1031.7
STAT,0001EF6D,RockCliff05Rocks01,19,19,6587,-6507,102975,2305.9
STAT,0003F812,RuinsAltarBroken,19,19,-28215,5984,113236,2081.4
STAT,00026FD7,NorTmpExtPlatStairMid01Snow,19,11,15452,-23522,80034,1306.0
MISC,00034CD6,RuinsLinenPile01,19,8,-61679,36744,91215,1428.5
STAT,00065CA3,GlacierRubbleTrim01_LightSN,19,17,97784,94503,20649,76.5
STAT,0001D4AD,NorPlatWall01,19,4,56978,-11302,69664,287.6
MSTT,0002C68A,FXDrips01,19,9,16656,65543,101195,2021.9
STAT,00017CD2,TundraPond01Coast1,19,19,96403,119818,82562,777.0
STAT,0004F8EC,ShipWoodplanks04,19,6,128079,35429,120728,1738.9
STAT,00022468,Bridge01,19,19,9088,-1817,101167,1773.8
MSTT,000F046B,MineralPoolBigWater02,19,17,127550,-15736,14340,47.3
STAT,0003F976,ImpExtBldgCorner01,19,12,-1222,-38255,111169,1957.8
STAT,0005CCDE,ShackWall01,19,13,-21908,7508,92637,1643.3
STAT,00107A1F,Ivy03,19,11,9255,-48668,76484,983.9
STAT,00052F68,RockPileS01RiverbedEdge,19,16,34551,-63414,63215,267.6
STAT,000533D7,StockadeWoodplanks03,19,10,-70471,31581,84869,1491.0
ALCH,000669A5,FoodLeek,19,8,14904,-881,94233,1131.5
STAT,0002FB63,ShackBrokePole02,19,7,67531,-16525,86480,1149.0
STAT,000C691A,RockPileS04FallForestDirt01,19,17,125809,-82187,49221,237.2
STAT,001091F0,FXWaterfallBodyTall02_static,19,14,66585,-33024,70212,695.2
STAT,0003F1F9,ImpExtTower01,19,9,48903,-31709,110401,1231.7
STAT,00028A8D,NorTmpExtPlatTowerBridgeFree01,19,13,-110419,-1156,92844,1349.7
STAT,000AE62E,DockStrSol01,19,10,-47829,75399,79015,1060.9
STAT,0007A083,RockCliff01ReachDirt01,19,19,-142163,18750,36490,355.9
STAT,000B010B,DockColStr01,19,5,-66645,94956,2379,1.1
FURN,000D873E,Wounded03FloorMarker,18,18,14384,19160,111147,2598.9
FURN,000D8738,Wounded01FloorMarker,18,18,18414,9221,112262,2540.1
DOOR,0002ABAC,NorDoorSmLoad02,18,17,-19013,44149,123635,3221.1
DOOR,00037CFE,MineDoor01Load,18,18,17063,-12853,145835,2831.5
STAT,00066AF6,ArcheryTarget,18,10,-44349,-12546,93990,1596.3
STAT,00017520,SkyrimCloudDistant04,18,18,48157,-31843,160456,4490.5
DOOR,0004203A,ImpDoorSingleLoad01,18,10,-8699,-12670,100595,1365.5
FURN,0009C6CE,CraftingSmelterMarker1,18,18,-6744,23071,134481,2514.2
IDLM,000FA6E4,ChickenFeedingMarker,18,18,39890,-10481,129342,2768.4
STAT,000A9294,GiantObeliskBlue02_MountainSlab,18,16,32906,-1091,82006,814.7
STAT,000533D4,StockadeWoodbeamShort02,18,11,38202,-30503,143007,1472.4
STAT,0005CD77,ShackRoofSide02,18,13,-16745,-16893,93028,1431.6
STAT,0005CCC8,ShackFrameLEnd02,18,13,-9790,-26089,92028,1736.3
STAT,00063FAA,WRScafRampTransTop,18,8,18561,-4895,8345,6.5
CONT,0008A3B4,TreasCWImperialChest,18,18,14754,12017,116505,2903.8
STAT,0001542D,TundraStreamBend01Tundra01,18,18,-32324,5465,36230,227.7
CONT,0002064F,TreasBanditChestBoss,18,18,40012,28400,102826,2761.2
ALCH,00064B3B,FoodSalmonCooked,18,11,41110,3118,125591,2574.3
STAT,0003925E,RockTundraLand03Tundra01,18,17,-7703,7740,60926,422.6
STAT,0006F73B,ImpExtIceDoorhole01,18,14,7079,54171,105854,1895.7
STAT,00074CE8,DwePlatBgStairSingle01SnowLight,18,6,88354,42060,29551,122.4
STAT,00076924,NorExtRubblePile03_HeavySN,18,17,35124,28318,104534,2646.0
STAT,00055120,DweFacadeTower01,18,10,60237,-22304,156291,2301.0
INGR,00077E1C,MountainFlower01Blue,18,11,6598,-2522,108305,2264.8
STAT,0002A2A0,StockadeScaffoldRamp01Light_SN,18,9,16562,80435,114824,1867.0
STAT,00059D5C,DwePtnWall01,18,7,75709,46369,62321,274.6
CONT,000AF6AE,TreasAlchemySatchelUncommon,18,18,-32324,-3072,113042,2730.1
STAT,00091A05,WalkwayStairs8Snow,18,7,-21692,78794,40527,194.9
STAT,0005C015,PeltFloor01,18,16,-24393,14486,124563,3074.7
STAT,0003F926,RockTundraLand01FieldGrass01,18,17,-33477,7925,59143,530.2
STAT,0003F977,ImpExtBldgCorner02,18,12,79225,-57859,80828,1120.7
STAT,00034CD8,RuinsLinenSheet01,18,13,56310,-1399,131720,2519.4
STAT,0001CD87,Road3way01,18,17,26169,-25488,90576,1595.0
STAT,000B244D,RockPileL02Rocks01Light_SN,18,17,39297,35469,140176,2803.1
STAT,00070BBC,CivilWarTable01,18,18,15478,12901,111356,2517.7
STAT,0001C0C0,HandCart01,18,16,26982,-5551,132563,2557.7
STAT,000C7930,BoneHumanRibcageFullStaticSnow,18,15,30751,47013,111034,3278.7
STAT,00036AC4,DweRubblePile06,18,16,8292,9726,153444,2327.6
STAT,0005EB21,RockCliff06SnowLight,18,17,74509,28130,100871,1995.4
STAT,0006CFCE,NorRubblePiece03snow,18,11,68801,2396,89262,287.3
STAT,000BBA00,RockPileM03Rocks01,18,18,25581,-4264,141401,2217.0
STAT,0008E2C0,IcebergSmall01_HeavySN,18,15,118784,93057,35458,243.5
STAT,000C9B57,ImpExtIceBlocks01_NoIce,18,6,78846,-17994,69727,19.8
STAT,000E6477,ImpExtIceRubble04_NoIce,18,5,79722,-20103,69917,17.2
STAT,000E6475,ImpExtIceRubble02_NoIce,18,5,34707,-63935,52921,21.2
STAT,0000099F,StonewallEndL01Ivy,18,6,-5551,-65505,34427,21.3
STAT,00054C38,RockPileM02FieldGrass02,18,14,-17770,-15232,98546,1025.7
STAT,00078628,HHSteps13_HeavySN,18,10,58256,-61852,12645,32.3
STAT,00079F9D,HHSteps17_HeavySN,18,7,49286,-46455,14406,23.9
STAT,0005DB00,RockPileL01PineForest02,18,18,8807,-19262,113050,1757.8
STAT,00034CD9,RuinsLinenSheet02,18,11,17894,9176,126857,1799.8
STAT,00055125,DweFacadeTowerRoof01,18,11,-111562,21468,127581,1631.4
MSTT,000E4E24,FXDweSteam01Short,18,13,120666,-21164,10555,21.3
CONT,0010CD5B,BarrelFish01,18,3,168055,-95140,2141,0.5
STAT,00089454,RTLeaves02,18,6,152786,-87271,85969,153.3
STAT,00055A6D,DirtCliffs03ReachGrass01,18,18,-137770,37036,42563,347.6
STAT,000885AC,RoadChunkM04ReachDirt01,18,15,-145205,18487,23983,104.7
STAT,00056AE2,RockPileL01ReachMossyRocks01,18,16,-131545,7096,51521,331.4
STAT,0010C4CB,INV_SkyrimCloudDistant02,17,17,-12966,-28450,136167,2017.1
STAT,0002630D,SkyrimCloudDistant01,17,17,30198,-29442,111737,2526.8
DOOR,0004D6ED,RiftenDoorLoad01,17,10,167710,-94404,21884,74.3
CONT,00054175,SpitPotClosed01,17,17,-19323,13706,128369,3003.4
DOOR,0002ABAB,NorDoorSmLoad01,17,16,-47279,54,103498,1940.3
ACTI,0003AC83,Water1024,17,17,67054,-61539,130863,2045.6
ARMO,0006A0B1,DummyShield,17,17,-27061,36503,107340,2339.9
MSTT,0002BEBB,CivilWarBannerStorm01,17,14,13200,-16110,80682,1442.5
MISC,000319E5,WoodenLadle01,17,17,22823,2919,112426,2560.1
STAT,0009B8CD,TreePineForestCutStump01Heavy_SN,17,11,36134,56020,50453,167.3
STAT,0003E22B,ImpWoodbeam05,17,6,33910,48406,107264,806.9
STAT,0007660B,DwePlatBgWall01Snow,17,7,74347,32504,44714,101.5
STAT,00055124,DweFacadeTowerBase01,17,14,-7455,21525,142075,2348.4
STAT,0009E2F4,ExteriorWoodenTable01snow,17,15,-24157,84789,116101,2052.6
MSTT,0003BC3E,RuinsPot01,17,12,16585,35291,115752,1753.8
FLOR,00034D2C,HangingFrostMirriam,17,16,-23682,4728,111261,2925.2
ACTI,0010D066,MineOreIron04_LTundraRocks,17,17,-56850,15537,41327,357.7
STAT,0001C0C5,HandCart02,17,16,47555,8941,106130,2410.5
STAT,000C792E,BoneHumanSkullFullStaticSnow,17,13,12429,39507,105840,2571.6
STAT,000396AB,RockPileL01WetCoastBeach01,17,16,68349,102845,61432,1221.9
STAT,000302C8,NorBridgeWoodPlanks01,17,6,65427,-10584,92187,616.8
STAT,000BD4A6,RockCliff07CoastBeach01,17,14,7721,110965,98658,685.6
MSTT,00105CC2,FXWaterfallThin2048x512,17,14,61405,-32121,82499,1570.2
STAT,0008976E,DirtCliffs03VolcanicDirt01,17,15,130564,-14130,16905,56.6
STAT,00089E5B,MountainCliffSlopeVolcanicDirt01,17,17,124974,-11025,19720,85.2
STAT,00074EBC,DweClutterColmLarge01,17,11,-31660,-5791,162585,2664.9
MISC,000F5D06,Shovel02,17,15,28671,9676,134937,1797.1
STAT,00054C44,RockPileM01PineForest01,17,17,-81325,41908,68642,594.3
STAT,00028A74,NorTmpExtDebris06,17,15,17630,-25854,124770,2455.0
STAT,00017F19,RockCliff08,17,16,-1146,-22713,110530,2014.8
INGR,0003AD66,HagravenFeathers,17,8,27380,-23460,109129,1233.8
STAT,00079F98,HhSteps06Narrow_HeavySN,17,8,58319,-62628,12122,21.5
STAT,0003E222,ImpStoneBlock02,17,3,54950,-33085,48204,14.2
MISC,000F2012,WineBottle01AEmpty,17,7,-54481,95901,112791,2784.6
STAT,00041A88,MountainCliffSlopeReachMoss01,17,16,-140155,43738,25154,127.3
STAT,0006A8C8,DirtCliffsCornerIn01ReachGrass01,17,17,-144869,35643,31905,228.1
ACTI,000524DD,MS09NonCombatTrigger2,17,4,-144182,117401,1472,0.4
ALCH,000EBA03,FoodClamMeat,17,1,-153739,112050,67,0.0
STAT,000D3C41,MineScaffoldFreeRopeEnd01_lightSNstock,17,2,-143653,105054,243,0.0
STAT,000B0188,DirtCliffsIsland01FrozenMarshGrass01,17,15,-49772,81303,16145,63.6
STAT,000993D5,NorHitchPost02Snow02,17,4,-76753,68562,72474,32.8
STAT,0010C4C2,INV_SkyrimCloudDistant03_O,16,15,677,7335,160880,3916.1
STAT,0010C4C5,INV_SkyrimCloudDistant03,16,16,-19653,4913,116985,2680.0
SOUN,00021704,QSTWordWallWhisper2DLP,16,16,18149,-2228,140891,3500.7
ACTI,000F0039,CWMissionGeneratorTrigger,16,16,13172,19432,113123,2494.0
IDLM,0008B82C,FlowersIdleMarker,16,11,41482,-50184,96307,1692.3
FURN,0003F7C0,ChairInvisibleSingle,16,15,28087,31807,130163,2822.7
STAT,000ACB28,HagravenTusks02,16,11,-69061,-11739,121897,1073.0
STAT,000ACB29,HagravenTusks03,16,13,-90087,1133,107229,1108.3
STAT,000273C1,SkyrimCloudShape02_50,16,16,44933,16496,111509,2838.3
STAT,000A9296,GiantObeliskBlue01MountainSlab,16,11,40913,3670,78079,863.5
STAT,000533B7,StockadeScaffoldTop2Sided02,16,10,27877,-45348,141308,1423.1
STAT,00067169,WRWallRubblePile04,16,8,26728,-285,14938,15.1
MISC,00104B3F,BasicFork01,16,14,31996,-5744,122296,2474.0
CONT,0008A3B6,TreasCWSonsChest,16,16,27788,419,109943,2104.8
STAT,0001E681,NorTowerRuinsIntTopFloor01,16,14,-55541,-9224,111507,1353.1
ALCH,00064B31,FoodCheeseWedge01,16,15,19551,37480,115699,1895.4
MSTT,00097ED7,CivilWarBannerImp03,16,14,31253,-16728,100058,1407.4
STAT,0006F760,ImpExtIceBldgCorner01,16,9,-20847,42633,115067,1707.2
FLOR,0004DA07,FloraMushroom03Small,16,10,-71054,10422,93785,1298.7
STAT,00098496,NorExtWallBgStairL01Snow,16,13,-9261,36557,44336,265.6
STAT,000C2C1D,CrateSmall02Weathered_LightSN,16,11,112344,30288,76447,859.2
STAT,00028A87,NorTmpExtDebris05Snow,16,12,3680,36871,63285,693.1
STAT,000B2421,RoadChunkS04Snow,16,10,49240,82,108306,1787.7
STAT,000B2420,RoadChunkS03Snow,16,8,60726,36999,107443,1915.4
STAT,0004CECA,ImpExtTower03,16,13,35441,-44484,109248,1574.3
STAT,0003FF09,RockPileL03SnowRocks,16,14,81976,963,106133,1608.5
ARMO,00013954,ArmorSteelHelmetA,16,15,15991,-2910,114099,2408.4
STAT,0002A34C,StockadeWoodbeam01Light_SN,16,5,30927,-47422,52668,542.4
ACTI,0005095E,WordWallTrigger,16,16,17989,-2299,140992,3499.6
STAT,000302C7,NorBridgeWoodPlanks02,16,6,13718,-4026,83428,562.5
STAT,0001E685,NorTowerRuinsIntTopFloorStairs02,16,11,-54653,-10698,125474,1345.3
STAT,000609DC,NorExtWallBg1WayArch01snow,16,9,928,37507,65127,526.4
STAT,00036AC3,DweRubblePile05,16,11,-6486,-2868,161855,2220.0
STAT,0005E3F3,GlacierTrim02_LightSN,16,12,122219,103547,50125,359.2
STAT,000C5497,NorExtRubblePile04_LightSN,16,6,36689,28437,89425,963.4
STAT,0005B4FD,RockPileL03RiverbedEdge,16,15,66468,-43496,65091,778.9
STAT,0006F746,ImpExtIceSupport01,16,7,17509,-36986,115224,1548.4
STAT,00074D19,DwePlatWall01SnowLight,16,1,99153,76187,662,0.1
STAT,00052EF2,MountainTrim02PineForest01,16,15,-971,-9750,112288,1259.4
ACTI,00046EFF,defaultSetStageTRIGSpecificActor,16,9,4048,-52967,65909,405.6
STAT,000C2CBE,BurntWoodbeam01,16,3,16005,-83621,1195,0.2
ACTI,0010E4B1,dunCGFireDamageTriggerBox,16,3,17704,-81766,2146,0.5
WEAP,0003B562,LongBow,16,12,-14792,-8919,107644,1706.5
STAT,000627E1,WRStableStr01,16,7,23435,-12423,8860,7.9
STAT,0006EAA7,WRFence64Ramp01,16,6,25744,-13893,9131,6.6
STAT,000ACB08,HagravenDeadElk01,16,16,-88844,-10985,89338,1112.1
MSTT,000ACAF4,HagravenBowl01,16,12,-67095,7964,113685,1421.8
STAT,000C49EC,BoneHumanLegRStatic,16,9,44339,-18036,123924,1726.5
STAT,000800D9,ImperialTentLarge,16,7,-32728,-5322,109574,1812.1
STAT,0008943F,RTLeaves01,16,6,110565,-67470,122706,489.1
STAT,0005FBC0,DwePipe1way01,16,8,104860,-53600,113453,1032.8
STAT,0005FBC7,DwePipeBroken01,16,6,104871,-54223,113157,987.2
STAT,000B0144,RoadStraightLong02FallForestDirt01,16,13,168091,-102488,36606,52.5
STAT,00026FC8,NorTempleExteriorRibFree04,16,13,-53727,-8353,112373,2458.2
STAT,0004195D,RockCliff02ReachDirt01Rocks01,16,15,-147539,31708,29552,195.9
STAT,00053925,RockPileM01ReachDirt01,16,14,-138332,26582,40316,299.6
STAT,0007AAD9,RockCliff05ReachGrass01,16,13,-140439,18527,46202,372.4
STAT,00052B5B,DwePlatWall01,16,2,-131998,9703,30996,4.2
MSTT,000F3DDE,NorExtWallBg1Way01Water,16,5,-88734,-33997,4223,2.4
STAT,000F026C,BFXOilBarrelClosed01Static,16,2,-41768,-85041,1221,0.2
STAT,0010C4A7,INV_SkyrimCloudShape02,15,15,50469,16158,104763,1751.4
FURN,00037A1E,InvisibleChairMarkerF,15,12,-37231,13659,101176,2253.7
IDLM,000B70F5,animalLayingDownIdleMarker,15,13,36617,-4326,135373,2781.4
FURN,000289D8,RuinsBench01,15,8,-43550,21142,111312,1186.8
STAT,0004D7AF,WalkwayStairs1,15,10,10813,-33271,96079,1535.4
STAT,00073CEA,BoneMammothSkull3,15,13,48474,-2228,106144,909.5
STAT,0006E10B,MountainTrim02FieldGrass01,15,14,-52089,29429,57974,429.1
ACTI,0010D063,MineOreIron03_LTundraRocks,15,15,-42901,6893,48818,437.4
STAT,0005CCE4,ShackWallTop01,15,9,7704,12650,101047,1585.9
STAT,0003E232,ImpRubblePiece04,15,10,105540,-59457,78469,980.9
STAT,0001608F,TundraStreamStraight01Tundra01,15,14,-19664,-1710,30725,167.0
STAT,00041EC7,FarmBench01Static,15,14,4958,-10336,110075,1982.6
STAT,000A4E74,GiantMortar01,15,11,6952,20354,62532,752.4
STAT,0006F761,ImpExtIceBldgCorner02,15,11,-39530,60300,113753,1182.0
STAT,00026FD8,NorTmpExtPlatStairMid02Light_SN,15,11,-21748,50869,60171,311.0
STAT,000E25DC,CommonTableLow02,15,15,22964,22441,106134,2299.0
WEAP,0006A0BC,DummyWarAxe,15,15,945,22964,126798,2688.6
STAT,000765FB,DweRubblePile08Snow,15,7,54827,28025,87334,657.9
STAT,0005B094,DwePlatBgCorOut01,15,11,99144,-8936,129664,1857.0
STAT,000681C0,FirewoodPileSmall01_LightSN,15,12,35510,78479,59190,566.6
STAT,000936E9,RockPileL02TundraRocks01,15,12,-43908,16970,42077,359.6
STAT,0003E631,CaveLamp02,15,10,-73060,-7456,82379,1430.3
MISC,00034CCE,RuinsScalpel,15,11,24217,-2848,112080,1672.4
ACTI,0010D049,MineOreCorundum03_LRocks,15,15,57700,-23578,121415,2871.2
STAT,00035F4B,Campfire01LandOff,15,14,22792,-919,113740,2358.1
STAT,0005C107,DirtCliffs03Snow01Snow,15,11,36610,713,110965,1618.3
STAT,0005C035,PeltHanging01,15,13,-5498,-692,120313,3216.5
CONT,00054174,SpitPotClosedLoose01,15,14,6870,36740,113028,2622.7
STAT,0006F73E,ImpExtIceRubble01,15,10,5864,-11545,119711,1860.5
ACTI,0010D062,MineOreIron03_LSnowRocks,15,15,29255,51770,118319,2176.7
STAT,000C7A12,BoneHumanArmLStaticSnow,15,11,15595,57816,108807,2530.1
STAT,0007C41E,BoneMammothRibsSnow,15,6,75440,21281,58904,117.3
STAT,00034CE1,NorSarcophagusBottom,15,8,21832,-23272,88282,1216.2
STAT,000BACAD,RockCliff01Rocks01,15,12,102109,-18194,108015,1795.3
STAT,00058EFB,RockPileL02RiverbedEdge,15,12,32882,-11052,106612,1468.5
STAT,000C1DC4,ImpExtIceBldgStraight04_NoIce,15,4,84350,-12966,67810,16.9
STAT,00042D04,NorSculptureHead01,15,11,17680,-17930,95572,1529.9
STAT,00061475,MountainTrim01RiverBottom01,15,13,-87190,-19666,97337,1229.5
STAT,000C2CB5,BurntRubble04,15,3,19173,-79729,2168,0.3
FLOR,00034D2D,HangingElvesEar01,15,11,-55647,-254,121116,3062.3
STAT,000ACB02,HagravenDeadSpriggan02,15,13,-69959,-12829,108345,2000.3
STAT,000BC54B,RoadChunkM03FallForestDirt01,15,9,138533,-91897,37413,199.3
STAT,000C49EA,BoneHumanHandRStatic,15,7,7260,-50261,70389,936.4
STAT,000C49E9,BoneHumanHandLStatic,15,8,22194,-45449,73217,899.0
STAT,000B0149,RoadCurveLong45R01FallForestDirt01,15,13,142014,-93722,27186,127.7
STAT,00036ABF,DweRubblePile01,15,9,-89413,384,128648,766.2
STAT,00093A89,WHfirebrazier01,15,6,137224,33892,3724,2.0
MISC,000F2013,WineBottle01BEmpty,15,5,-48033,94819,80980,988.3
STAT,00041CD8,RockPileL03ReachGrass01,15,15,-138664,34225,28213,168.2
STAT,00056ACD,DirtCliffs03Moss,15,14,-121137,7349,45160,300.9
STAT,000D8759,Slightpost01,15,10,-69163,110338,14061,34.0
STAT,000B01D8,RockPileL02FrozenMarshLichen01,15,13,-35794,77577,16922,68.2
ACTI,000DDF4C,critterSpawnFirefly24x7,15,13,-48348,86648,14261,44.6
AMMO,00038341,FalmerArrow,15,1,-91899,67216,252,0.0
ACTI,000CAF75,DragonMoundBase,14,13,12008,-24552,125921,2198.4
FURN,0006E7A6,CommonChair01FL,14,11,-3741,2096,130992,2257.1
ACTI,000CAF74,DragonMoundDirtCapPlaced,14,14,-10229,-11252,121923,2263.4
FURN,0006D911,CommonChair01L,14,14,33548,-22326,124612,2779.2
WEAP,000135B8,Imperialsword,14,8,60417,5196,104927,1365.7
STAT,0010C4C9,INV_SkyrimCloudDistant02_50,14,14,33137,-45830,70334,1039.2
STAT,0009D46D,GiantObelisk04_MountainSlab,14,9,34186,-6645,82060,701.7
ALCH,00064B3E,FoodLeeksGrilled,14,12,65531,-1191,115236,2627.9
MISC,0006717F,Broom01,14,12,22582,-3862,136936,3057.8
STAT,00067164,WRWallRubblePile03,14,10,22478,-1483,15253,22.0
STAT,0001EFA2,RockPileL04,14,14,-19225,-32809,78080,1245.9
MSTT,0002F5B1,FXcobwebDangle02,14,11,-28602,11374,102892,1902.6
FLOR,0004DA06,FloraMushroom03,14,9,53639,-37902,86486,1129.2
STAT,000B2428,RoadSCurveR01Snow,14,14,80179,42329,77417,1322.7
STAT,0005B09C,DwePlatBgWall01,14,8,10721,-3529,164846,1873.0
FLOR,0004D9FF,FloraMushroom01,14,12,-1890,-40957,111247,2022.7
STAT,00096EDE,RockPileL02Rocks01Heavy_SN,14,12,68022,-11469,115542,2184.4
MISC,00012FE8,Basket02,14,13,50828,-12814,124620,2545.9
STAT,000513B4,ImpExtBldgSecondStraight03,14,7,87436,-29267,100761,1195.9
STAT,000513B7,ImpExtBldgSecondCorner02,14,8,40343,-28368,107504,1005.3
STAT,0002EB0E,FXGlowFillRoundMid,14,11,57834,51360,114057,2409.0
STAT,0005C017,PeltFloor03,14,14,22404,8785,128497,2508.9
STAT,0003E225,ImpStoneBlock05,14,8,85767,-45358,59092,1013.0
STAT,0004F8E9,ShipWoodplanks01,14,6,33602,90270,139047,1927.9
STAT,00060E2F,RockPileM02Dirt01,14,12,28318,-14122,105579,2004.7
STAT,00091A0E,WalkwayStairs1Snow,14,5,132884,47172,42261,206.9
ALCH,00065C97,FoodBread01A,14,12,13701,11210,122640,2300.2
CONT,00024CA5,Dresser01,14,12,49360,10772,115088,2460.5
STAT,0001E680,NorTowerRuinsIntBotFloor01,14,14,-31726,-13080,124385,2079.1
STAT,0001E684,NorTowerRuinsIntTopFloorStairs01,14,12,-71712,6439,95117,1286.2
STAT,0005C036,PeltHanging02,14,11,-12563,4040,124481,3041.3
STAT,000180E2,IcebergLarge_LightSN,14,14,111363,96430,27556,124.8
STAT,00028A83,NorTmpExtDebris01Snow,14,9,-12712,51944,61880,1165.8
STAT,0006E129,MountainCliffSlopeRocks01,14,13,46593,-2392,115010,2042.9
STAT,00089769,RockCliff07VolcanicDirt01,14,14,132299,-13710,19888,89.0
MSTT,00077775,FXSmokeWispsLg1x1,14,12,19470,-14806,138416,1617.8
STAT,000924A4,MountainTrim01VolcanicDirt01,14,12,126605,-14666,17725,42.8
STAT,0005E83F,NorTmpExtPlatWall02_LightSN,14,8,23076,73310,119293,1510.9
STAT,00105564,WinterholdExtRing01,14,1,116384,111648,0,0.0
STAT,0005DCE2,RockPileS03PineForest02,14,12,6723,-41393,98265,575.4
STAT,0006EAAC,WRFenceCor01,14,6,24442,-15410,7763,9.0
MSTT,00101CF3,FXAmbSnowBlowingPlaneHeavy,14,8,49416,-50710,10627,15.9
STAT,000513B9,ImpExtBldgSecondCorner04,14,10,-35157,-20817,90346,1546.0
MSTT,0003441F,FXWaterfallThin4096x256,14,11,-14973,-39497,102534,861.4
STAT,000513B2,ImpExtBldgSecondStraight01,14,8,75652,-27754,111239,1127.3
STAT,000B0170,RoadChunkS01FallForestDirt01,14,6,157124,-97570,5640,5.3
STAT,0008CC94,DweCivWarWallEndpost01,14,7,-157317,20698,27576,152.8
STAT,00058EF5,DirtCliffs05Moss,14,13,-133819,27602,40699,230.7
STAT,0002754F,SkyrimCloudDistant01_O,13,13,26257,-59386,155309,3680.4
STAT,000273E8,SkyrimCloudShape01_50,13,13,104582,-16609,102400,1407.5
STAT,000AAA36,PracticeDummy02,13,11,-26109,-23987,65688,1001.2
ACTI,00046EC6,StockadeBarricade01ActivatorLight_SN,13,4,2953,70031,65789,14.2
WEAP,0006A0B8,DummyGreatSword,13,13,-29989,-4417,115171,2805.5
STAT,00027481,SkyrimCloudDistant02_O,13,13,56871,-65534,100192,1446.6
STAT,000273B0,SkyrimCloudShape03,13,13,-35818,28859,120008,2244.7
STAT,00027437,SkyrimCloudDistant04_O_50,13,13,98476,-68893,115328,2568.3
MSTT,0005B8F6,Hoe,13,9,14738,-1680,127656,990.0
STAT,0005CCDB,ShackRoofMid01,13,7,24596,3006,108119,1633.3
ACTI,0004A047,TrapBoneAlarmHorizontal,13,7,-109679,-14602,56652,324.9
STAT,00067168,WRWallRubblePile02,13,5,20000,-3754,9248,5.9
CONT,0010AAD2,TreasStrongBox,13,13,20169,-15966,111805,2179.5
WEAP,0006A0BB,DummyBattleaxe,13,13,25010,23162,114232,2507.1
STAT,00089F34,WRWallStrUp128,13,8,23401,-4891,4463,4.0
STAT,0006F75A,ImpExtIceWall04,13,9,22560,28774,94979,1122.0
ACTI,0010D04D,MineOreCorundum04_LSnowRocks,13,13,51541,68752,52738,537.1
STAT,0006F74A,ImpExtIceTowerShellBase01,13,9,-7669,52222,117622,1568.4
STAT,0001AE18,StockadeBarrier01,13,7,-37224,-2843,110830,1380.8
STAT,0002EE93,RockL04SnowCustom01,13,10,31606,62976,52683,288.4
STAT,000765F9,DweRubblePile06Snow,13,7,88937,12660,91893,720.3
STAT,0007660A,DwePlatBgStairSingle01Snow,13,7,64068,37048,76043,290.0
STAT,00028A89,NorTmpExtDebris07Snow,13,11,-33131,44183,106199,1785.2
ARMO,00012E4D,ArmorIronHelmet,13,13,-41777,24508,101254,2186.0
STAT,00055117,DweFacadeHallSm1way01,13,8,19726,38010,116280,728.0
STAT,0006C0E9,NorExtWallBg1WayCurve01snow,13,9,91523,-18795,123494,1188.9
STAT,0003F7EE,RuinsBrokenBench02,13,10,-36243,-3507,126317,1957.6
STAT,00025849,NorDwelling04ExtBaseBSnow,13,10,51157,43522,98089,2286.9
STAT,000BDAB4,RockPileM03Rocks_HeavySN,13,12,54787,6497,74694,970.4
STAT,000C2C1E,CrateSmall01Weathered_LightSN,13,9,40501,80307,93056,400.4
STAT,00026FCD,NorTempleExteriorRibFree05Snow,13,11,17671,-14498,118657,2765.8
STAT,000B4A7E,RockCliff08CoastBeach01,13,13,-18791,130777,81397,420.9
MISC,00034CD0,RuinsScrewTool,13,10,26382,-30929,92648,1240.8
CONT,000ACD6F,TreasSatchel,13,13,-441,4131,132721,2479.3
STAT,0006F76A,ImpExtIceBldgMid03,13,5,-88948,65486,121200,967.5
STAT,00033C0E,RockCliff05CoastBeach01,13,13,518,128008,99310,486.5
ACTI,0004DCAE,defaultAddMusicTrigger,13,13,6290,2013,132142,3004.4
STAT,00028A8A,NorTmpExtDebris08Snow,13,12,2883,31151,95972,1364.9
STAT,0005DFE4,NorDragonStatueMetal02Snow,13,6,25318,-22971,105527,869.4
STAT,00039393,RockPileL02Wet,13,11,36002,40670,94323,1009.8
STAT,0001D4AB,NorPlatCorOut01,13,4,45259,-11278,76446,289.0
CONT,0001C4AA,TreasRuinsUrnLarge02,13,9,-65580,43854,80315,1115.2
STAT,000AD254,RockCaveEntrance02,13,13,-10229,-10480,123009,2366.9
STAT,000C1DB8,ImpExtIceWallDivider01_NoIce,13,4,112061,11137,37569,11.7
STAT,0002A293,StockadeWallCornerIn01Light_SN,13,9,-7404,10955,131821,1329.5
MISC,00071CF3,OreIron,13,5,27681,-12724,150558,1990.0
STAT,00022666,RockPileM02RiverBottom01,13,11,114749,72973,78377,820.6
STAT,0005B7E1,DirtCliffs02PineForest02,13,13,13818,-62246,71843,443.1
STAT,000C4B9A,BurntRubbleNoDirt05,13,6,28891,-69997,67766,880.0
ACTI,000A914E,critterSpawnInsects_Bees,13,10,46152,-60736,80766,1036.4
STAT,00063F72,WRScafStr01,13,4,17851,-8239,3630,0.8
STAT,0006E043,MountainCliffSlopePineForest01,13,13,132759,-38024,55275,251.3
STAT,00078640,HHSteps10_HeavySN,13,6,58266,-64508,10692,15.9
MSTT,000ACAF7,HagravenElkHorn01,13,7,89375,-16745,108670,1224.3
MSTT,000ACAF8,HagravenDeadSkeeverHead01,13,12,-60178,-20149,112890,867.3
STAT,000C49F0,BoneHumanSpineStatic,13,5,16133,-53542,63257,498.0
STAT,00044B82,NorExtWallBg1WayArch01,13,8,-28341,17992,51083,435.0
STAT,0005EA7E,RockCliff02FallForestDirt01,13,10,110015,-74211,38558,245.8
STAT,000C49EB,BoneHumanLegLStatic,13,10,42356,-14112,117583,1794.0
STAT,0005B096,DwePlatBgMid02,13,5,-12193,-2330,160910,1002.2
STAT,00074EBB,DweClutterArchSmall01,13,7,135659,-79911,43321,232.8
STAT,0008976D,DirtCliffs02VolcanicDirt01,13,12,134961,-18152,16599,52.5
STAT,000513B3,ImpExtBldgSecondStraight02,13,6,76254,-34885,109440,1143.3
ALCH,000669A2,FoodVenison,13,7,15462,-43980,108804,1140.5
STAT,0005FBCA,DwePipeEnd01,13,4,167427,-12668,1799,0.4
STAT,0008863F,RoadStraight01ReachDirt01,13,8,-140489,21888,23302,68.2
STAT,00056AE5,RockPileM02RiverbedEdgeReach,13,8,-145200,5488,38210,159.9
STAT,00052B5C,DwePlatWallStair01,13,5,-128355,4156,35505,6.9
STAT,00056AD7,DirtCliffsCornerIn01Moss,13,12,-126448,25872,43368,235.4
STAT,000B4386,RockCliff01FrozenMarshGrass01,13,13,-38275,85094,17379,38.8
STAT,000D9304,BurialCairnStatic01LDirt02,13,5,-36620,15674,48288,150.3
STAT,000F026D,BFXOilBarrelClosed02Static,13,2,-41816,-85082,1163,0.2
IDLM,000F6EDF,BlowHornStormcloak,12,7,77933,-36730,67040,556.8
STAT,00027483,SkyrimCloudDistant02_50,12,12,-3674,-47915,126731,2376.4
STAT,0010C4B9,INV_SkyrimCloudDistant05,12,12,-40231,14868,160176,3744.7
FURN,000BAD0C,CraftingAlchemyWorkbench,12,12,-5959,-7223,144118,2636.5
FURN,0006D90F,CommonChair01R,12,12,53417,-34117,115314,1415.3
FURN,00066015,DweFurnitureBench01,12,3,-131407,22549,73382,418.1
TXST,000BB9CC,DecalGiantSymbols01Big,12,5,10300,-3373,120590,376.8
WEAP,00020154,DummyWarhammer,12,12,-7854,2201,103353,1943.6
CONT,000F1F66,TreasBanditChestSnow,12,11,44012,14056,108519,1881.0
STAT,000C0192,GiantObeliskBlue04_MountainSlab,12,8,14403,18085,55985,195.6
STAT,0005CCBE,ShackFrameMEnd01,12,10,28714,6608,104880,1772.5
STAT,00043947,DirtCliffsIsland01Tundra,12,8,7053,3336,29518,130.6
STAT,0008278D,WRBrazier01,12,7,21028,-4371,10649,17.3
STAT,0006EAB8,WRFenceBase64ShiftR01,12,7,24443,-11829,10413,13.7
MSTT,000FD0D1,FXSplashHeavyWater,12,12,22277,-12011,88286,1579.3
CONT,00092B13,BarrelIngredientUncommon01,12,10,35299,-16734,97516,1050.8
FLOR,00052185,GiantSkewer01CharredSkeever01,12,10,18463,25238,64581,681.7
MSTT,00097ED8,CivilWarBannerImp04,12,10,-22516,61340,101473,1083.2
DOOR,000ECCE8,DwePtnDoor01NoName,12,6,61664,49837,40086,182.6
STAT,00028A88,NorTmpExtDebris06Snow,12,11,15793,24258,86448,1327.1
STAT,001083D7,FarmBannerPost01,12,7,-10395,29725,106233,1194.5
STAT,0006F705,ShipStairs01,12,7,72278,8575,136292,1135.7
STAT,0004D709,DirtCliffs02FieldGrass01,12,12,-48405,23000,58453,476.9
STAT,0002BC10,ImpExtWindow01Dark,12,5,-38657,-25423,53060,153.5
STAT,000A2FEF,FalmerTotem01Snow,12,4,92055,59551,40765,162.5
STAT,000395AE,RockPileL03Wet,12,11,85544,800,102256,1671.0
STAT,000674BB,RockPileS02FieldGrass01,12,10,-52498,31500,60702,385.7
STAT,0005DFE6,NorDragonStatueMetal03Snow,12,7,26904,56951,79717,978.1
STAT,000CA4CD,BoneHumanLegLStaticSnow,12,9,4010,59662,125425,2363.9
CONT,00020671,TreasDraugrChestBoss,12,12,43379,1521,122503,3000.0
ACTI,0010D03F,MineOreCorundum01_LRocks,12,12,23989,-9492,99837,1441.3
STAT,0005AD45,MineScaffoldFreeRope03,12,12,25582,-25018,97887,1631.6
MSTT,0002A5FD,RuinsLargeUrnChunk02,12,7,-17751,-12560,115623,1609.2
STAT,00065CA4,GlacierRubbleTrim02_LightSN,12,11,115564,87359,35645,165.7
MISC,0005AD9E,IngotGold,12,2,138761,96457,51083,0.3
STAT,000455AB,MineWoodplanks02,12,7,89302,73986,79812,552.4
STAT,000CC75F,IcePileL01SnowRocks01,12,10,113895,82553,86495,404.5
STAT,000E6472,ImpExtIceRubble01_NoIce,12,6,113212,11845,18988,7.3
STAT,000C9B55,ImpExtIceArchSupport01_NoIce,12,2,119669,18290,1239,0.3
FURN,0006B57B,NobleBench01,12,5,88467,110766,61141,18.7
STAT,0004D7B0,WalkwayStairs3,12,10,25377,-51196,79734,1114.0
STAT,00060165,CivilWarBanner02,12,7,40217,-50878,111283,1663.7
LIGH,0008278A,WRLightFireStreet01,12,8,10950,-45216,45018,54.3
STAT,0003A1FA,NorVineWall03NoCol,12,4,-4300,-58197,87428,293.1
STAT,00018C9E,RockPileS04PineForest02,12,9,-36305,-68779,29317,109.4
STAT,000627EE,WRStableStr01End,12,7,23390,-12845,8856,8.3
STAT,0006EAA8,WRFenceBase4Way01,12,8,21782,-13686,7560,8.5
STAT,000A88CF,WRFenceBaseRubble01,12,4,19744,-17508,2716,1.1
STAT,000C49E6,BoneHumanArmRStatic,12,10,14881,-23754,108766,1835.3
LIGH,000B735D,SLightCandleStreet01,12,12,-54987,93976,52618,282.1
STAT,00079F94,HHSteps05,12,5,70175,-55824,2726,1.2
STAT,000ACB04,HagravenHouse01,12,12,-84928,-12267,111628,1492.6
STAT,0006699F,RockShelf01FallForestDirt01,12,9,152830,-99374,26227,91.1
MISC,0005ACDC,OreEbony,12,4,159325,-10511,29027,6.6
STAT,000B233E,OrcAwningPartitionB01,12,5,31123,-50458,145031,1397.3
STAT,0001AE17,StockadeWallCornerOut01,12,6,-65702,-20641,93996,1039.0
STAT,00068796,DweClutterBowlShape01,12,4,-143066,13369,34124,120.0
STAT,0007FC4B,RockCliff01ReachMoss01,12,11,-132096,29041,42849,278.3
STAT,00056ADC,DirtCliffs04Moss,12,11,-135366,38009,27811,149.5
STAT,0007E606,RockCliff07ReachMoss01,12,12,-123281,4286,45453,271.5
STAT,00080384,RockPileS02ReachGrass01,12,12,-139166,27761,42680,362.8
STAT,00056AD5,DirtCliffs02Moss,12,11,-121339,7781,50934,254.0
STAT,0004F8F7,ShipWoodBeamStraight02,12,2,-122593,130752,7969,2.8
STAT,00022831,RockPileL04PineForest01,12,12,-73016,47545,66750,356.4
STAT,000B01D9,RockPileL03FrozenMarshGrass01,12,11,-38696,75972,17885,40.8
STAT,0010C4A4,INV_SkyrimCloudShape02_O,11,11,22870,45774,85534,1215.1
STAT,00027447,SkyrimCloudDistant04_50,11,11,-21700,-15623,160081,3621.8
ACTI,00106A25,Water1024CreekFlowSW,11,7,-36353,-54098,53673,173.3
WEAP,00013790,IronWarAxe,11,11,65541,-17200,109930,1861.4
FURN,00038A49,CreatureAlcoveMarker,11,9,-3155,22104,110192,1790.1
FURN,000A4ABA,FarmTableBench02,11,8,-52502,7746,96645,1714.8
FURN,000A91BF,WoodChoppingBlockSnow,11,10,71529,39603,98600,1813.4
ACTI,000B2178,DialogueWinterholdInitialTrigger,11,4,109297,102661,2497,1.2
FURN,000A4ABB,FarmTableBench01,11,9,10246,-8766,119832,1908.7
STAT,00027472,SkyrimCloudDistant03_O,11,11,26565,-89525,125438,1044.0
STAT,00099568,TreePineForestLog02Light_SN,11,11,-16257,38215,103638,1626.8
STAT,0005CD76,ShackRoofSide04,11,10,7709,-38574,96525,1376.8
ALCH,00064B3A,FoodPotatoesBaked,11,10,39321,12721,123065,2666.3
STAT,000AD24E,RockAnimalDen,11,11,56369,-38492,96233,1730.5
MSTT,0006D617,Hook,11,11,75498,12674,96363,1567.3
STAT,0006F762,ImpExtIceBldgCorner03,11,9,-33809,77558,113973,1519.2
STAT,0006F76D,ImpExtIceBldgSecondCorner03,11,8,19252,8416,106795,1221.6
STAT,0006F76B,ImpExtIceBldgSecondCorner01,11,9,20615,48039,102714,1660.8
STAT,0002EE86,RockCliff02Rocks01SnowCustom02,11,7,-17883,54342,84782,906.4
ACTI,000F964B,dunStoneFoundTrigger,11,11,22732,21392,124430,3067.3
STAT,0006E1E9,MountainCliff04_SparseSN,11,11,77886,-6146,135931,1899.5
STAT,000765F8,DweRubblePile05Snow,11,7,54844,45672,59265,457.8
INGR,00077E1E,MountainFlower01Purple,11,7,-1213,40208,100928,1541.6
STAT,000C841C,GlazedCandlesStatic,11,5,-10279,40492,116473,708.4
STAT,00055119,DweFacadeHallSm3way01,11,7,-34959,57258,112949,794.3
STAT,0002A337,StockadeScaffoldBase4Sided01Light_SN,11,7,-21045,65446,112728,1418.6
STAT,0004EFCF,DweFloorRaised01,11,5,-137174,15978,56749,292.7
ALCH,00064B35,FoodCheeseWheel01B,11,11,15263,34240,138120,2516.3
STAT,0002A341,StockadeScaffoldTop2Sided01Light_SN,11,4,68351,89186,63549,215.7
INGR,0001B3BD,Snowberry,11,5,88289,39569,71917,616.4
STAT,0001C570,Walkway01,11,4,3023,-44142,74092,962.7
STAT,00040B36,ImpExtTowerShellStairs01,11,10,87438,-65830,69156,769.6
MSTT,0003BC42,RuinsPot03,11,8,89635,8974,108092,2130.1
MSTT,00054181,SpitPotOpenLoose01,11,10,60558,8198,108139,1784.1
STAT,000B5F20,TreePineForestUprootedStump01Heavy_SN,11,11,53746,56159,77361,448.0
STAT,0004F8EA,ShipWoodplanks02,11,8,43006,67681,139660,1658.1
STAT,000D5573,RockPileM01Snow01_LightSN,11,11,37742,11284,101941,1590.4
STAT,000D5713,CrateSmall03WeatheredSnow,11,7,36546,86531,105793,497.0
STAT,000687A7,StockadeWoodplanks03Light_SN,11,6,74308,72355,65038,257.9
INGR,00034CDF,SaltPile,11,7,-1439,9257,115612,1016.8
STAT,00028A85,NorTmpExtDebris03Snow,11,8,-5761,36893,84061,860.9
STAT,0001E686,NorTowerRuinsRamp01,11,10,-67932,-3171,102086,1003.7
STAT,00030B00,NorTmpExtPlatExSmFree01Snow,11,9,5002,36642,91360,1435.5
STAT,000C79C8,BoneHumanLegRStaticSnow,11,7,59870,68132,107111,1662.6
STAT,0006CFCD,NorRubblePiece02snow,11,10,80951,23202,65833,501.4
STAT,0002A33B,StockadeScaffoldBase1Sided01Light_SN,11,1,92926,90666,996,0.1
STAT,00022668,RockCliff01RiverBottom01,11,10,47769,43645,122233,2291.0
STAT,0002266F,RockCliff07RiverbedEdge01,11,8,22402,31605,111484,1735.4
STAT,000EE3A1,IcePileL02coastbeach01,11,11,88814,110651,87764,786.5
STAT,000E6479,ImpExtIceRubble06_NoIce,11,3,91960,-7255,64201,14.1
STAT,000A0EB3,MountainCliffSm01_SparseSN,11,11,77341,-19531,132227,1762.9
STAT,00013303,DirtCliffs01,11,9,20224,-40673,37253,82.1
STAT,0005EB20,RockCliff05SnowLight,11,11,8690,27854,103898,2027.8
STAT,00013974,DirtCliffsIsland01,11,8,3314,-29479,65024,852.0
STAT,000AB902,ImpExtIceStairs03,11,5,51157,-50127,73435,123.0
ALCH,00064B3C,FoodSlaughterfishCooked,11,5,96436,-33179,93697,1586.1
STAT,0005CCC5,ShackFrameTurnCorner02,11,8,5641,-10500,98925,1486.0
STAT,00034459,NorRubblePiece02,11,8,-35201,-37660,28932,78.4
STAT,00034458,NorRubblePiece01,11,10,-47155,-36931,68123,758.4
STAT,000C49E7,BoneHumanFootLStatic,11,5,23015,-49934,70953,795.2
ALCH,00064B42,FoodTomato,11,3,-49109,42165,56665,116.9
STAT,0003F943,ImpExtBridge01,11,10,71226,-50251,102239,1249.4
STAT,0003AF96,RoadSignHelgen01R,11,11,97277,-84174,59171,132.1
STAT,0004094A,RockCliff02PineForest01,11,8,-68024,66387,107155,703.7
STAT,0005D095,MountainTrim02RiverbedEdge01,11,9,41051,-61450,63100,182.9
STAT,0007E898,HHSteps13,11,3,71601,-56117,2105,0.5
STAT,000B014E,RockPileL04FallForestGrass01,11,10,159833,-99590,36147,180.6
MISC,00034CD4,RuinsScissor,11,8,25193,-13332,118625,1359.0
MSTT,000E8B39,FishingPole01,11,9,24345,-12821,128411,1716.9
STAT,000B0148,RoadChunkS03FallForestDirt01,11,6,182214,-103567,23700,23.4
STAT,00043CD0,RockCliffMineEntrance,11,11,41501,-36571,147380,2430.4
STAT,000936C5,RockPileL01VolcanicDirt01,11,10,134216,-17159,13337,30.2
STAT,000513B5,ImpExtBldgSecondStraight04,11,7,67069,-32306,114153,1121.1
FLOR,000F5ECB,DeadSalmon02NoNail,11,5,31984,41252,129406,739.6
FLOR,000F5ECA,DeadSalmon01NoNail,11,4,84663,-10793,158868,866.0
STAT,00042D44,OrcShelf01,11,4,18251,14334,155349,975.7
STAT,0009A359,WHshorttower,11,3,140578,37350,2412,0.3
STAT,0005F2B2,TundraPond01PineForest02,11,11,-12557,-72879,65854,394.8
STAT,00026F79,NorTmpExtPlatCorIn01,11,9,-132577,-11010,54642,373.8
STAT,00058F05,RockPileM01ReachMossyRocks01,11,6,-164951,8132,38797,110.7
STAT,000ACE9E,DweIchorBarrel01,11,3,-166549,45795,11247,20.6
STAT,0001F1C7,RockShelf01ReachDirt01,11,11,-150581,43863,16349,51.3
TREE,000EF59F,TreePineForestSnowL02Dead,11,7,-96501,-47652,106011,101.1
TREE,000EF5A4,TreePineForestSnow02Dead,11,4,-177340,72785,65724,63.8
STAT,0007E5FC,RockCliff02ReachMoss01,11,11,-132476,32453,29442,171.4
STAT,0006A8C9,DirtCliffsCornerOut01ReachGrass01,11,11,-137509,43497,22485,93.7
STAT,000D8DA9,RoadSignKarthwasten01L,11,11,-113474,6193,41221,254.1
STAT,000B0189,DirtCliffsCornerOutFrozenMarshGrass01,11,10,-55371,81418,16141,50.1
STAT,000D9305,BurialCairnStatic02LDirt02,11,3,-32368,15730,54150,148.9
STAT,0009859F,ShipKatariahWoodBeamStraight01,11,1,-47999,108563,637,0.0
STAT,000E45EF,RockPileM02CoastBeachGrass01,11,6,-33728,103489,3990,2.9
STAT,0010C4A5,INV_SkyrimCloudShape02_50,10,10,-1231,-7449,102349,1407.6
FURN,00071C47,ResourceObjectSawmill,10,10,15919,-7765,105723,1651.0
DOOR,00064092,DweDoorSmall01Load,10,9,-79112,14194,128555,1012.1
CONT,0005418E,TreasWarlockChest,10,10,78404,-23307,94336,1611.7
FURN,00074A4E,LeverPushAnimatingMetal,10,10,16168,-7849,105686,1652.3
FURN,0003B41E,CommonBed01L,10,9,-21894,-5909,101531,1421.9
ARMO,0006A0A9,DummyBoots,10,10,62309,-21463,117417,1752.6
ACTI,0010D798,MineOreIron03_LPineForest02,10,10,-49021,-36376,69623,568.2
STAT,0002A745,Farmhouse05,10,10,-29083,7517,96570,1293.3
STAT,0005CD79,ShackWall05,10,8,11685,-38700,89075,1394.6
MSTT,0002BEB9,CivilWarBannerStorm03,10,10,54425,-6804,95200,806.5
ACTI,0010D060,MineOreIron02_LTundraRocks,10,10,-27214,5829,42604,277.6
STAT,000C7D3E,CartPassengerSTATIC,10,8,30343,-30365,107538,1711.7
APPA,00033298,Hammer01Novice,10,8,46873,-19024,126622,2173.9
STAT,000C9DB5,RockCliff02TundraRocks01,10,6,-17546,16575,83249,251.9
ALCH,000C5348,FoodWineBottle02A,10,9,42001,16211,124104,1789.9
ALCH,00065C98,FoodBread01B,10,9,45379,3601,97122,1609.5
STAT,00099F32,RockPileM03Rocks_LightSN,10,8,55325,-25012,51078,405.9
STAT,00052C24,DwePtnWallCap01,10,7,-31414,47558,118269,564.1
STAT,000EA068,NorTentLargeSnow,10,6,75446,61983,76797,380.9
STAT,00055118,DweFacadeHallSm2way01,10,9,-73354,45806,123669,782.7
STAT,0003F7E6,RuinsBrokenShelf02,10,9,-28888,27789,91355,1536.7
CONT,000AF6AC,TreasAlchemySatchelCommon,10,10,-26675,-3061,118747,2037.5
STAT,000F077B,RoadMarker,10,10,12829,22287,119897,2548.8
STAT,000BAF09,MountainTrim03RiverMud01,10,8,109443,104312,88177,656.0
STAT,0003A1EC,NorVineFloor01NoCol,10,5,-8436,-53142,65656,461.9
ACTI,0010D074,MineOreOrichalcum01_LSnowRocks,10,10,50051,24675,87052,1164.8
STAT,00099248,RockPileM01TundraRocks01,10,10,-57579,27661,50307,428.6
MISC,0005ACE5,IngotSteel,10,4,47641,2830,57750,135.8
STAT,00028A84,NorTmpExtDebris02Snow,10,5,-8005,33398,33591,201.9
STAT,0002A33D,StockadeScaffoldBase0Sided01Light_SN,10,6,9373,88748,101681,94.8
STAT,000765F3,DweWallCap01Snow,10,4,78143,28018,1626,0.5
STAT,00055C0C,DweFacadeHallSmAlcove01,10,6,99883,-62359,121343,1048.0
STAT,000765F7,DweRubblePile03Snow,10,7,87559,43734,40793,181.3
STAT,000687A8,StockadeWoodplanks04Light_SN,10,5,70739,53563,92414,1505.1
STAT,000765F6,DweRubblePile02Snow,10,7,103821,8803,81319,555.0
STAT,00055C0E,DweFacadeHallSmExBg01,10,7,6702,4689,156660,1818.1
INGR,00034D22,Garlic,10,8,12635,-22826,128198,1252.1
STAT,0005C037,PeltHanging03,10,10,9319,11925,123712,2824.4
STAT,00065CA2,GlacierRubbleTrim02,10,10,107970,91096,39244,217.7
STAT,00065CA5,GlacierRubbleTrim03_LightSN,10,10,80732,89784,10164,9.9
MSTT,0003BC40,RuinsPot02,10,10,-48555,36970,95601,1442.1
STAT,00079804,BoneDeerSkullHornedStaticSnow,10,9,-10551,5810,117477,2580.4
CONT,00042748,TreasBurntCorpse04,10,8,61783,-11135,131479,2402.6
STAT,0002F57E,RockCliff07Rocks01_LightSN,10,10,-5444,44285,109480,1682.7
STAT,0004F8F3,ShipWoodWall02,10,4,52031,116303,57306,36.3
STAT,0002F9DB,RockCliff02RiverbedEdge01,10,6,-3277,89966,90231,771.0
MSTT,000B09EE,FXMistMillWheel01,10,10,16259,-7912,105620,1651.2
STAT,000533BA,StockadeScaffoldBase1Sided01,10,7,12628,-36323,142087,1145.3
STAT,000713C2,RockCliff01VolcanicDirt01,10,10,133705,-5254,19350,50.4
STAT,00098BE3,RockPileL02VolcanicDirt01,10,10,130074,-10193,16784,32.2
STAT,0005CCC0,ShackFrameMMid01,10,5,19356,12884,111315,1581.5
STAT,00040B2E,ImpExtTowerShellDoor03,10,10,91475,-62526,70976,824.3
STAT,0006C1E5,RockCliff08RiverBottom01,10,6,-27212,20882,119553,1202.1
STAT,00019885,DirtCliffsIsland01Snow01,10,7,51333,21800,132001,1681.1
SOUN,0009174D,AMBWindloopMountainsCLP,10,10,-1790,-10343,129935,3011.0
STAT,0006F75E,ImpExtIceWindow01,10,5,2655,-104065,14913,4.1
STAT,000D6C26,ImpExtHelgenWall01,10,5,15323,-79422,2548,0.9
CONT,00042745,TreasBurntCorpse01,10,8,26168,-61917,106903,1726.3
FLOR,0004DA1F,FloraMushroom06Small,10,7,-47409,6339,111684,1527.9
STAT,00028A78,NorTmpExtDebris02,10,9,-16530,1447,106195,1591.9
STAT,00028A79,NorTmpExtDebris01,10,9,10460,-53260,118623,1100.6
STAT,00013A5B,DirtCliffsCornerOut01,10,10,-2408,-49422,26705,53.3
STAT,0004D7D7,WalkwayCWall01,10,5,44926,-71222,91616,377.8
STAT,00026F74,NorTmpExtPlatStairMid01,10,7,-64767,-16707,139225,1436.0
STAT,00048DDA,TreePineForestUprootedStump01,10,9,5842,-37692,94300,1356.8
STAT,000A88CB,WRFenceBaseSupport01,10,5,25883,-17196,5688,1.9
STAT,0007E897,HHSteps07Narrow_HeavySN,10,6,52709,-63577,10206,14.7
ACTI,00023DD0,MQpathToHHShrineTablet,10,10,53461,-52925,15610,38.6
STAT,000B7E7D,RockCairnEvil03,10,10,-26105,-24666,104660,1576.6
STAT,000801E0,SnowDriftSm04,10,7,4840,10820,112753,1762.0
CONT,000EBE06,DesecratedStormCloak,10,1,55927,-47969,715,0.1
STAT,00028A76,NorTmpExtDebris04,10,10,18408,-28682,126884,1274.9
STAT,0005EAC6,ShackFrameBEnd01,10,9,73904,-32659,103863,1398.8
STAT,000CE6AD,MountainTrim02WetRiverbedEdge01,10,9,113707,-80428,18913,24.0
ACTI,0010DAA3,MineOreIron01_LFallForestDirt,10,10,134256,-80265,42676,197.2
STAT,00074EBA,DweClutterArchLarge01,10,9,50693,-39343,138266,1548.3
STAT,0005CCE7,ShackWallWindow02,10,8,-15585,-41672,99584,1284.7
STAT,0003E221,ImpStoneBlock01,10,6,81239,-44341,60213,169.5
STAT,000B8D38,DirtCliffs01FallForestGrass01,10,7,128318,-88823,36515,136.3
STAT,0003F7F2,RuinsBrokenBench04,10,8,-22970,-3347,131212,1383.3
STAT,0008944E,RTLeavesFlat02,10,3,97031,-69050,37871,3.7
STAT,0008E5E1,FalmerTotem01,10,4,45385,-39256,96218,8.5
STAT,0002F5A6,FXcobwebCorner02,10,7,57920,2855,117942,2541.6
STAT,00034940,NorTmpExtPlatGuardHouse01Snow,10,6,-4844,35985,62385,616.3
STAT,0006F26A,StockadeFreeWall03,10,5,154061,-98922,2880,0.8
STAT,000AF19F,OrcAwning01,10,8,-92248,-6643,103864,872.2
STAT,00068762,DweClutterPedestal01,10,4,24206,-15464,143110,1008.9
STAT,00060E16,RoadStraight02ReachDirt01,10,6,-126348,31055,22390,47.3
STAT,00041B07,MountainTrim01ReachMossyRocks01,10,8,-145669,51426,23336,59.3
STAT,00056AD2,DirtCliffs01Moss,10,10,-130723,29555,41414,286.3
STAT,0002BD92,ShipAnchorChain01,10,5,-40871,49468,60504,487.6
STAT,00056AD8,DirtCliffsCornerOut01Moss,10,9,-124637,15530,40566,181.8
STAT,0008A03E,DirtCliffsIsland01ReachGrass01,10,6,-116477,-918,58687,121.2
STAT,0002C75D,RockPileL01FrozenMarshGrass01,10,7,-28459,75151,12544,12.2
STAT,000E4A95,RockPileM01CoastBeachGrass01,10,4,-31404,104278,3629,1.7
MSTT,000D2029,CityBannerFalkreath01,10,3,-30202,-87142,3302,0.5
IDLM,000E8645,WarmHandsCrouchIdleMarker,9,8,44796,28409,114016,2078.7
WEAP,00013985,HuntingBow,9,8,26321,-23770,121815,1675.7
IDLM,000A34EF,GiantRootingIdleMarker,9,5,73912,-3345,80818,78.3
ACTI,0004D77E,MetalLever01,9,7,-41833,-18518,110424,999.4
DOOR,0006597B,DweDoorLarge01Load,9,9,52589,1206,141187,2193.7
ACTI,000176AE,TundraStreamBend01WaterB,9,9,-2508,-17495,54467,511.6
STAT,0001751E,SkyrimCloudDistant06,9,9,20116,-45417,103709,779.7
DOOR,0002C155,NorWoodDoor01,9,8,32327,31385,104614,1869.8
DOOR,0002C157,NorWoodDoorLoad01,9,8,-31655,36213,132364,1412.6
DOOR,0001AE14,StockadeGate01,9,8,-63622,-22256,105180,1577.4
DOOR,00024E26,WRShackDoor01,9,6,59174,21940,64206,415.4
WEAP,0006A0BA,DummyMace,9,9,3610,38859,121609,1925.9
STAT,000272B2,SkyrimCloudShape05_50,9,8,82019,12049,93837,941.9
STAT,0002745A,SkyrimCloudDistant03_O_50,9,9,23733,-61595,142674,2490.7
STAT,0002747A,SkyrimCloudDistant03_50,9,9,146073,-9465,96690,894.7
STAT,000368C0,RuinsFloorCandleLampMidOff02,9,5,24185,1304,70097,922.3
STAT,0005DA4D,RockPileL01Dirt02,9,9,6159,-6230,89175,1246.1
STAT,0004447F,NorExtWallBgStairL01,9,6,24239,-30324,97175,863.6
STAT,00044480,NorExtWallBgStairMid01,9,6,3324,-32935,104080,848.7
ALCH,0002C35A,FoodBlackBriarMead,9,5,46992,-14935,95755,184.0
INGR,000516C8,deathBell,9,7,11901,4229,79197,1128.7
STAT,00096F19,StockadeBarrier01Light_SN,9,5,15368,51614,75323,883.1
ALCH,0003EAE5,RestoreStamina01,9,7,-6889,50366,126206,1099.0
STAT,0006F72E,ImpExtIceBldgSecondStraight03,9,6,36373,38137,72948,176.8
STAT,0006F72F,ImpExtIceBldgSecondStraight04,9,5,-40834,98510,95181,331.2
STAT,0006F72C,ImpExtIceBldgSecondStraight01,9,5,36542,38938,73361,181.2
STAT,0006F763,ImpExtIceBldgCorner04,9,9,-42232,53277,121083,1424.7
MSTT,0006E7A4,Rag01,9,7,14062,11816,120259,899.7
FLOR,0004DA08,FloraMushroom04,9,8,51067,-48257,116381,1561.4
STAT,0006CFB9,DweRubbleColumn02snow,9,5,86194,69997,35278,46.5
STAT,000A08CF,RockPileS01SnowRocks,9,9,31224,59969,66120,770.0
ACTI,0010D04A,MineOreCorundum03_LSnowRocks,9,9,8041,90582,72446,272.9
STAT,00022F20,NorTempleExteriorRibFree05,9,9,-44775,17670,117337,1603.4
STAT,0002584A,NorDwelling04ExtBaseCSnow,9,8,51911,5083,104184,1863.6
MSTT,0004138D,CrateOpen,9,9,6177,71958,104283,1725.5
STAT,000E3734,RockPileM03CoastBeach01,9,8,70107,117803,33530,74.0
STAT,00033D9A,RockCliff02CoastBeach01,9,8,5492,121201,63883,198.3
FLOR,00038B0E,HangingRabbit02,9,8,14094,-5532,111805,1980.4
STAT,00025220,NorDwelling04ExtBaseASnow,9,9,62355,38385,106651,2201.7
ACTI,00100780,ShrineofTalos,9,9,75946,26477,83503,982.3
ACTI,0010D04C,MineOreCorundum04_LRocks,9,9,24066,-25049,66504,626.6
STAT,0005F222,ImpCandelabraCandle01,9,9,10425,14768,116184,2221.0
CONT,00021366,UpperEndTable01,9,8,-34550,31522,110906,1810.2
STAT,0007183F,ShackWallR01Snow,9,5,48055,21032,104395,1285.7
STAT,00060E2D,MountainTrim01Dirt01,9,7,50120,10997,90075,875.9
STAT,00076606,DwePlatBgStairCapL01Snow,9,5,131235,-3228,56779,30.8
STAT,000C79CC,BoneHumanArmRStaticSnow,9,8,12557,42513,126478,2391.3
STAT,0006E0AD,RockCliff05FieldGrass01,9,9,-32845,12754,66955,274.7
CONT,00024CA7,CommonWardrobe01,9,9,100309,9067,68768,825.6
STAT,0001FCCC,Tombstone01,9,3,-15578,5348,72104,383.2
STAT,000A56FD,FishRack02,9,9,75729,49438,90103,799.9
STAT,000C39EA,RockPileL02WetRiverMud01,9,9,20310,4082,117340,781.2
ASPC,0010B11C,ExtGlacier,9,9,112990,88035,28630,76.9
STAT,00065CA1,GlacierRubbleTrim01,9,9,130676,85031,73019,178.3
MSTT,0002A5FB,RuinsLargeUrnChunk01,9,6,61745,35940,97466,1371.3
STAT,00017CD3,TundraStreamBend01Coast01,9,9,75012,128687,108523,675.7
STAT,0003F85D,RockPileL01RiverbedEdge,9,7,-8914,-37468,63279,603.0
BOOK,000D7866,DummyBook,9,5,61382,-24365,98002,1371.1
STAT,00019B16,HayScatter02,9,6,8771,-41303,101452,873.5
STAT,000DEF02,WHprisonwall01,9,3,131865,35860,1479,0.1
STAT,00058FFA,DweRubbleColumn02,9,5,-111214,44590,81273,584.1
STAT,00024B98,RockPileL04Rocks01SnowLight,9,8,70308,-68761,75186,616.7
STAT,00060096,DirtCliffs05PineForest02,9,9,38733,-51730,80181,326.1
STAT,000D6C24,ImpExtHelgenWallDivider01,9,2,15432,-80352,1846,0.3
FLOR,00038B0C,HangingPheasant02,9,9,-3189,-25675,131035,2308.2
TREE,000EF59E,TreePineForestSnowL03Dead,9,8,-59247,-43899,97819,709.8
STAT,0001CC0F,FXSawdustOnThefloor02,9,3,-16700,21738,68505,105.1
STAT,0006B11D,MountainCliffSlope,9,9,15207,-1040,111742,936.3
STAT,0005CCC4,ShackFrameTurnCorner01,9,7,-13564,-9410,99614,1487.4
STAT,0005CCD9,ShackRoofCorner01,9,7,3451,-28554,103044,1486.0
STAT,0001D4AC,NorPlatMid01,9,3,66339,-20970,52620,2.3
STAT,000BFB77,RockPileS03FieldGrass01,9,7,-41554,16671,49413,249.0
STAT,00093D45,Rug07,9,9,37335,16625,110836,1467.5
MSTT,000ACAF2,HagravenElkHorn02,9,8,-113159,7422,76740,718.2
STAT,00023DD5,MQpathToHHShrineSnow,9,9,51397,-52593,15068,37.5
STAT,000B7E7F,RockCairnEvil01,9,8,-35530,6400,120377,1491.0
STAT,000CD743,BurialCairnStatic03Snow,9,4,124774,-20240,84178,21.1
STAT,0002FB62,ShackBrokePole01,9,4,103064,-41442,45895,114.1
STAT,000669D3,RoadChunkM01FallForestDirt01,9,9,137764,-83915,49394,236.9
ALCH,0010D666,FoodGourd,9,6,47053,-9986,112307,755.2
STAT,000A68B8,MountainTrim02Dirt02,9,9,59027,-57399,97754,1671.2
STAT,00046ED7,NorDwelling01ExtPylons01,9,9,-35760,2151,92940,1236.0
STAT,0003A1F9,NorVineFloor02NoCol,9,5,-27851,-63579,64901,242.5
STAT,0007EA46,RuinsCandleSconceOff01,9,5,-13181,-8921,118870,1022.3
STAT,000533BB,StockadeScaffoldBase2Sided01,9,6,-32690,-26025,124019,852.2
STAT,000461D8,GiantClubStatic,9,6,10250,-5973,103850,654.7
STAT,0002F59A,FXcobwebWall01,9,5,20502,-7498,111072,1459.2
STAT,000AF8FA,TundraPond01FallForestGrass01,9,8,163481,-94214,33239,133.8
STAT,000BC53A,RockPileM01FallForestGrass01,9,8,155886,-87032,33238,149.4
CONT,000774C8,TreasOrcChest,9,9,7628,-30351,137288,2359.6
MSTT,000F046A,MineralPoolBigWater01,9,9,132820,-23207,12282,23.5
MISC,000CF89E,DeerPelt,9,5,35846,28287,110779,392.9
STAT,00035AF1,NorDragonStatue01snow,9,5,13762,32041,150212,1830.3
TREE,000EF5A2,TreePineForestSnow04Dead,9,7,-84881,59491,158376,1906.3
STAT,000AF1A3,OrcAwningHalf01,9,5,-46319,-54232,119125,1176.8
STAT,000ADF38,MountainCliffSlopeFallForestDirt01,9,9,178119,-106077,23783,103.1
MSTT,000ACAF5,HagravenDeadGoat01,9,8,-43078,2838,130263,835.8
FURN,000C4323,HammerWallMarker,9,6,-48864,-21754,146059,1501.3
STAT,000885B0,RoadChunkM01ReachDirt01,9,8,-141895,18733,21008,33.6
STAT,000ACB2A,HagravenTusks04,9,7,-112903,21200,41041,147.1
ACTI,0010DCC9,MineOreIron01_LReachGrass,9,9,-136438,-18279,29356,118.7
ACTI,0004E882,LeanToTrap01,9,6,-77178,-18619,68003,529.7
FURN,000E2406,BedrollHay01LReachDirt01R,9,4,-128183,5976,22350,38.9
STAT,00054628,StockadeBuildingStraight01,9,2,-129563,8550,1309,0.3
STAT,000AE62F,DockRopeStr01,9,3,-65372,95424,1709,0.4
STAT,0007F3A6,Splanter01,9,4,-71599,100751,2811,0.4
STAT,000D92A7,RockPileM02FrozenMarshDirtSlope01,9,9,-33053,85229,8252,9.8
STAT,000B9259,RockCliff08FrozenMarshGrass01,9,9,-32079,85535,10272,19.2
FURN,001010B3,CraftingCookingPotSm,8,8,5866,-152,105827,1145.7
STAT,00101A36,BedrollHay01STATIC,8,3,11777,42862,91751,339.1
FURN,00046EDE,DragonPriestCoffinMarker,8,7,63465,-15839,107286,1386.7
MSTT,00077771,FXMistLow02RndHalfVis,8,7,8717,8423,118513,1547.8
DOOR,000CD6BF,DweFacadeLiftLeverLoadDown01_MinUse,8,8,25322,53712,83935,602.3
FURN,0003B3C7,Bedroll01FR,8,8,32236,3170,153240,2098.5
FURN,0003B3CC,Bedroll01FL,8,8,31731,44031,114245,1649.4
STAT,000AAA35,PracticeDummy01,8,7,-35625,-16618,66180,620.6
STAT,0008A874,ArcheryTargetSnow,8,3,-12646,-1872,120774,784.6
FURN,00101A65,BedrollHay01FGrassSnow01,8,3,113551,59218,57394,109.9
ACTI,000176AB,TundraStreamBend01WaterA,8,8,-43718,-6429,37580,196.1
WEAP,00013981,IronWarhammer,8,8,-18881,-2809,102739,1725.9
IDLM,00045D85,LookFarOnceOnlyMarker,8,3,-66612,12496,132919,112.0
STAT,0010C4B3,INV_SkyrimCloudDistant06,8,8,12695,-16836,146710,2663.2
STAT,0010C49B,INV_SkyrimCloudShape04,8,8,-7775,55003,90871,1037.0
STAT,000273AB,SkyrimCloudShape03_50,8,8,44677,-15917,156915,2618.4
STAT,0010C4BF,INV_SkyrimCloudDistant04,8,8,13720,17305,130973,2003.0
STAT,0010C495,INV_SkyrimCloudShape05,8,8,2532,39953,110066,274.5
ACTI,00073265,TrapWoodSpikeBed01,8,4,25606,-14520,43386,5.8
STAT,0003F7E2,RuinsBrokenTable02,8,8,-34480,11597,107445,1177.2
STAT,0003F7E0,RuinsBrokenTable01,8,8,-48282,22360,107130,1194.3
STAT,00063F9D,WRScafRamp01,8,4,22759,663,11538,3.8
MSTT,000D2025,CityBannerWhiterun01,8,5,20711,-1953,10656,2.8
STAT,00067157,WRWallStrRubbled01Short,8,4,24553,-211,11007,9.3
STAT,00067150,WRWallStrRubbled01Free,8,6,18544,-5332,9261,7.1
STAT,000B8CB8,RockPileS03RiverbedEdge01,8,7,64529,-48217,82037,426.0
APPA,0003329D,Tongs01Novice,8,8,21808,-10253,125045,2171.2
FLOR,00052189,GiantSkewer01CharredSkeever02,8,8,4522,30623,43819,342.1
MSTT,0002BEBA,CivilWarBannerStorm04,8,7,-9493,38759,115780,1013.4
STAT,0006F75D,ImpExtIceWallGate01,8,6,4193,38190,111784,1304.9
STAT,0006F72D,ImpExtIceBldgSecondStraight02,8,6,37769,17078,86740,180.8
STAT,00038B0B,HangingAnimalsRing01,8,7,-43463,22277,122924,2145.8
LIGH,00088241,DefaultCandleLight01NSDesat,8,8,131608,27838,91372,1123.9
ALCH,0003EAE0,RestoreMagicka01,8,6,34386,35307,129857,1167.2
ACTI,0010DADB,MineOreCorundum04_LCoastBeach,8,8,67187,122181,90447,461.7
STAT,00054963,RockAnimalDenSnow01_HeavySN,8,7,82598,16728,74611,664.6
STAT,00013F7C,NorRmSmCorIn01,8,3,88971,76843,55238,6.4
MSTT,000FC611,FarmhouseWindMillFan,8,8,19278,-10839,111081,1349.9
INGR,00034D32,FrostMirriam,8,8,18814,3625,110667,1374.3
STAT,000368B2,RuinsFloorCandleLampMidOn,8,6,55983,19395,159261,2468.2
STAT,000E0F64,NorDwelling03ExtPylons01SnowHeavy,8,7,57744,66682,96728,1188.3
STAT,0007183D,ShackWallL01Snow,8,4,62304,-11904,88306,300.9
STAT,000752B1,StockadeWoodplanks04Snow,8,3,120553,50187,56545,13.6
STAT,0004F8EB,ShipWoodplanks03,8,5,121812,31471,110805,695.0
STAT,0007660F,DweHitchPost01Snow,8,4,116654,-49526,84719,20.4
STAT,000C79CE,BoneHumanHandRStaticSnow,8,7,17475,93914,104794,673.9
STAT,0001F249,CandleHornFloor01,8,7,100338,-26391,66729,581.6
STAT,000C7932,BoneHumanHandLStaticSnow,8,6,72714,68481,118323,1330.6
STAT,0005DFE5,NorDragonStatueMetal01Snow,8,7,60466,22061,89540,713.4
STAT,000C39E8,RockPileL03WetRiverMud01,8,8,-28369,52045,87383,803.9
STAT,00036AC0,DweRubblePile02,8,8,-11127,2192,165169,2228.6
ACTI,0010D050,MineOreGold01_LSnowRocks,8,7,113426,76333,78353,827.5
STAT,00074033,NorExtRubblePile07_SnowLight,8,5,44611,86745,85754,343.4
STAT,0001F200,FarmLumbermill01,8,8,12913,-9162,94736,1278.7
STAT,000B2429,RoadSCurveRamp01Snow,8,8,77023,30514,100222,1316.5
STAT,000C9B59,ImpExtIceBlocks03_NoIce,8,3,106566,7670,47510,11.8
STAT,0008AF6E,RoadCurveLong45LRamp01,8,8,27027,16688,111994,1551.6
STAT,0005CCBF,ShackFrameMEnd02,8,6,33671,-3064,113861,1695.4
STAT,0005CD78,ShackWall04,8,6,79176,-26708,97473,1172.9
STAT,00040B10,ImpExtTower02,8,8,31526,-57848,115355,1558.7
STAT,0002A34F,StockadeWoodbeamShort02Light_SN,8,5,19409,32996,137492,1657.7
STAT,00074FE5,DweRubblePile04SnowLight,8,2,102196,78483,10884,1.1
STAT,00035F4C,Campfire01Off,8,8,-8820,14905,98135,1786.5
STAT,00030120,NorRubblePile04,8,7,12494,-10304,115814,1622.4
ACTI,001096D6,WinterholdLightSpellStatic,8,3,115818,111082,1400,0.3
STAT,00109802,WinterholdPit01,8,3,115816,111080,1400,0.3
MSTT,000368B6,RuinsFloorCandleStandMid,8,7,-48213,13306,118751,1143.3
STAT,0001CB4C,RockShelf01,8,8,-12821,-64917,29176,94.7
STAT,0004D7DA,WalkwayCWallGate01,8,8,30402,-73424,78043,472.8
STAT,000C2CB8,BurntRubble02,8,5,36183,-78718,64550,340.3
STAT,0002D762,FarmInn01,8,8,-9509,-23188,99569,1543.0
STAT,0001EF4E,RockPileM02DirtSnowPath,8,4,-36920,56242,61422,87.6
STAT,0000099C,Stonewall01Ivy,8,7,-17523,-56823,39920,134.1
IDLM,0008B82E,DrunkIdleMarker,8,2,60354,-58746,23377,2.2
FURN,00104110,CraftingCookingPotLG,8,8,61614,-49608,102504,1304.8
SLGM,0002E4E2,SoulGemPetty,8,6,32362,-29504,115238,943.8
STAT,0005CCDA,ShackRoofCorner02,8,6,11009,-40981,100211,1293.3
STAT,0005B1E9,CivilWarRubble02,8,5,16520,-7033,2624,0.8
STAT,00063FAD,WRScafRampTransBottom,8,4,16662,-5460,2042,0.5
ACTI,0010D05D,MineOreIron01_LTundraRocks,8,8,-49095,-3819,40445,220.7
STAT,000627E5,WRStableWallShortStr01,8,3,18625,-14744,4410,1.1
STAT,000D8D9D,RoadSignIvarstead01L,8,8,81636,-65420,40662,251.1
CONT,0008771D,BarrelEmpty01,8,1,31786,-17847,126,0.0
MSTT,000CD824,FXfireWithEmbers01_Cheap,8,4,17055,-45517,73730,170.8
STAT,00028A77,NorTmpExtDebris03,8,8,-10052,-557,123008,1105.3
ACTI,0009700F,MQ204ClearSkyFog,8,2,58965,-40470,701,0.1
STAT,0006E17B,MountainTrim01Tundra01,8,8,-36239,11301,67492,349.4
FLOR,0004DA09,FloraMushroom04Small,8,6,28571,-47738,115664,968.3
MISC,000F2014,WineBottle02AEmpty,8,3,-38748,36298,113437,890.4
STAT,000368B4,RuinsFloorCandleLampMidOff,8,4,-5467,-16875,96774,739.0
STAT,000B27AE,Bridge01FallForestDirt01,8,8,123879,-83013,43035,125.6
ACTI,0010DABF,MineOreIron03_LFallForestDirt,8,8,129888,-79032,34187,184.2
STAT,000455DD,MineScaffoldRopeLong04,8,4,41679,61167,106581,925.8
MSTT,0009D45F,FXCreekFlatLarge,8,7,14137,-24705,109777,448.7
STAT,000BAF4A,RockPileL02FallForestGrass01,8,8,156303,-100414,39466,140.7
STAT,00028AA7,NorTmpExtPlatTower02,8,7,-98405,2713,82857,974.8
STAT,0002521B,NorDwelling04ExtBaseB,8,6,-33998,10064,98192,1194.7
STAT,000BC580,RockPileS02FallForestRocks01,8,5,157629,-109342,19269,16.2
STAT,0008ECCE,RoadCurveLong45LRamp02FallForestDirt01,8,6,127239,-75559,36488,78.8
ACTI,0010D038,MineOreSilver01_LRocks,8,8,-17943,-17380,113541,1724.1
STAT,00042D30,OrcTable01,8,5,8341,-33695,139088,1080.7
ACTI,0010DAA1,MineOreIron04_LVolcanicTundraDirt,8,8,122620,-18935,16858,36.5
STAT,000998CB,TreeTundraDriftWood02Sulfur,8,6,131806,-18605,7308,6.8
STAT,0005AD4B,ImpStableSingle01,8,7,-13676,-14566,102275,1030.6
STAT,000DAE80,CommonCrate01,8,7,-19659,49309,113533,1656.7
STAT,0002B86E,NorRmShaftMid01,8,2,116209,61182,64532,0.0
MISC,0005ACDD,OreOrichalcum,8,2,-25497,-57332,97805,0.6
STAT,000BD137,RockPileS03RiverMud01,8,7,-15607,18680,113424,1451.9
STAT,00052C25,DwePtnWallHalf01,8,4,-86094,29422,146587,21.8
STAT,00041B09,MountainTrim02ReachMoss01,8,7,-140012,34173,32031,80.9
STAT,00055197,DweFacadeBalcony01,8,6,-158975,25087,28059,25.4
ACTI,000587CE,PortGatePole02,8,1,-168827,44163,69,0.0
STAT,000587C6,PortGateBase02,8,1,-168827,44163,69,0.0
STAT,0007E626,RockCliff05ReachDirt01,8,8,-144293,28700,35371,75.1
STAT,00088633,RoadSCurveRamp01ReachDirt01,8,7,-132685,-18,27549,50.6
STAT,00050331,SkyHavenFloorChunk01,8,1,-141249,6287,719,0.1
STAT,000B7E7C,RockCairnEvil02,8,8,-70661,27101,81334,726.5
STAT,000009A2,StonewallLong01,8,7,-68083,-12099,33663,52.4
STAT,00019E27,RuinsLargeFloorSconce,8,5,-86283,20246,76325,731.0
ACTI,0010D76F,MineOreIron02_LPineForest02,8,8,-61798,-33688,72611,251.5
STAT,00057A17,SPatioWall01,8,3,-71592,100473,2031,0.2
MSTT,000C1F9F,TundraStreamTransition01TundraRocks01,8,2,-56567,44910,1178,0.1
STAT,000B018A,DirtCliffs02FrozenMarshGrass01,8,8,-42802,90277,13818,14.6
FLOR,000ECA59,FloraMushroom03ReachDirt01,8,1,-69443,-76720,141,0.0
STAT,00024F07,NorShaftTrapDoorSTATIC,8,6,-89314,-34507,3666,1.8
STAT,0010C4AA,INV_SkyrimCloudShape01_O,7,7,9764,29983,113240,1284.1
ACTI,0010D047,MineOreCorundum02_LTundraRocks,7,7,-30704,2203,44205,231.9
FURN,000EF957,WispAmbush,7,7,54795,-2452,123954,1971.6
IDLM,0005EF7A,PrayerIdleMarker,7,6,74953,14457,86647,900.1
ACTI,0006BDD3,NorSarcophagusVertTop001,7,7,43106,20239,114828,1645.1
TXST,000F3C1B,DecalPuddlesMedium,7,2,133304,28515,25447,1.8
TXST,000BB98F,DecalGiantSymbols01Shallow,7,5,44446,2148,93344,364.9
CONT,000AF6AF,TreasAlchemySatchelRare,7,7,8680,13,136733,2765.0
FURN,0003B420,CommonBed01R,7,6,27309,23700,120789,1243.7
ACTI,00048748,CraftingBlacksmithForgeSTATIC,7,6,-25767,-20140,93670,1013.1
FURN,001015F5,BedrollHay01PineForest01F,7,3,-41769,21242,111974,392.2
DOOR,0004E33D,ImpDoorExtSingleSmallLoad01,7,6,-51256,8141,110563,1548.2
ACTI,000587CA,PortGatePole01,7,1,-172901,5543,71,0.0
ACTI,0009C152,WETriggerOnLoad,7,7,-36692,-64092,26468,98.8
STAT,000274B8,SkyrimCloudDistant01_50,7,7,64173,-85581,138375,983.4
STAT,0010C4CE,INV_SkyrimCloudDistant01_O,7,7,-29382,-10661,108707,1553.6
STAT,00027408,SkyrimCloudDistant06_50,7,7,12363,-32746,115134,1835.5
STAT,00027426,SkyrimCloudDistant05_O,7,7,101221,-71813,117103,1659.2
STAT,0010C49C,INV_SkyrimCloudShape03_O_50,7,7,-4895,46578,135920,1808.5
STAT,0002740F,SkyrimCloudDistant05_O_50,7,7,64690,-54893,105492,1752.2
STAT,000273BF,SkyrimCloudShape02_O,7,7,70980,-6284,83389,688.5
STAT,0006E1AF,MountainCliffSlopeTundraRocks01,7,7,-22248,24875,30417,17.7
STAT,000C33F0,RockPileL03FieldGrass01,7,7,-56206,25668,52768,302.7
STAT,00069824,WRWallRubblePile01,7,4,30177,8900,14102,16.9
STAT,000684EB,WRScafGuardTowerLarge01,7,6,24532,-4474,9259,9.5
STAT,00089F33,WRWallTower01,7,6,24502,-4410,9111,9.1
STAT,00044481,NorExtWallBgStairR01,7,5,24446,-17219,85739,860.3
STAT,000251E2,NorDwelling03ExtCourtB,7,7,-18749,14696,109595,1698.7
AMMO,000139BB,OrcishArrow,7,3,69002,12195,75583,14.2
STAT,00089F28,WRWallStr01,7,6,23684,-5081,5557,4.2
STAT,000CE786,CommonShelf04,7,7,-25209,40532,66755,620.4
STAT,0006F747,ImpExtIceTower01,7,6,-15033,65159,113009,1302.8
ACTI,0010D07A,MineOreOrichalcum03_LSnowRocks,7,7,58382,7952,106937,1683.7
MSTT,000CBB2F,Campfire01LandBurningRocks01,7,7,46405,63080,95285,616.8
STAT,00059D5E,DwePtnWallExBgFrame01,7,7,28854,49149,88734,548.4
STAT,00059D5D,DwePtnWall02,7,3,-47859,43034,105376,104.2
STAT,00061519,DweFacadeLiftDown01,7,7,29027,49154,88179,540.6
CONT,000774C6,TreasGiantChest,7,7,38183,18990,72571,708.0
STAT,000BB9AB,GiantSmokeStack01,7,7,51752,16449,65939,318.1
STAT,0002EE88,RockCliff05Rocks01SnowCustom01,7,6,-2716,-32427,97573,759.2
STAT,00025802,DweClutterArchLarge01Snow,7,4,136639,-11784,90091,30.9
STAT,000C842B,GlazedCandlesStatic02,7,5,49385,26510,120997,807.9
STAT,000B23F1,Road3way01Snow,7,7,38061,62211,68306,287.5
STAT,0006DD59,DweFacadeBridge01Snow,7,3,82660,33756,71249,107.5
STAT,000D5715,CrateSmallLong01WeatheredSnow,7,5,32485,88851,98578,212.1
STAT,000B1B71,RuinsPot02Static,7,7,-22487,-8888,88138,1001.7
STAT,0003F7F0,RuinsBrokenBench03,7,6,-4477,275,141380,1725.7
FURN,0006E7A7,CommonChair01FR,7,7,35161,6306,103147,1384.0
STAT,000C3E55,RockPileS04CoastOceanFloor01,7,7,19012,119050,53611,96.6
STAT,00040738,NorRubblePileCeiling01,7,3,75038,57592,49863,1.8
SOUN,000FAAC3,OBJWindmillWheelLP,7,7,45427,-13288,92851,420.5
SOUN,000FAAC2,OBJWindmillColumnLP,7,7,45425,-13286,92852,420.5
STAT,000992B4,RockPileS02Tundra01,7,6,-41967,25460,51439,302.2
STAT,000C1ADB,DoomstoneCircle01,7,5,71770,-61787,145856,783.3
STAT,00059ED4,ImpWell01,7,7,7307,-15474,84630,805.8
ACTI,0010D085,MineOreQuicksilver03_LSnowRocks,7,7,23710,-15019,122786,1860.7
STAT,000B2431,RoadStrToCurveRampR01Snow,7,7,63830,59859,83367,188.9
STAT,000BD1A7,RoadStraight01EndSnow,7,6,18944,65112,70542,548.6
STAT,000D8DA4,RoadSignWinterhold01R,7,7,65309,14754,35571,175.7
STAT,001067EC,ShrineBaseStaticSnow,7,5,115618,39719,115903,647.6
STAT,00026FD1,NorTmpExtPlatCorIn01Snow,7,5,-594,4990,86158,782.7
STAT,00018483,StatueTalos01snow,7,7,83408,37523,83634,703.7
STAT,0009E2B9,ImpRubblePiece04snow,7,6,-14237,93235,118220,269.9
MISC,000F5D07,Pitchfork001,7,7,-35881,6433,88620,718.5
STAT,000C689C,ImpExtBlocks05SnowLight,7,4,24223,78001,58378,28.9
STAT,000DB661,RockPileS04Dirt01,7,5,38711,-21471,62185,326.2
STAT,000EE333,MountainTrim03CoastBeach01,7,7,-98627,132327,72710,304.3
ACTI,0010D08D,MineOreSilver01_LSnowRocks,7,7,62851,9036,134360,2646.2
STAT,00076601,DweWallHalf01Snow,7,5,79335,26650,5253,2.0
ACTI,0010D093,MineOreSilver03_LSnowRocks,7,7,27433,-32705,59587,574.5
STAT,00076607,DwePlatBgStairCapR01Snow,7,4,143227,-9010,57896,10.7
STAT,000CE784,CommonShelf03,7,5,33621,-15343,90571,688.0
CONT,00042747,TreasBurntCorpse03,7,5,55838,-28816,99943,761.5
STAT,0003171C,NorWordWall01,7,7,19451,-19996,152561,2253.0
MSTT,0002A44C,RuinsLargeUrnDestroyed,7,5,15495,37374,123951,1093.6
AMMO,000139BC,DwarvenArrow,7,2,15634,83389,104534,1.1
STAT,0002A335,StockadeScaffoldStairs01Light_SN,7,5,1960,90208,101053,95.3
STAT,000396A4,RockPileM01WetCoastBeach01,7,6,-38336,112512,67130,248.8
STAT,0005B4F7,RockPileL04RiverbedEdge,7,6,45288,-35765,90703,854.4
STAT,000E6476,ImpExtIceRubble03_NoIce,7,3,91382,-9534,63681,11.1
STAT,0001AE19,StockadeBridgeLong01,7,7,83739,-24031,112422,1423.4
STAT,0003F96C,ImpExtBldgICorner02,7,5,-34554,19075,99815,586.7
ARMO,000209A5,ClothesFarmBoots02,7,7,20926,11830,119006,1897.6
STAT,0005C16E,DirtCliffsCornerIn01Snow01Snow,7,7,-7361,-18895,116792,1312.0
INGR,0002F44C,Nightshade,7,4,107678,-9825,60981,359.4
STAT,000B679A,RockCliff07SnowRocks01_Snow,7,7,59570,66924,80374,738.9
STAT,00026FCA,NorTempleExteriorRibFree01Snow,7,6,-4811,-3783,122193,1502.7
STAT,000C4B97,BurntRubbleNoDirt01,7,5,35898,21369,103796,743.8
ACTI,0008F609,WETriggerSecondary,7,7,-67571,-30789,73970,480.5
ARMO,0006A0AB,DummyCuirass,7,7,61474,-30710,110596,1888.0
STAT,000B1B7C,RuinsLargeUrnDestroyedStatic,7,6,-5196,-15592,78819,694.5
STAT,0002F1B4,NorTowerRuins01Snow,7,7,47025,-14023,125766,2136.0
STAT,000D839A,BanditPole07,7,7,38047,-6826,105797,961.7
STAT,0003AF9C,RoadSignHelgen01L,7,7,29404,-66410,24712,77.1
STAT,000D6C22,ImpExtHelgenWall04,7,4,61169,-40510,52384,8.9
MSTT,0001B363,FXrapidsFallsTop,7,7,50404,-34666,89478,345.3
MSTT,0001DC12,FXantLinesStump,7,7,-16382,-59287,33466,79.8
STAT,000E3EB7,RockShelf01_HeavySN,7,5,-19203,42706,52196,232.9
STAT,00024BBA,RockPileS01DirtSnowPathSnowLight,7,6,-41680,68944,48370,68.5
APPA,00033293,Bellows01Novice,7,7,24476,-14234,133046,2171.5
STAT,000B6043,MountainTrim03PineForest02,7,7,-1151,-17130,102215,1051.7
STAT,0002B900,RockCliff07,7,6,-15360,31526,121115,1021.6
MSTT,001033F3,FXWaterfallThin128x128,7,4,-43695,-5709,112612,667.9
MISC,0000000A,Lockpick,7,3,136139,-1431,90858,445.2
STAT,0007863D,HHSteps13CurveR_HeavySN,7,4,58625,-56294,14737,19.1
STAT,0007C41D,BoneDeerSkullStaticSnow,7,5,-54568,60516,100490,432.1
ALCH,00064B2F,FoodApple02,7,3,63935,-52371,98227,263.2
STAT,0005CDF5,DweWallHalf01,7,3,36776,-25739,147308,892.7
STAT,00068763,DweClutterTrough01,7,7,-22871,-16407,154470,1733.8
MSTT,000C6918,Campfire01LandBurningFallForestDirt01,7,7,136164,-83767,35144,187.9
STAT,000B27B2,RockCliff02FallForestGrass01,7,6,145091,-90009,50357,197.9
STAT,0000084A,Farmhouse01,7,7,-9598,-42432,102645,795.3
STAT,00037E8B,RuinsShelfLargeHalf,7,5,-19039,9300,84499,680.3
STAT,000B0143,RoadSCurveR01FallForestDirt01,7,6,149581,-100154,24752,17.2
STAT,000B93F1,RockPileS03DirtPath01,7,4,112303,-48052,87971,604.5
STAT,000ADF00,RockPileS01FallForestLeaves01,7,6,157865,-92106,27479,64.0
SOUN,0002B95E,AMBWaterfallDistant2DLP,7,6,-105275,-1254,91930,408.5
ALCH,00065C9A,FoodGoatMeat,7,6,27809,-13440,120363,1721.9
MISC,0003AD74,WolfPelt,7,5,70258,-18922,106154,1309.2
INGR,0007E8C1,GiantLichen,7,2,8332,90982,106913,0.3
ACTI,000166D4,BurialCairn03,7,2,-4853,-56094,71769,2.5
STAT,0006CFCB,CommonChair01StaticSnow,7,3,-40304,101905,96710,14.2
LIGH,000CB92C,WindhelmFireLightNS,7,4,140415,36258,1671,0.4
STAT,00040BAF,ImpJailWall01,7,2,156959,-24714,79892,14.5
STAT,000BC543,RoadChunkS04FallForestDirt01,7,5,188859,-106977,21878,10.7
STAT,0005B095,DwePlatBgMid01,7,4,-71733,12691,159089,1209.1
STAT,000EE514,RockPileS03VolcanicTundraRocks01,7,2,133267,-11846,1596,0.4
STAT,000897C6,DirtCliffsIsland01VolcanicDirt01Sulfur,7,6,140407,-23147,8145,8.2
STAT,00036AC6,DweRubblePile08,7,6,37871,4245,151461,784.0
MSTT,00097ED6,CivilWarBannerImp02,7,5,40635,17692,136500,1155.4
STAT,000A4E63,DockMooring01,7,2,168235,-96284,1510,0.2
LIGH,000879AC,DwarvenOmniLight,7,5,-70736,29459,153665,121.5
STAT,0005FBC8,DwePipeCap01,7,4,168794,-10269,2478,0.4
STAT,00097705,DockStepsDownEnd01,7,4,-20296,42574,108537,1156.6
STAT,0004200E,RoadCurve90R01ReachDirt01,7,6,-141582,34198,30191,93.5
STAT,0008862D,RoadCurveLong45R01ReachDirt01,7,7,-148687,22198,31164,132.8
FLOR,000ECA55,FloraMushroom01ReachDirt01,7,4,-134740,42368,35201,20.7
STAT,000951D6,RoadStraight01EndReachDirt01,7,6,-143073,42994,36249,43.4
STAT,00038479,RoadSCurveR01ReachDirt01,7,7,-134525,5381,26584,66.8
STAT,000D8DA8,RoadSignKarthwasten01R,7,7,-111093,22643,35418,144.5
STAT,00056B07,RockPileL02ReachMossyRocks01,7,7,-137035,30117,45615,152.5
STAT,00088640,Bridge01ReachDirt01,7,7,-143434,1703,13769,28.8
STAT,000C5E33,ImpExtIceTowerShellTopEdgeSNOW,7,2,-142538,98667,882,0.0
STAT,0006E18A,RockCliff07Tundra01,7,4,-47335,33687,36130,45.6
STAT,000AEDF3,DockStepsDown02,7,3,-65020,99873,10938,4.0
STAT,0007F929,SPatioWall02Snow,7,2,-80598,113212,1971,0.3
STAT,000F6056,WalkwayFull03Snow,7,3,-37500,65450,1601,0.4
STAT,000B0187,DirtCliffs03FrozenMarshGrass01,7,7,-44276,85650,14759,32.1
STAT,0007724B,UpperTable01,7,2,-48305,108597,1260,0.0
STAT,00034019,NorBridgeCageMid01,7,1,-18725,22032,929,0.0
ACTI,000862CC,TrapOilPool01,7,1,-41792,-84649,933,0.0
STAT,0010C4BC,INV_SkyrimCloudDistant04_O,6,6,14859,8973,143185,1999.1
STAT,00027432,SkyrimCloudDistant05_25,6,6,18075,-79682,148767,1160.8
FURN,000F688D,GreybeardMeditate,6,3,56103,-35699,1656,0.3
FURN,0007A37D,HideLMarker,6,5,-10262,-55306,64781,285.8
FURN,00105D4D,CartFurnitureHorse,6,6,862,22992,140286,2007.6
MSTT,00090CA4,Campfire01LandBurning_ReachDirt01,6,6,-92392,8944,95305,504.3
SOUN,000F23A6,QSTTG02BeesLP,6,2,151301,-98727,490,0.0
DOOR,000180D8,AutoLoadDoorMinUse01,6,6,-7492,6546,134111,1821.2
ACTI,0008F3FA,DweLever02,6,6,61741,49815,40102,182.9
TXST,0002B95A,DecalFlameBurn01,6,2,20004,45641,100945,1.2
DOOR,000C227B,ShipDoor01Load,6,4,-26667,114292,27547,44.8
LIGH,000BCC9D,DefaultTorch01NS_Fast,6,4,7445,-5264,104099,1240.2
FURN,000ECFF5,BedrollHay01LReachDirt01F,6,4,-140232,46125,24734,7.2
FURN,00036340,WoodenChair01,6,6,51989,2244,105561,1327.1
ACTI,000C4F00,dunKilkreathCrystal,6,2,-88676,99934,1570,0.3
STAT,0010C4CF,INV_SkyrimCloudDistant01_50,6,6,-71876,-19836,111702,1449.5
FURN,0009C6DF,GrainMill,6,6,-9704,-23120,116087,1080.8
ACTI,0001608E,TundraStreamStraight01WaterA,6,5,-15388,-1167,24985,61.7
DOOR,00000004,PrisonMarker,6,6,10808,45234,108827,1762.1
STAT,00030425,CW4MissileWideAttacker,6,2,16672,-5258,1174,0.1
STAT,0010C4C8,INV_SkyrimCloudDistant02_O,6,6,-22734,-33855,145877,684.7
STAT,0010C4AB,INV_SkyrimCloudShape01_50,6,6,63511,-8226,75357,62.8
STAT,00027338,SkyrimCloudShape03_O_50,6,6,71711,-53423,77256,827.3
STAT,0010C4C6,INV_SkyrimCloudDistant02_O_50,6,6,-68413,-10656,154683,2276.7
STAT,0002747D,SkyrimCloudDistant02_O_50,6,6,70761,-31342,164979,3025.7
STAT,00098354,RockCliffMineEntranceHvSnow,6,6,36160,27661,114493,1890.8
ACTI,000E6631,dunHunterGuardianTrig,6,6,6204,8089,96285,936.1
FLOR,00038B0D,HangingPheasant01,6,6,20390,19085,77625,682.9
STAT,00063FD3,WRScafGuardTowerBase01,6,5,18790,-3733,9740,3.6
WEAP,0006B95F,DummyWeapon1H,6,5,916,12294,72634,712.8
STAT,00089F3B,WRWallStrUp128Shift128,6,4,27157,-3366,5224,1.3
ALCH,000508CA,FoodHonningbrewMead,6,4,78377,-31217,81767,427.0
STAT,00034D23,SnowberryWreath,6,4,85299,47204,55189,273.0
STAT,0002A27B,StockadeTower01Light_SN,6,6,62594,52668,100393,231.8
STAT,0007184D,ImpStableSingle01Snow,6,5,29323,79767,72329,242.8
STAT,0006F76E,ImpExtIceBldgSecondCorner04,6,6,39915,17251,93472,674.9
STAT,0006F749,ImpExtIceTower03,6,6,-21592,59985,111903,1234.7
STAT,0006F73A,ImpExtIceBridge01,6,5,-17426,27264,111511,667.8
STAT,0006F76C,ImpExtIceBldgSecondCorner02,6,6,45989,52468,74440,510.4
STAT,00099548,RockAnimalDenSnow01_LightSN,6,6,32946,16016,84079,703.1
ARMO,00012E46,ArmorIronGauntlets,6,4,-8097,5225,86266,194.9
STAT,00019B17,HayScatter03,6,6,718,-19107,92157,972.1
STAT,000B77C0,RockCaveEntrance02SnowRocks01_HeavySN,6,6,48032,73840,94969,696.9
ACTI,0010D046,MineOreCorundum02_LSnowRocks,6,6,75168,50746,70265,331.4
STAT,0002EE91,RockL02SnowCustom01,6,5,13277,81139,13240,7.5
STAT,00055122,DweFacadeTower03,6,4,20595,3586,122226,1178.0
STAT,0004EFCE,DweFloorRaised02,6,3,80059,-35389,126494,1119.0
STAT,00076604,DwePlatBgMid01Snow,6,3,42743,54743,45673,19.0
STAT,000D5712,CrateSmallLong03WeatheredSnow,6,4,42887,56348,124023,1345.1
STAT,000C2103,CrateSmall01_LightSN,6,4,51819,42771,101196,431.1
STAT,00076922,NorExtWallBg2Way01Snow,6,4,60499,917,120553,405.3
STAT,000FF8ED,DweFacadeTowerArch1x4Snow,6,5,69095,40278,38430,130.8
STAT,000B1B74,RuinsPot06Static,6,4,1038,37609,79483,443.0
STAT,0002521D,NorDwelling04IntB01,6,5,-12766,12294,121031,1271.5
STAT,0007A085,RockShelf01Snow01_LightSN,6,6,51813,7018,142931,2136.1
STAT,00050351,ShipLongBoat01,6,6,62395,23508,131825,1032.9
FURN,000C4328,HammerTableMarker,6,5,53045,-20047,136036,2299.6
ACTI,0009151E,RemovableTorchSconce01,6,6,86264,-17877,135883,675.5
STAT,0003A1EF,NorVineCeiling01NoCol,6,3,-63954,-5440,89860,124.1
STAT,00013F81,NorRmSmMid01,6,2,88971,76843,55235,1.7
STAT,00013F82,NorRmSmWallFront01,6,2,99959,91617,52078,4.1
STAT,000B554E,RockPileM03,6,6,-3650,-10729,106953,1119.9
ACTI,0010D089,MineOreQuicksilver04_LSnowRocks,6,6,109204,-10476,84342,701.4
CONT,000FD834,CWFortSoldierWoundedTentChest,6,6,-37793,46984,111674,1354.4
STAT,000BE2A3,ImperialTentLargeSnow,6,2,25368,97722,27024,1.8
ACTI,0010D068,MineOreMoonstone01_LSnowRocks,6,6,78764,11942,99461,1089.8
MISC,0005ACE3,ingotSilver,6,3,-44934,34040,83888,344.6
STAT,0004F8E7,ShipWoodbeamShort01,6,4,10949,123296,93442,25.1
STAT,00026FCC,NorTempleExteriorRib01Snow,6,6,1609,48967,58164,361.5
STAT,0003E228,ImpWoodbeam02,6,3,57226,39405,68215,316.6
STAT,000765FD,DweWall02Snow,6,5,104194,-23045,81246,12.1
STAT,000F540D,DweFacadeTower1x2Snow,6,4,82987,32094,22308,19.9
STAT,000F540A,DweFacadeTower1x3Snow,6,5,79474,53246,29464,29.3
STAT,000765FA,DweRubblePile07Snow,6,6,39092,50014,97194,493.7
STAT,00076609,DwePlatBgStairMid02Snow,6,5,85946,19930,5671,2.3
CONT,0002069A,TreasDwarvenChestLarge,6,5,-17668,-4048,151905,1605.7
CONT,00020653,TreasDwarvenJewelryBox,6,5,51327,42235,81446,441.1
STAT,000C99D2,DweCenturionBust01snow,6,5,118254,-42967,90842,133.7
STAT,0005F985,NorWordWall01_HeavySN,6,6,27722,8624,136261,2721.8
STAT,0002EB0D,FXGlowFillRoundDim,6,4,8453,15908,128723,179.0
STAT,00040BAD,ImpJailPole01,6,5,134951,-17442,101545,1363.5
STAT,0006BDD1,NorSarcophagusVertBottom03,6,6,32298,17082,79383,663.5
STAT,0006CD3F,NorExtWallBgStairsSingle01HeavySnow,6,3,70667,6495,70522,9.8
STAT,00062A0B,RuinsBrokenTable02snow,6,4,69390,-68634,60320,292.3
STAT,0003858F,WallMountedSlaughterFish01,6,5,2182,32601,88954,885.7
STAT,000F9997,CommonTable01Light_SN,6,1,92679,91457,1161,0.1
STAT,0002A339,StockadeScaffoldTop2Sided02Light_SN,6,3,129307,42426,48572,22.7
STAT,000455CE,MineScaffoldBaseRopediv01,6,3,57825,18337,114142,708.5
MSTT,0002A44E,RuinsLargeUrnDestroyedTop,6,6,24139,24557,120497,1850.0
STAT,00071820,ShackFrameLEnd01Snow,6,5,37463,22993,110865,1236.8
STAT,00055196,DweFacadeBalconyMid01,6,4,-70261,42160,141429,713.8
STAT,00090F13,CommonBedStatic,6,5,28628,8166,142647,2396.6
STAT,0002FF5B,RockCliff01RiverbedEdge01,6,6,-8309,-18071,105813,1440.9
ACTI,0010D07F,MineOreQuicksilver01_LSnowRocks,6,6,62294,17717,123535,2071.3
ACTI,0010D03B,MineOreSilver04_LRocks,6,6,-25382,-6902,138988,2091.5
SOUN,0001D4E0,AMBWaterwheelLP,6,6,14245,13395,92555,978.0
MSTT,000F3E42,FarmLumbermill01WaterWheel01,6,6,38466,-15421,105501,1433.6
MSTT,00043987,FXWaterfallSkirtTallFrontSlope,6,5,73908,-23549,40530,152.6
STAT,000C1D94,ImpExtIceBldgSecondCorner01_NoIce,6,4,68208,-29995,72325,15.8
STAT,000E6478,ImpExtIceRubble05_NoIce,6,3,84602,-14384,68227,5.9
STAT,000C1DAD,ImpExtIceWall01_NoIce,6,2,119413,18098,824,0.1
STAT,000C9B5B,ImpExtIceBlocks05_NoIce,6,3,68115,-29264,71273,9.4
CONT,000997FE,SpitPotClosed01AlchemyCommon,6,6,-36175,-32689,95419,1020.7
STAT,0008AF6F,RoadCurveLong45LRamp02,6,5,105817,-20752,54467,228.6
STAT,0002A34E,StockadeWoodbeamShort01Light_SN,6,5,124049,14701,67974,335.0
STAT,000533BC,StockadeScaffoldBase2Sided02,6,4,-88972,16304,92287,23.3
STAT,00080E3B,snowmelts01,6,3,36697,4869,58210,290.8
ACTI,000743AF,WildernessPOIMarker,6,6,111454,-35236,95244,436.5
STAT,000AF27E,GlacierEndLg01_NoSN,6,5,175358,108196,41484,71.7
STAT,000C4B9B,BurntRubbleNoDirt04,6,5,41244,-58452,96801,878.2
STAT,0002A747,Farmhouse06,6,6,14328,-34336,85943,736.3
STAT,0004D7D8,WalkwayCWallEnd01,6,6,41209,-76721,85196,447.3
STAT,000C2CC3,BurntWoodplanks01,6,3,36485,-57677,57804,278.9
STAT,000C2CB6,BurntRubble05,6,3,17203,-81072,2646,0.5
ACTI,000BA556,FXBirdFlockFleePineACT,6,6,-11827,-29982,90192,782.4
STAT,0006673B,MountainCliffSlopeFieldGrass02,6,6,25271,-17386,81377,296.3
STAT,0005DAE1,MountainTrim01FieldGrass02,6,6,-2548,-17978,67552,329.8
ACTI,0010581F,FXbirdOPreyACT,6,6,46923,-53692,126862,217.0
STAT,000135E2,DirtCliffs02,6,5,9043,-48154,26906,13.2
MSTT,00035267,FXAmbBlowingFog01,6,5,19244,-11866,77612,571.0
STAT,00077333,RockL05SnowLight,6,5,25264,-39057,29758,64.4
STAT,000BB8C6,RockS02Wet,6,4,70274,-23905,133978,984.4
FLOR,000775FE,CharredSkeever03,6,6,30346,-16470,115787,1023.7
STAT,000531BE,RockCliff08PineForest01SnowLight,6,6,-47904,40098,94181,239.9
STAT,000481AD,SoulGemHolder,6,5,74234,-14505,99337,1069.0
CONT,00024CA4,Cupboard01,6,6,46202,-28041,106339,1719.8
STAT,00042EC3,NorPlatBgFloorRaised01,6,4,-40315,-17551,42308,4.0
STAT,0006EAAE,WRFenceStrGate01,6,4,30392,-11410,7689,5.0
STAT,0006032D,WRIntFloorDirtStairs01,6,3,20334,-13300,5809,2.8
STAT,000627EA,WRStableWallBackStr01,6,1,18822,-11037,205,0.0
STAT,000CD742,BurialCairnStatic02Snow,6,4,101218,-49553,80191,12.8
WEAP,00013841,ImperialBow,6,5,5110,-13691,134916,2211.9
DOOR,0005AD57,ImpStableGate01,6,4,-44912,-14398,91269,674.0
STAT,0002EB11,FXGlowFillRoundBrt,6,5,8758,30484,143507,1252.3
ACTI,0010D045,MineOreCorundum02_LRocks,6,6,106558,-43362,50895,348.5
STAT,0005CCDF,ShackWall02,6,4,-26389,8480,84744,192.3
MISC,0006F993,Firewood01,6,2,-29324,-1295,150532,5.9
STAT,0005B09D,DwePlatBgWall02,6,4,127932,-47878,56253,10.2
MSTT,000FB545,FXWaterfallThin512x64,6,3,11237,-25147,109435,15.2
ACTI,0010D053,MineOreGold03_LRocks,6,6,-15033,31530,111797,1380.5
STAT,000194B9,RuinsSconceAndBase,6,4,-20815,15761,98246,78.0
STAT,0003BC38,NorRubblePile06,6,5,50140,-20555,68031,242.8
MSTT,00031084,FXSlowDrip01_Blood,6,4,72503,-57589,104760,784.8
MSTT,0007E60F,FXrapidsRocks01RiverMud01,6,6,-24603,7905,125945,503.0
STAT,00055126,DweFacadeTowerRoof02,6,5,40246,-25425,160498,1060.9
STAT,000B0142,RoadCurveLong45LRamp01FallForestDirt01,6,6,174406,-102410,29479,28.1
ALCH,00065C99,FoodBeef,6,5,-2404,-34995,137412,1075.6
ACTI,0010DAC3,MineOreIron04_LFallForestDirt,6,6,156074,-78764,29743,112.3
STAT,00101F6C,CivilWarRubble03Snow,6,3,135217,31883,1768,0.1
MISC,00034CD2,RuinsEmbalmingPick,6,5,16660,17586,118349,1260.7
MISC,000F08F9,GlazedGoblet01Nordic,6,1,163289,26206,878,0.1
STAT,00101A5E,BedrollHay01STATICGrassSnow,6,2,66720,69313,78291,3.1
STAT,0005A0DC,RockCliff02RiverBottom01,6,5,-39358,10616,117743,1768.1
ACTI,0010DABE,MineOreIron03_LCoastBeach,6,6,-18815,114804,127314,338.8
MISC,00033761,PaperRoll,6,4,15227,-9778,142912,1394.7
ACTI,0010D03A,MineOreSilver03_LRocks,6,6,-41687,35376,169554,3086.2
STAT,0006F269,StockadeFreeWall02,6,3,151662,-98801,1247,0.2
ACTI,000A7C45,TG02BeeHiveDummy,6,2,151299,-98726,490,0.0
ACTI,00025D94,TG02BeeHive,6,2,151299,-98727,491,0.0
STAT,000ACAF9,HagravenHouseSticks01,6,6,-95612,-30368,121401,546.4
MSTT,000ACAF6,HagravenDeadSkeever01,6,6,-65317,-36481,106493,570.3
CONT,00020650,TreasDwarvenChestSmall,6,5,-103663,11083,132721,517.3
STAT,0003E203,ImpFloorPiece02,6,2,113561,-78448,77884,4.9
AMMO,0001397F,SteelArrow,6,3,-88989,31538,109540,231.5
STAT,000E9EA7,ImpExtIceBlocks06_NoIceSulfur,6,1,137585,-26603,529,0.0
MSTT,000D2039,CityBannerRiften01,6,3,172347,-74109,16613,3.0
STAT,0006D537,MountainTrim03ReachMoss01,6,5,-158952,3770,29552,103.6
STAT,000885DE,RockPileL01ReachDirt01,6,5,-138680,21311,31962,126.0
STAT,000539B7,RockPileL02ReachGrass01,6,6,-120872,16565,44281,183.1
STAT,00066009,SkyHavenTmpExtPlatCorOut01,6,2,-130073,6675,1656,0.2
AMMO,000CEE9E,ForswornArrow,6,5,-125775,11998,56983,363.9
STAT,000B23C4,MountainTrim03SnowRocks_LightSN,6,6,-143323,105509,12233,13.9
STAT,000F3E2F,StockadeScaffoldBridge01,6,2,-129267,8490,1013,0.1
FLOR,0004DA0B,FloraMushroom05Small,6,3,-91261,-3759,52129,2.4
STAT,00034CE3,NorSarcophagusTop,6,4,-40723,45596,48143,115.1
SOUN,0010C2E7,AMBShipCreakBaseLP,6,4,-63406,94902,3078,0.8
STAT,0006C0B8,TestSPatioWall01Snow,6,2,-78646,113608,802,0.0
STAT,00082A47,NorSculptureHead01ice,6,4,-28252,64445,36451,112.0
STAT,000D9306,BurialCairnStatic03LDirt02,6,3,-34264,20249,54633,149.1
STAT,000A4C9F,NorTmpExtPlatFloorRaised01SnowCustom01,6,2,-5931,46776,2353,0.2
STAT,000E8FCD,RockPileS03CoastOceanFloor01,6,5,-12118,125958,10991,14.0
TXST,000B08A2,DecalBloodSprayGroundLarge,5,2,39719,21556,39822,0.7
STAT,0010C4A2,INV_SkyrimCloudShape02_O_50,5,5,34540,-7620,95572,283.5
IDLM,0007872B,BookReadingIdleMarker,5,4,130805,34209,43836,65.5
ACTI,0008ADCC,TrapMagicCasterBase01,5,3,-94924,-42651,142107,106.7
FURN,00033DCF,IceWraithVAMarker01,5,3,65028,35294,45742,128.2
FURN,00103445,CartFurniturePassenger,5,5,16952,5170,141941,1890.8
FURN,00103442,CartFurnitureDriver,5,5,17038,5072,141829,1884.6
ACTI,0007C26B,TrapNorFlamethrower,5,2,70054,32924,103675,7.1
WEAP,00013980,IronBattleaxe,5,5,30515,38930,106789,548.1
WEAP,0001359D,IronGreatsword,5,4,51239,47041,116330,314.0
FURN,000E8E4E,KneelingMarker,5,4,46124,-60268,72932,5.9
ACTI,00048DEC,NorSarcophagusTopAnim01,5,5,-10657,-28108,105505,1130.4
TXST,000A00D4,DecalSnowTransition,5,2,42284,46748,48116,1.1
FURN,000E49A7,SprigganAmbushMarker01,5,3,-31945,66815,102574,141.2
STAT,00104F6F,CartFurnStatic01,5,5,17007,5107,141869,1886.8
ACTI,00027EF9,GuardMarker,5,4,739,-31564,114093,250.5
FURN,000E23FB,BedrollHay01LDirt02F,5,4,-15228,-23244,100324,814.9
ACTI,00068E43,DragonMoundBaseAlt,5,5,29511,7139,135647,713.7
FURN,000E0BA9,BedrollHay01FallForestDirt01F,5,3,138004,-74810,30353,2.7
DOOR,00037E41,WHDoor01,5,2,139677,33846,4185,0.5
FURN,0003B436,UpperBedSingle01L,5,5,8818,58439,118106,1071.6
MSTT,0007A615,WagonWheel,5,5,46555,6652,99379,595.7
ACTI,0001DA07,ResourceObjectFarm,5,5,14663,-9850,140155,1345.2
STAT,0007A612,DBBrokenWagon,5,5,9924,-13994,98704,963.1
DOOR,0006DA86,SkyHavenDoor01,5,1,-140148,7078,431,0.0
DOOR,000439C4,ImpDoorDoubleLoad01,5,5,3390,23376,68327,440.9
ACTI,00023A32,NorPortcullis,5,4,-120034,19582,63204,110.1
WEAP,00013982,IronMace,5,5,-8232,-22952,126950,1828.5
FURN,000E2404,BedrollHay01LReachDirt01L,5,5,-143686,12673,30410,88.7
FURN,0003B6E8,CommonBedDouble01,5,5,60153,-28479,106778,1244.7
ACTI,000F1BFC,DefaultInvisibleActivator,5,4,18139,-26479,107835,236.4
STAT,000272C4,SkyrimCloudShape05,5,5,-13894,29795,131047,1462.3
STAT,0010C49E,INV_SkyrimCloudShape03_O,5,5,58058,40590,70333,74.9
STAT,0010C493,INV_SkyrimCloudShape05_50,5,5,44328,20140,126924,436.5
STAT,000273DC,SkyrimCloudShape01_O_50,5,5,50607,57904,93462,362.6
STAT,0010C48F,INV_SkyrimCloudShape06,5,5,-40176,67595,117200,212.2
STAT,0010C4CC,INV_SkyrimCloudDistant01_O_50,5,5,5727,-47538,145059,748.8
STAT,000982D5,RuinsSconceAndBaseSnow,5,4,50166,15990,60246,414.6
CONT,000BAD05,TreasCorpseMammoth,5,5,64669,32008,82187,520.0
ACTI,000D96C2,critterSpawnInsects_SingleNocturnalOnly,5,1,25336,26305,948,0.1
STAT,0009707C,DirtCliffsCornerIn01Tundra01,5,5,-51262,17767,43940,197.4
STAT,0005CD72,ShackRoofMid04,5,5,51656,7579,95310,758.6
STAT,000684DA,WRWallRubblePile05,5,5,24065,-6573,13032,15.6
ACTI,0010D03E,MineOreCorundum01_LTundraRocks,5,5,-14605,16908,47994,200.0
STAT,000251A5,NorDwelling03ExtBaseA,5,5,-25214,4506,102953,948.6
STAT,0003493F,NorTmpExtPlatGuardHouse01,5,5,-131701,11264,80916,543.8
STAT,00089F89,WRWallCurve30Up128,5,4,27878,-634,2187,0.2
STAT,001018E3,CookingSpitSm01,5,5,41288,-19347,96942,412.9
MISC,0003807B,Spigot01,5,4,-1033,-21335,114809,295.7
INGR,00052695,CharredSkeeverHide,5,5,9655,-45893,117669,1167.4
CONT,000774BF,TreasGiantChestBoss,5,5,19249,18199,63576,281.0
MSTT,00051577,GiantCampfire01Burning,5,5,5870,-6910,75500,291.0
DOOR,0002A289,StockadeGate01Light_SN,5,5,46290,52527,117499,89.1
STAT,0006F766,ImpExtIceBldgICorner03,5,5,-27125,52155,103456,660.9
STAT,000AAA37,PracticeDummy03,5,4,-10798,-12535,56363,384.0
STAT,00087272,RockPileM01Dirt01,5,4,32160,-24922,107478,826.9
MISC,000F5D0A,Saw01,5,5,18418,11083,97344,905.2
STAT,00025211,NorDwelling03IntA01,5,5,36547,34527,93828,986.3
STAT,0002521E,NorDwelling03ExtBaseASnow,5,5,36547,34527,93828,986.3
ACTI,0010D055,MineOreGold03_LSnowRocks,5,5,72168,24585,102417,1151.8
STAT,0009B811,RuinsAltarBroken_Snow,5,5,45258,30917,82827,729.6
STAT,0006DD56,DweFacadeBalcony01Snow,5,4,63266,47515,38726,112.9
STAT,00076602,DweFacadeFreeExBg01Snow,5,4,90197,23869,69793,107.3
STAT,000B7C66,DweRubbleColumn01Snow,5,4,66523,53982,70847,252.3
STAT,0007660E,DwePlatBgCorIn01Snow,5,3,35578,61172,45268,18.3
MSTT,000A9230,Campfire01LandBurning_Heavy_SN,5,5,49198,-29143,164397,1956.8
STAT,000DC850,DweFacadeTowerRoof01SnowHeavy,5,4,68002,53532,38395,101.3
ARMO,0006A0AD,DummyGauntlets,5,5,-7311,-2869,109763,878.3
MSTT,0003BC46,RuinsPot05,5,4,32304,2054,101091,266.4
STAT,0003F7E4,RuinsBrokenShelf01,5,5,-46518,38458,84704,787.6
STAT,00097831,RuinsWallSconceSnow,5,3,54622,-65128,71683,5.8
STAT,0009307D,FarmInn01Snow,5,5,38500,76803,55479,289.8
STAT,000E4E73,RockCliff02CoastOceanFloor01,5,5,-25037,124633,19886,35.5
STAT,000E4EA0,RockPileS04RiverMud01,5,4,8109,108559,103351,26.0
SOUN,00100F8B,AMBTavernExteriorLP,5,5,16637,26824,113825,1677.6
MISC,0003AD75,WolfIcePelt,5,4,-37673,14209,137758,1902.0
LIGH,0002EE05,BleakFallsCandleLight01NS,5,5,67373,24061,114598,207.0
STAT,00097AC4,NorSculptureHead01snow,5,5,39442,32312,75435,291.1
DOOR,00034451,NorBridgeCageExSm01,5,5,-6886,-16298,87883,420.5
STAT,0006AF7C,ExteriorWoodenTable01SnowLight,5,5,76491,38133,116533,798.0
MISC,0005CADF,BlacksmithBellows01,5,5,-440,70983,68306,511.9
STAT,0009E2BA,ImpRubblePiece03snow,5,4,-51056,99994,118302,174.6
STAT,0006F74D,ImpExtIceTowerShellDoor03,5,4,11229,19293,154796,1640.4
STAT,0003CCDE,ShipwreckLarge04,5,5,41460,72633,128349,1841.7
STAT,0003CCDA,ShipwreckLarge03,5,5,41476,73877,129081,1865.7
MISC,00063B42,GemRuby,5,4,13214,19985,117543,1332.8
STAT,000DAE82,CommonCrate02,5,4,31451,-8328,139086,1446.2
MISC,00067182,SoulGemPiece002,5,2,-47397,42996,63560,0.1
MISC,00063B46,GemAmethyst,5,3,37414,82645,87975,252.4
MISC,00063B43,GemEmerald,5,4,-55845,84491,111773,705.3
MISC,00098621,SilverGoblet02,5,4,46813,111516,55986,25.2
STAT,0006F748,ImpExtIceTower02,5,5,-67659,63607,114420,1247.2
STAT,000F5409,DweFacadeTower1x4Snow,5,5,77576,57293,24287,6.8
STAT,0006DD69,DweFacadeTowerSpacer01Snow,5,5,97023,27690,42517,118.7
STAT,00074D23,DweFacadeTowerSpacer01SnowLight,5,5,95112,48059,35890,52.8
MISC,000DABA9,Drum,5,5,79093,14322,108618,274.6
STAT,000C79CA,BoneHumanFootRStaticSnow,5,4,2303,80613,134778,1013.0
ARMO,00012E4B,ArmorIronBoots,5,5,13111,72931,113182,980.4
ACTI,0010D090,MineOreSilver02_LSnowRocks,5,5,58735,-31511,107681,1361.1
CONT,000BF147,TreasRuinsUrnSmall02EMPTY,5,3,-30424,78990,101583,204.7
STAT,00026145,NorRmSmFloorRaised01sn_light,5,1,92364,91321,512,0.0
STAT,000F999A,NorPlatWall01Light_SN,5,1,91807,91722,339,0.0
STAT,000455D3,MineScaffoldRope01,5,3,20141,76155,88515,520.8
STAT,000455D1,MineScaffoldRope05,5,5,-7126,30612,133046,1833.5
STAT,000A313B,BoneHumanSkullStaticSnow,5,5,86645,11907,111090,1591.4
STAT,00096C40,BoneMammothSkull4Snow,5,5,77031,99536,47386,95.6
STAT,00071821,ShackFrameLEnd02Snow,5,3,51324,-24562,86894,10.3
STAT,0007183B,ShackWall05Snow,5,2,80165,77986,886,0.1
STAT,00068B24,DweDoorFrameExBgtoExSm01,5,5,8051,25532,132603,797.3
STAT,00055116,DweFacadeFreeExBg01,5,5,-41002,16723,141503,1286.1
STAT,000455DC,MineScaffoldRopeLong03,5,2,25553,58123,111069,0.7
CONT,00042749,TreasBurntCorpse05,5,5,55317,22600,141588,1898.6
ACTI,0010DAB9,MineOreIron02_LCoastBeach,5,5,63217,128067,93059,394.5
STAT,00022460,RockCliff05RiverbedEdge01,5,5,51090,-12981,95197,868.8
STAT,0004F8ED,ShipWoodbeam01,5,4,36771,108327,104640,315.1
STAT,000C1DB9,ImpExtIceWallGate01_NoIce,5,1,119767,18152,936,0.0
STAT,000CC810,ImpExtIceDoorhole01_noIce,5,5,52320,-46668,61589,49.9
STAT,000533BD,StockadeScaffoldBase3Sided01,5,5,129392,-22445,62971,276.5
STAT,000C1DC3,ImpExtIceBldgStraight03_NoIce,5,2,35382,-57584,56441,2.9
ACTI,0010DA9B,MineOreIron01_LVolcanicTundraRocks,5,5,129157,-6904,16403,14.5
ARMO,00013910,ArmorHideBoots,5,5,863,-32847,74943,549.6
STAT,0005CCC9,ShackFrameLMid01,5,4,18638,31509,104342,851.2
STAT,00074E10,DweClutterBowlShape01SnowLight,5,1,99128,76063,488,0.0
STAT,0006B111,NorSarcophagusVertBottom01,5,3,-39761,59854,135373,1563.1
STAT,0003011F,NorRubblePile05,5,5,25864,-7541,93673,601.1
STAT,00017CD1,TundraStreamStraight01Coast01,5,5,100081,102633,97359,188.9
LIGH,000FFF48,MGFirePillarLightBlue,5,3,115928,111177,1286,0.2
STAT,00108BC0,WinterholdExtRing01Base,5,1,116384,111648,0,0.0
STAT,000732B5,MountainTrim02Wet_CoastBeach,5,5,132439,103032,6411,4.5
STAT,0005C164,DirtCliffs01Snow01Snow,5,5,9905,-32489,118001,1545.1
ACTI,000AC136,MQ102ChatterTrigger,5,5,7099,-59222,6828,4.0
STAT,0002F1B5,NorTowerRuinsIntTopFloor01Snow,5,5,36119,-38513,126611,870.9
STAT,000D8399,BanditPole06,5,5,28531,-1039,101521,786.5
STAT,000D6C27,ImpExtHelgenWall02,5,4,15896,-80356,2175,0.5
STAT,000D8398,BanditPole05,5,5,44930,-25372,93192,825.9
STAT,0004D7C2,WalkwayStairs15,5,4,22144,-58886,16111,4.0
STAT,000D204A,BurntRubbleCart01,5,4,39836,-54506,99210,773.1
ALCH,00107A8A,MQ101JuniperMead,5,2,16255,-83644,235,0.0
ARMO,00020042,CWDummyHelmetImperial,5,5,-32491,3364,72170,320.2
STAT,000BB8C5,RockS01Wet,5,4,19091,29125,108977,494.9
ACTI,000F4A31,defaultEnableEncLinkedRef,5,5,111722,-37350,67324,89.7
ACTI,00099312,defaultSetStageTRIGPlayerOnly,5,5,3566,-43587,17118,9.9
STAT,00018FE1,FarmhouseSmith01,5,5,-16526,-14843,122670,1290.2
STAT,000C051E,WalkwayBend01,5,5,431,-62012,32453,7.9
STAT,000E6E23,MountainTrim03Rocks01,5,5,113350,-63915,66350,239.7
STAT,0004D7AD,Farmhouse04Walkway,5,5,29510,-49430,91872,589.6
STAT,0001307B,Farmhouse04,5,5,29674,-49216,91824,588.7
STAT,000A2967,RockPileS02RiverbedEdge01,5,3,91383,-68317,44050,58.2
STAT,0002268E,RockPileS01FieldGrass02,5,4,50104,-10627,114037,739.8
CONT,000A9198,BeeHiveVacant,5,5,-22754,-68215,59293,117.3
STAT,00042EC4,NorPlatBgFloorRaised02,5,3,-22470,-51632,37158,82.3
STAT,00036AEF,NorHitchPost01,5,2,22089,-59256,38974,1.7
STAT,000F1A6A,WRWallTower01CollPiece,5,4,24394,-7194,4881,3.0
STAT,00063FBC,WRScafGuardTower01,5,4,16218,-7053,2827,0.5
DOOR,000A88DA,WRFenceStrGate01Door01,5,3,30209,-10178,7851,2.0
STAT,0009625E,SignWRPost01,5,2,28683,-15990,6329,0.2
CONT,00020665,TreasHagravenChest,5,5,-57554,-21233,127749,935.0
STAT,0005C097,RockCliff07GrassSnow,5,4,4257,-59390,97954,52.9
SOUN,000639A7,MAGRuneImpact,5,3,55889,-39025,4086,0.5
INGR,000889A2,DragonsTongue,5,2,4217,-52854,61357,0.2
INGR,000134AA,Thistle01,5,4,-30825,-35845,108488,192.4
STAT,000BFBA6,RuinsPot06Static_LightSN,5,2,115612,13843,66369,1.9
MISC,0003AD53,BearCavePelt,5,3,-27665,8129,121444,274.0
ACTI,0010D079,MineOreOrichalcum03_LRocks,5,5,86294,-40119,72202,477.0
ACTI,0010DAC1,MineOreIron03_LFallForestRocks,5,5,123609,-87765,33241,76.8
STAT,00026FE1,NorTempleExteriorRib01BaseSnow,5,4,26116,-35648,78209,192.1
STAT,000843F3,RockCaveEntrance02FallForestDirt01,5,5,122141,-69754,51447,108.5
STAT,0005CDF3,DweWallCap02,5,2,35800,-57807,117658,14.2
STAT,000267CD,NorTable01NoShadow,5,5,-10490,-21049,127741,1176.6
FLOR,0004DA0C,FloraMushroom06,5,4,-55167,4098,109353,1325.9
STAT,000B27B0,MountainTrim02FallForestGrass01,5,5,130437,-79824,40173,153.0
ACTI,0010DAC4,MineOreIron04_LFallForestGrass,5,4,115133,-82313,19106,10.9
STAT,0003A1FB,NorVineWall02NoCol,5,3,-41093,-40075,101234,43.4
STAT,0004D7A8,Farmhouse01Walkway,5,5,-2654,-32629,118397,794.4
STAT,0003EACA,NorPlatBgCorOut01,5,2,98747,-2017,623,0.0
STAT,0005D0E5,RockPileL02FieldGrass02,5,5,39919,-33227,70827,164.2
STAT,0002FB2B,ShackBrokeWall03,5,1,91912,-15273,168,0.0
STAT,0002521A,NorDwelling04ExtBaseA,5,5,4622,-29855,114264,1383.1
SOUN,00101087,AMBWaterChurnLP,5,5,37264,-13721,110809,193.5
ALCH,00065C9E,FoodRabbit,5,4,153663,-70855,53891,258.1
STAT,0003F96B,ImpExtBldgICorner01,5,4,134242,-72619,35530,124.7
STAT,000ADF01,RockPileS02FallForestLeaves01,5,5,163999,-107833,24598,20.8
STAT,0001307A,Farmhouse03,5,4,-27469,-38915,91709,610.6
STAT,00024B88,RockShelf01Rocks01,5,5,79191,-56396,89400,20.6
STAT,00030055,RockCliff04MossTEMP,5,2,121837,-46056,2267,0.2
DOOR,00027FE7,OrcDoor01,5,3,141043,-53660,56510,78.1
STAT,000B2340,OrcAwningPartitionExSm01,5,3,141046,-53656,56514,78.1
STAT,000924A3,MountainTrim02VolcanicDirt01,5,5,123470,-10786,17052,19.2
MSTT,0003103F,FXSteamJet,5,4,128906,-21754,6873,3.6
STAT,00101F4B,CivilWarRubble04Snow,5,3,136932,25936,2097,0.5
STAT,0008AF6C,RoadCurveLong45RRamp02,5,5,60889,13378,109713,1139.8
MISC,0003AD6D,SabreCatPelt,5,2,82796,12116,89563,0.3
MISC,0003AD52,BearPelt,5,3,-44459,18209,116766,1065.5
ALCH,0003EB2C,FortifySkillMarksman01,5,2,109667,192,96363,12.3
ACTI,000166D2,BurialCairn01,5,2,47383,-5775,91728,5.0
CONT,000FB9C9,BarrelFood01_Snow,5,4,43590,69876,160984,929.4
STAT,00093D3D,Rug03,5,5,6292,14939,147164,1840.3
ALCH,00065C9B,FoodHorkerMeat,5,2,66640,13935,129334,1.3
MISC,0004C3C8,Quill01,5,5,39847,30594,109896,1530.3
STAT,0002B899,NorRmSmMidFloorOnly01,5,1,169045,50681,229,0.0
STAT,00040BB1,ImpJailDoorframe01,5,2,155999,-29472,79115,11.7
STAT,000AEF7E,RockPileM01FallForestLeaves01,5,4,162918,-100223,19021,30.4
CONT,00020667,TreasHagravenChestBoss,5,5,-71902,-31234,122644,558.7
STAT,000AF8FD,TundraStreamBend01FallForestGrass01,5,5,182251,-94777,24323,53.1
BOOK,000C1771,Book2CommonLegendofRedEagle,5,5,-67195,-12990,115270,480.0
STAT,000EE518,RockPileS04VolcanicTundraRocks01,5,3,134389,-12242,1977,0.4
STAT,000E9E9D,ImpExtIceBlocks05_NoIceSulfur,5,1,138150,-26775,991,0.1
STAT,00098F06,RifRmSmSecondFloorStair01,5,5,28542,18319,148731,78.9
STAT,000B7E7E,RockCairnEvil04,5,5,-26687,-11555,120952,1041.7
STAT,000EA9D4,BurntRubble03Rocks01,5,1,189241,-124788,388,0.0
STAT,0003EA8C,RTCivilWarTower01,5,4,177854,-80222,18246,25.1
STAT,000A4E66,RTDockBldStr01,5,1,168558,-96445,759,0.1
STAT,00030AD2,DweChandelier01,5,3,-167565,44554,3164,0.6
STAT,0005B097,DwePlatBgStairCapL01,5,3,-160061,33678,25462,8.8
STAT,0005B098,DwePlatBgStairCapR01,5,3,-160061,33575,25420,8.8
STAT,0008867C,RoadStraightLong01ReachDirt01,5,5,-139311,6858,13813,12.4
STAT,0008025F,RockCaveEntrance01ReachDirt01,5,5,-132855,47681,18986,46.8
STAT,00080399,RockPileL04ReachMoss01,5,5,-137059,28885,39264,97.3
STAT,00050332,SkyHavenFloorChunk02,5,1,-141255,6344,862,0.1
STAT,00056AE1,RockPileL01ReachMosssyRocks01,5,2,-135571,13371,42433,5.9
STAT,0008039D,RockPileL01ReachMoss01,5,4,-133484,53443,27310,58.7
STAT,00079634,RockShelf01ReachGrass01,5,5,-137708,30293,40151,91.9
STAT,000455A8,MineWoodbeam03,5,1,-153767,83068,153,0.0
MISC,0005AD99,IngotOrichalcum,5,2,-149736,38369,51312,0.1
STAT,00068764,DweClutterPedestal02,5,3,-134018,-12842,10067,0.2
STAT,000B1B75,RuinsPot05Static,5,4,-76939,-583,60161,109.0
STAT,00028B0F,CounterRight01,5,2,-72505,-75616,44712,1.2
STAT,00028B0E,CounterLeft01,5,2,-72505,-75616,44712,1.2
STAT,00028B10,CounterStraight01,5,2,-72505,-75616,44712,1.2
ACTI,0010DCC6,MineOreIron04_LReachGrass,5,5,-117860,-21477,20549,14.2
STAT,0003A160,NorDragonStatueMetal02,5,3,-116300,85804,29122,3.2
STAT,00017400,TreePineForestCutLog01B,5,2,-91188,-9813,52867,6.2
STAT,00062B17,RockPileM01RiverMud01,5,4,-55884,2146,43523,30.5
MISC,00067181,SoulGemPiece001,5,2,-78015,-1923,31467,0.1
STAT,000AEE0F,DockCorSol01,5,2,-64021,101936,12516,1.6
STAT,000B018B,DirtCliffs01FrozenMarshGrass01,5,5,-47585,87533,16850,11.8
STAT,00093D35,Rug07Rolled,5,2,-67771,100497,33463,0.9
STAT,00106FD0,CivilWarRubble04SolDirt,5,2,-70974,101249,2717,0.3
STAT,000F6050,WalkwayBend01Snow,5,2,-37853,64317,1987,0.1
MSTT,000C1F9E,FXCreekFlatLong01_TundraRocks01,5,3,-57184,44913,1446,0.1
STAT,000835CF,RuinsPot01Staticice,5,3,-19997,45603,1878,0.4
STAT,00052B4F,DwePlatMid01,5,1,-110983,-20722,172,0.0
TREE,000EF59C,TreePineForestSnowL05Dead,5,5,-57519,-102547,4196,1.4
STAT,00000012,HorseMarker,4,4,85702,3496,157967,1563.8
TXST,000684CB,DecalBloodSprayGroundCOPY0000,4,3,52113,-78419,95710,281.7
STAT,0010C49F,INV_SkyrimCloudShape03_50,4,4,-38338,36134,134307,1210.7
CONT,0006A0DB,MGRConvector,4,4,-19074,-7366,159025,527.7
DOOR,00107EFE,WinterholdLDoor01,4,3,116324,111589,1697,0.3
DOOR,0010E866,WinterholdLDoorMinUse,4,3,116130,111394,2462,0.6
ACTI,00107FC5,Water1024RiverFlowNW,4,3,-45835,19981,78790,63.1
ACTI,00106A21,Water1024CreekFlowSE,4,4,-60460,-56335,65900,3.6
ACTI,0007617A,TrapTriggerBox,4,3,-9651,-75923,129729,128.0
STAT,000FDB3D,DragonMoundBaseHeavySnow,4,4,21062,20916,90132,814.9
ACTI,0008F3F9,DweLever01,4,3,-64410,50266,109737,394.2
DOOR,000B7D9F,NorDoorSmLoad02MinUse,4,4,-45846,4192,128952,1197.2
ACTI,00068DE4,DragonMoundDirtCapPlacedAlt,4,4,71099,-8056,114881,187.7
FURN,0001E342,BucketCarryPourMarker,4,4,-3171,-23589,109592,829.6
FURN,0001E16D,BucketCarryFillMarker,4,4,-2230,-21614,109818,839.7
FURN,000189AD,BedrollHay01F,4,2,63149,47025,47979,2.5
STAT,00068E68,DragonMoundDirtCapSnow,4,4,21062,20916,90132,814.9
ACTI,0009C8DF,defaultSetStageOnEnterTrigger,4,4,-25063,49081,99565,641.8
ACTI,000CAB40,dunArcherPressurePlate,4,2,-25133,-103222,892,0.0
ACTI,00022F54,TrapTripwire01,4,4,-111013,-28882,38426,9.2
DOOR,0004D233,RiftenRWPortholeDoor01MinUse,4,4,101913,-78862,106346,12.1
DOOR,000A85EA,HHDoor01,4,2,53152,-36096,631,0.0
DOOR,000A85EB,HHDoor02,4,2,55476,-36393,2060,0.3
DOOR,0005D7EA,SHouseDoor03,4,3,-69263,103517,19327,1.2
DOOR,00027FE8,OrcDoorLoad01,4,4,-890,-10552,163504,2032.5
ACTI,000176A9,TundraStreamStraight01WaterB,4,4,-39057,-8705,31580,61.5
STAT,00030421,CW2MissileWideAttacker,4,2,16557,-9516,858,0.0
DOOR,000368CE,SHouseDoor01,4,2,-80378,115073,1037,0.1
DOOR,0002E4C3,NorLargeDoor,4,4,-10782,-25120,140649,576.9
DOOR,000CE0AB,MetalCageLongGate01,4,3,153130,-1766,82843,13.0
STAT,000273E6,SkyrimCloudShape01_O,4,4,23837,-32208,154316,1684.7
STAT,000272DB,SkyrimCloudShape04_O,4,4,-71545,88600,104302,397.4
STAT,0010C492,INV_SkyrimCloudShape05_O,4,3,-51153,-5183,53659,49.8
STAT,0010C4C3,INV_SkyrimCloudDistant03_50,4,3,-10458,50520,60857,252.9
STAT,0010C499,INV_SkyrimCloudShape04_50,4,4,91478,4762,53559,208.8
STAT,0002738B,SkyrimCloudShape03_O,4,4,-5264,4135,147465,1753.7
STAT,0002743B,SkyrimCloudDistant04_O,4,4,60737,-30063,95997,338.1
STAT,0010C4B7,INV_SkyrimCloudDistant05_50,4,4,26257,22689,161742,1172.8
STAT,000274B5,SkyrimCloudDistant01_O_50,4,4,136237,-95338,101751,365.6
STAT,000930C6,MountainTrim02TundraRocks01,4,4,-66007,25530,58015,197.8
ACTI,0010D04E,MineOreCorundum04_LTundraRocks,4,4,1810,9027,36246,75.5
STAT,000C6DDA,RockPileM01Tundra01,4,4,-33799,36689,47248,94.7
STAT,000B2DA6,RockCliffMineEntrance02Dirt02,4,4,77135,-33472,73913,375.6
STAT,00063FB2,WRScafRailStr01,4,2,25224,-73,14447,0.4
STAT,00089F43,WRWallRuinsFree01,4,3,28183,2347,11934,2.2
STAT,00089F2E,WRWallCurve60,4,4,24752,-1004,6810,3.2
INGR,0006ABCB,CanisRoot01,4,4,-89802,17002,67648,133.0
ALCH,00039B8A,ResistFrost25,4,2,93341,37627,69268,0.1
STAT,000715FA,Farmhouse01Snow,4,4,41584,83425,46675,144.6
ACTI,0010D077,MineOreOrichalcum02_LSnowRocks,4,4,826,49412,100948,781.8
ALCH,000722C7,FoodPheasantCooked,4,3,16883,7545,42878,9.4
CONT,00020673,TreasBanditChestEMPTY,4,3,15864,49464,91918,63.9
STAT,0002A340,StockadeScaffoldTop3Sided01Light_SN,4,4,29257,74302,121172,558.6
STAT,0007660C,DwePlatBgWall02Snow,4,4,63743,36121,43546,1.1
STAT,000B1B72,RuinsPot03Static,4,4,-5251,-20845,83625,703.7
STAT,0003F7E8,RuinsBrokenShelf03,4,4,-46360,17455,95523,1011.1
STAT,000B2423,RoadCurveLong45LRamp01Snow,4,4,71940,49894,58287,39.4
STAT,00077E92,Farmhouse06Snow,4,4,-1756,86134,40747,20.3
STAT,00077E91,Farmhouse05Snow,4,4,57772,85840,58987,15.1
INGR,0006BC00,MudcrabChitin,4,2,64315,57519,76594,0.5
MSTT,00038228,SignRiverwoodBlacksmith01,4,4,45707,-22879,103576,1063.5
STAT,0004D7BC,WalkwayCEnd02,4,4,22256,44495,67819,504.8
STAT,0004D7C6,WalkwayC01,4,4,22094,44558,67697,502.7
STAT,0001F237,WalkwayCEnd01,4,4,21932,44621,67575,500.6
STAT,000DAF9F,Farmhouse02WalkwaySnow,4,4,33601,94047,54702,99.6
STAT,00028794,Farmhouse02Snow,4,4,33754,93899,54282,98.3
STAT,00030123,NorRubblePile01,4,4,28989,4653,91732,543.5
STAT,0002BC0F,ImpExtTower01Dark,4,3,25198,-25654,61845,135.8
ALCH,00065C9C,FoodHorseMeat,4,3,80749,1976,70836,39.3
STAT,00099D46,FalmerBFence01,4,2,47833,23218,21123,0.8
STAT,000B2427,RoadCurveLong45RRamp02Snow,4,4,43890,74050,79162,234.2
STAT,00097037,RoadStrToCurveRampR01,4,3,-58266,59083,71533,382.5
STAT,000732E9,ImpExtIceLighthouse01,4,4,41376,3308,98323,195.7
STAT,00071833,ShackRoofSide01Snow,4,3,-32384,55760,118395,982.9
STAT,0006F750,ImpExtIceTowerShellStairs01,4,4,42398,-4889,148899,1640.4
STAT,000C9B5D,ImpExtIceStairs01_NoIce,4,2,100841,32426,40344,4.1
STAT,0002A345,StockadeBridgeExtraLong01Light_SN,4,4,2251,30406,116430,1127.0
MISC,000E2618,BasicPlate02,4,4,19765,34998,122525,1556.3
STAT,000FF8EA,DweFacadePartition2x1Snow,4,4,77243,24765,1113,0.1
STAT,000B7CA1,DwePlatCorOut01Snow,4,1,79324,26792,362,0.0
INGR,0003AD60,VoidSalts,4,4,13759,-9798,112670,1015.8
STAT,000257C8,DwePlatBgCorDblEnd01Snow,4,2,161404,-20570,48345,2.7
STAT,0002BCD5,WoodenBarStool01Static,4,4,50576,-31527,95236,534.3
ACTI,00071854,ShrineofArkay,4,3,38300,-12436,105280,330.0
ARMO,00013955,ArmorSteelShield,4,4,69207,-17890,62895,356.3
ACTI,0010D07D,MineOreOrichalcum04_LSnowRocks,4,4,72235,56444,50189,130.4
MSTT,0003BC48,RuinsPot06,4,4,27427,34045,102351,802.3
STAT,00091A06,WalkwayStairs15Snow,4,4,34455,69474,62030,202.7
MSTT,000E4E23,FXDweSteam01Erratic,4,3,35091,26045,110560,424.2
STAT,00109B3C,RockPileL02WetRiverbedEdge01,4,4,69904,12022,59375,106.5
CONT,0001C4AC,TreasRuinsUrnLarge01,4,4,-31650,39751,104277,39.8
FURN,0003B3C3,Bedroll01LR,4,3,53991,68598,111139,466.7
STAT,0002DE21,FrozenCorpse04,4,3,105863,31446,93777,5.6
STAT,00071826,ShackFrameREnd01Snow,4,4,19936,44223,112698,1039.2
STAT,00071827,ShackFrameREnd02Snow,4,3,56204,-7474,88739,8.3
STAT,0007183A,ShackWall04Snow,4,4,76316,29305,76685,205.6
STAT,00071835,ShackRoofSide03Snow,4,3,76054,29589,76934,206.7
STAT,000C2168,StockadeScaffoldBridge04Light_SN,4,3,117620,42189,53483,1.7
STAT,00071834,ShackRoofSide02Snow,4,3,64525,-13550,86622,199.1
STAT,00028A86,NorTmpExtDebris04Snow,4,4,-4926,17846,100071,826.6
STAT,0002FB22,ShipLongBoatWreck02,4,3,45965,123395,65466,12.7
CONT,000FCB25,TreasExplorerLootChestSnow,4,4,102225,34288,97782,771.7
ACTI,0010DABB,MineOreIron01_LCoastBeach,4,4,122131,94439,38967,87.4
STAT,000C2080,MountainTrim01WetCoastalBeatch01,4,4,18202,113335,72144,10.7
STAT,000B2430,RoadStrToCurveRampL01Snow,4,4,53968,20685,128189,1466.0
STAT,000B242F,RoadStraightLongRamp02Snow,4,4,99171,-2607,75888,220.0
STAT,0005AD46,MineScaffoldFreeRope05,4,4,45183,-16998,118870,834.7
STAT,000C1DB5,ImpExtIceWall03_NoIce,4,2,119761,20199,1924,0.2
STAT,000C9B58,ImpExtIceBlocks02_NoIce,4,3,66895,-29172,71429,12.7
STAT,000310A7,RockCliff08SnowRocks01_LightSN,4,4,71772,-49290,97254,664.0
STAT,0001B069,RuinsSconceRopeBroken,4,3,-64199,38523,110323,780.7
STAT,00040B37,ImpExtTowerShellTop01,4,4,92245,-38202,80908,541.7
STAT,0006AF1B,RockCairnEvil01Snow,4,4,86851,-25222,95944,387.3
STAT,00019856,DirtCliffsCornerOut01Snow01,4,4,17464,-516,112850,1046.3
BOOK,0001ACD2,Book2CommonTheFirmament,4,4,100007,19068,78145,412.1
STAT,000752B5,StockadeWoodplanks02Snow,4,2,149686,41993,23456,0.1
ACTI,0010D071,MineOreMoonstone04_LSnowRocks,4,4,45393,-19351,85565,623.1
STAT,000DF96A,WHprisonwallcap01,4,4,130161,41525,3894,0.7
STAT,00073E6B,NorExtRubblePile01_LightSN,4,4,55701,94963,98070,465.1
STAT,00091A0C,WalkwayStairs3Snow,4,3,-609,56170,64968,7.0
WEAP,0006B95D,DummyWeapon2H,4,4,66886,-18709,142898,1806.2
STAT,000F2458,CrateSmall04WeatheredLight_SN,4,3,15569,38497,102029,761.8
STAT,00074D1E,DweCivWarWallEndpost01SnowLight,4,1,99131,76248,356,0.0
STAT,00026FCB,NorTempleExteriorRibFree02Snow,4,4,14179,47035,133876,1716.4
SOUN,0010D263,OBJMagicFirePillarFarLPM,4,3,113192,108935,2945,0.3
SOUN,0010D262,OBJMagicFirePillarCloseLPM,4,3,113196,108932,2946,0.3
SOUN,0010D264,OBJMagicFirePillarPoolLPM,4,3,113199,108931,2946,0.3
STAT,0002F1B7,NorTowerRuinsIntTopFloorStairs01Snow,4,4,-1647,-20872,106539,192.8
MSTT,000C2CCC,HelgenStoneBlock04,4,1,16824,-81342,351,0.0
MSTT,000C2CCB,HelgenStoneBlock03,4,1,16847,-81385,369,0.0
MSTT,000C2CD0,HelgenStoneBlock02,4,1,16884,-81422,380,0.0
MSTT,000C2CCF,HelgenStoneBlock01,4,1,16818,-81352,352,0.0
STAT,000C4B98,BurntRubbleNoDirt02,4,2,61128,-91768,76825,1.4
STAT,000C1D4A,ImpExtIceStairs02_NoIce,4,3,15812,-80052,1996,0.2
STAT,000C2CD2,ImpExtIceTowerShellStairsHelgen02,4,2,-103066,54844,104810,0.0
STAT,000D839B,BanditPole01,4,4,18512,-22853,104276,944.4
STAT,000197C2,DirtCliffs03Snow01,4,4,99841,-46015,79569,239.4
STAT,000775B7,RockPileS04PineForest01,4,4,-34916,-24718,88280,302.2
ARMO,0002015C,CWDummyHelmetSons,4,4,-37525,6082,79673,313.4
WEAP,0002015F,CWDummySwordSons,4,4,-37851,6256,79928,315.0
STAT,0001EF65,RockPileM01DirtSnowPath,4,4,1341,-31201,103725,379.7
STAT,0005DA73,MountainTrim02FieldGrass02,4,4,37944,-39874,57490,137.2
STAT,000614A3,RockCliff02FieldGrass02,4,3,-54821,17270,83259,317.6
STAT,0001CC0C,FXSawdustOnThefloor01,4,2,-8947,13169,63949,0.3
STAT,0004D7AA,Farmhouse02Walkway,4,4,-43164,-46080,76451,339.6
STAT,00000846,Farmhouse02,4,4,-42915,-46517,76597,340.8
STAT,0005CCE6,ShackWallWindow01,4,4,-3767,-36378,86454,483.0
STAT,0009E1BD,RockCliff07FieldGrass02,4,4,39850,-2172,113611,739.5
STAT,00089F2C,WRWallCurve45,4,3,25960,-8748,3973,0.9
STAT,00093D37,Rug08Rolled,4,4,2349,51552,99883,818.7
CONT,0008836C,HonningbrewMeadBarrel01,4,1,32146,-17717,373,0.0
STAT,000B787C,Rug01Rolled,4,3,-46590,59988,66160,362.5
STAT,00077D5E,RockPileS03PineForest01,4,2,15044,-26341,94963,6.9
STAT,00104B9B,BedrollHay01STATICPineForest01,4,1,38215,-73940,142,0.0
LIGH,001037E4,MQ206LightRedRim,4,2,56100,-47525,1241,0.0
STAT,001018E2,CookingStone01,4,4,-11063,9298,124634,1116.4
STAT,00071814,ShackWallR02,4,4,25672,-24989,112385,1348.9
INGR,00023D77,BirdEgg03,4,2,89143,-80848,11763,0.0
STAT,00040B32,ImpExtTowerShellWall03,4,4,88370,-65036,79290,507.6
INGR,0003AD70,SlaughterfishScales,4,2,93420,-79086,23391,0.0
STAT,000B1B7D,RuinsLargeUrnDestroyedTopStatic,4,3,-22324,-9557,96210,686.5
STAT,000D8396,BanditPole03,4,4,70751,-10299,95882,714.0
STAT,000183C0,StockadeScaffoldTopRope01,4,4,47065,-32418,88390,376.0
STAT,000183CC,StockadeScaffoldTopPost01,4,4,47062,-32413,88391,376.1
INGR,0003AD73,glowDust,4,4,60362,-66266,79411,470.9
CONT,0008836B,MeadBarrel02,4,2,-29152,-41449,125817,0.6
MISC,0003AD90,DeerHide,4,4,-13421,-59052,134968,335.3
STAT,00062954,RockCliff05PineForest01,4,4,38673,-53274,72937,198.8
STAT,000C6917,RockPileL01FallForestDirt01,4,4,120250,-93431,39965,32.6
STAT,000C62BF,RockPileS04FallForestGrass01,4,3,110206,-87309,47475,13.1
STAT,00079F9B,HHSteps13CurveL,4,1,72349,-56833,164,0.0
STAT,00079F93,HhSteps06Narrow,4,1,68252,-54835,976,0.0
ACTI,0010DAC0,MineOreIron03_LFallForestGrass,4,4,134011,-89787,46407,9.8
STAT,000B9528,DirtCliffsAnimalDen02FallForestGrass01,4,4,114142,-86246,30219,7.2
STAT,0005D09B,RockPileL04FieldGrass02,4,4,-22119,-9684,91820,700.4
STAT,000BB8C7,RockS03Wet,4,3,57508,-16494,65644,21.2
STAT,00039627,RockPileM01Wet,4,4,-8908,8637,58194,23.5
ALCH,00064B33,FoodCheeseWheel01A,4,4,35890,21686,135141,223.3
STAT,000ECC29,RockPileM01WetRiverbedEdge01,4,3,77183,-16403,58325,38.5
STAT,0007EA40,RuinsCandleSconceOn1,4,3,1480,-3629,105536,695.9
WEAP,0001398E,OrcishDagger,4,3,94103,9412,75628,258.0
STAT,0005519F,DweFacadeBridge01,4,2,144729,-60753,52813,3.0
STAT,0005511A,DweFacadeHallSm4way01,4,4,70458,-80023,144367,21.9
STAT,000B27B3,RoadStraightLongRamp01FallForestDirt01,4,4,140047,-94169,29924,19.4
MISC,0005ACDB,OreCorundum,4,1,123382,-34947,24,0.0
STAT,0004D7AC,Farmhouse03Walkway,4,4,-5390,-50630,85949,516.3
BOOK,0007EBC9,Book1CheapTheCodeofMalacath,4,3,-55841,-49605,112859,416.9
STAT,000AF1A2,OrcAwningFull01,4,4,-10170,-30487,155967,1187.4
INGR,0007E8C8,BirdEgg01,4,4,25026,-1573,136067,893.7
STAT,000864AF,TreePineForestLog01BlankSulfur,4,4,134997,-16234,10590,7.1
MSTT,0003BC44,RuinsPot04,4,4,6370,-32513,134592,1270.8
STAT,000897D3,BoneMammothSkull1Sulfur,4,4,133405,-18104,10936,8.7
STAT,000F23E8,ChoppingBlock01_LightSN,4,1,149271,25487,802,0.0
MISC,0003AD54,BearSnowPelt,4,4,24328,-35608,146715,1828.3
STAT,0001F248,CandleHornWall01,4,3,-3233,-41864,97876,46.9
STAT,00090983,WHdockdoortrim,4,1,140590,35600,1377,0.0
STAT,000FFEF6,WHheadbust1,4,2,133456,34585,1972,0.0
MISC,0003AD68,HorkerTusk,4,1,147210,82098,48,0.0
MISC,000DABA7,Flute,4,4,-1097,39312,97141,797.5
STAT,000B955F,RockPileL04RiverMud01,4,4,97027,-46434,112381,41.0
MSTT,00056627,HotIron,4,4,51294,-57363,110705,613.6
STAT,000CF723,MountainTrim01WetRiverMud01,4,4,106171,-46425,114017,67.4
STAT,0005D6E4,ImpWallSconceCandle01,4,3,33721,43659,131452,166.4
MISC,0003AD8E,GoatHide,4,3,-21482,381,113863,284.7
STAT,000897D2,BoneMammothRibsBrokenSulfur,4,3,140133,-20390,4103,0.8
ACTI,000D9883,ShrineofAkatosh,4,4,-2295,-9073,102524,939.3
STAT,000E9E99,ImpExtIceRubble02_NoIceSulfur,4,2,138487,-27265,949,0.0
STAT,0005CD74,ShackRoofMid03,4,3,10288,46487,114758,255.4
ACTI,000D987B,ShrineOfZenithar,4,4,-16358,-16588,125271,82.8
STAT,000E60FD,RTBannerAnchor01,4,2,174197,-85675,1489,0.1
STAT,00093D2A,Rug02Rolled,4,3,-15759,41773,135525,621.3
STAT,000ADE85,RTDockBldStrDbl01,4,1,170888,-95752,628,0.0
STAT,000251B0,NorDwelling03ExtBaseB,4,4,31291,3180,100786,822.5
BOOK,0001B008,SkillMarksman4,4,4,14221,-12230,128144,1415.8
TREE,000EF59D,TreePineForestSnowL04Dead,4,4,13693,-68383,101870,250.2
STAT,0008D5FB,DweClutterIncenseBrnr01,4,2,26600,-16715,140679,3.1
STAT,000BED98,DockStrSol02,4,4,7719,36220,124543,1228.2
STAT,0004C568,DweHallBgEndCapExBg01,4,3,-167261,44588,2454,0.1
STAT,00058602,DweRmSmCounter01,4,1,-169655,44260,1446,0.1
STAT,000581B9,DweRmSmCorIn01,4,1,-171136,44160,724,0.1
MSTT,000951D8,Campfire01LandBurningReachDirt01,4,4,-147823,23104,29450,93.7
STAT,00055B0B,TundraPond01ReachMoss01,4,4,-150619,18748,31894,28.8
STAT,000930BF,RockTundraLand01ReachMoss01,4,4,-121649,5868,53853,122.2
STAT,0003445B,NorRubblePiece04,4,4,-93516,-14135,54975,28.8
STAT,0002521C,NorDwelling04ExtBaseC,4,3,-115591,47921,39703,131.5
ACTI,0010DCC7,MineOreIron03_LReachGrass,4,4,-114870,-15112,34578,63.3
ACTI,000D96C3,critterSpawnInsects_ManyNocturnalOnly,4,4,-80058,53272,53619,187.1
STAT,0007E5FA,RockCliff05ReachMoss01,4,4,-137641,15288,34814,74.8
MISC,00063B45,GemGarnet,4,3,-65257,-18054,70037,405.0
STAT,000880B5,RoadStraight02Down01ReachDirt01,4,4,-152170,2801,4242,1.6
MISC,0005ACDF,OreSilver,4,2,-133207,41184,1718,0.0
ACTI,000524DB,MS09NonCombatTrigger1,4,1,-145062,116287,476,0.0
STAT,00037E89,RuinsShelfLargeFull,4,4,-101851,5401,63887,313.1
ACTI,00042B9D,defaultPlayerEnableDisableLinkedRef,4,4,-107194,10334,66045,182.7
MSTT,000368BC,RuinsFloorCandleStandSmall,4,4,-39469,-24028,70066,421.3
STAT,0002520C,NorDwelling03ExtCourtStairs01,4,4,-45706,6761,73881,518.9
FURN,0006CF36,CounterLeanMarker,4,3,-99702,55413,60732,86.4
STAT,0007D87C,RockPileL02ReachMoss01,4,4,-123899,23550,42023,115.0
STAT,000B1B70,RuinsPot01Static,4,4,-62835,6807,62275,313.9
STAT,000183F5,RuinsSconce,4,3,-86435,75163,48000,158.1
STAT,00052570,NorBookPedestal,4,4,-74757,34569,65313,406.3
STAT,0005F2B4,TundraStreamEnd01PineForest02,4,4,-52627,-25825,80502,222.5
STAT,0001B061,RuinsLargeCeilingSconce,4,3,-99547,46583,62545,283.4
STAT,00037E8F,RuinsShelfSmallHalf,4,2,-114328,30118,65033,0.5
STAT,000C3953,RockAnimalDenTundraRocks01,4,4,-46108,4976,31210,58.2
STAT,000455D0,MineScaffoldRope04,4,4,-71058,-22776,40178,60.2
STAT,000E8E79,CrateSmall01EECo,4,2,-65083,96457,1324,0.0
STAT,000BEC5E,DockRopeStr02,4,2,-66087,96334,1163,0.1
STAT,000B11CA,SFarmShedWall01,4,1,-74127,97093,196,0.0
SOUN,0010C2E9,AMBShipCreakDeck2DLP,4,3,-64106,94787,2885,0.3
STAT,000B0191,DirtCliffsIsland01FrozenMarshLichen01,4,4,-52207,77300,19658,4.7
STAT,0007F92C,SPatioWallSteps01Snow,4,2,-79594,115729,1656,0.1
STAT,00106FCE,CivilWarRubble01SolDirt,4,3,-70004,102353,4486,0.3
STAT,0003E1FF,ImpFloorPiece01,4,2,-47749,-3822,6091,0.1
STAT,000F6055,WalkwayFull02Snow,4,3,-36463,65065,1144,0.1
STAT,000CD0BC,RockPileS04FrozenMarshGrass01,4,4,-30605,91747,4842,1.6
STAT,000CF73D,RockPileS01FrozenMarshGrass01,4,2,-32358,90044,2679,0.3
STAT,0006B2AF,NobleShelf01,4,1,-48401,107702,256,0.0
STAT,0006F15E,StonewallLong01Snow,4,2,-8438,65234,2464,0.2
STAT,000B7996,DweRubblePileCeiling01,4,3,-85114,8303,66098,27.3
STAT,00052C22,DwePlatWallStair02,4,2,-110983,-20722,272,0.0
FLOR,0009748B,GlowingMushroomSingle,4,1,-100726,-25877,59,0.0
WEAP,000CADE9,ForswornSword,4,2,-84379,-35558,1252,0.0
MSTT,000EEE07,BFXOilBarrelClosed02,4,2,-41385,-85124,1565,0.1
MSTT,0004F4F8,TundraStreamTransition01SnowRocks01,4,2,-14670,-82342,14234,0.4
IDLM,0010F801,DogLayingDownIdleMarker,3,2,-72199,74847,2007,0.0
IDLM,000F6EE0,BlowHornImperial,3,3,-81045,52857,60945,165.5
MSTT,00108D70,MGMagicFirePillarSmall,3,2,112133,108025,1941,0.1
ACTI,0006F8EC,TrapPressurePlateMetal01,3,3,-11826,17781,103811,611.9
CONT,00021363,TreasUpperChest,3,3,21363,-30705,61992,177.0
INGR,0004DA25,Mushroom06,3,3,-21917,-2082,104820,185.1
INGR,0003AD71,Taproot,3,2,-91226,46016,75164,0.1
DOOR,0005AD39,ImpSewerHole01,3,3,36593,27628,71800,388.6
ACTI,0009C8C4,MGRDestructionPedestal,3,3,-27091,18998,97809,721.3
ACTI,00048ABE,defaultSetAVTRIG,3,3,-89794,66204,34313,53.5
FURN,00042D31,FrostSpiderAmbush01,3,1,75287,35977,265,0.0
FURN,000A19DF,BoundCaptiveMarker,3,3,-97583,14564,25801,49.0
FURN,00104B9C,BedrollHay01FDirt02,3,1,-92760,88065,307,0.0
ARMO,0009171B,JewelryNecklaceSilver,3,3,-37275,-21392,72906,408.3
MSTT,000F6304,GiantCampfire01BurningDirt02Blank,3,3,24166,42455,10683,1.5
STAT,00030414,CW3MeleeCloseAttacker,3,2,-11581,23341,68742,0.3
IDLM,000C196C,SkeeverSniffMarker,3,1,-145138,39330,160,0.0
MSTT,000DB682,Campfire01LandBurningDirt01,3,3,68393,39646,15926,18.8
FURN,00063F28,HideRMarker,3,3,9262,-23084,120151,736.9
STAT,0001686D,SFarmhouseWindMillDirt02Whiterun,3,3,27214,-12532,7583,0.5
FURN,00104B9E,ChairInvisibleSingleR,3,3,-4085,29358,69481,369.0
IDLM,000263B2,sabreCatIdleMarker,3,2,-39677,68417,84332,0.8
CONT,000EF052,TreasExplorerLootChest,3,3,36539,2818,129765,1030.9
MSTT,000D2009,GenericBannerRed01,3,2,131821,-95517,97441,1.4
STAT,0010C498,INV_SkyrimCloudShape04_O,3,3,-7646,16844,95641,630.8
STAT,0010C48D,INV_SkyrimCloudShape06_50,3,3,-34660,45605,51885,10.1
STAT,0010C4B1,INV_SkyrimCloudDistant06_50,3,3,-1110,-21852,116470,632.4
STAT,000272E5,SkyrimCloudShape04_50,3,3,86055,-45236,82499,67.1
STAT,0010C4B4,INV_SkyrimCloudDistant05_O_50,3,3,-45634,14587,118011,986.7
STAT,0002747C,SkyrimCloudDistant03_25,3,3,156893,-124000,20213,7.2
FURN,000F9ACC,PickaxeMiningTableMarkerNonPlayer,3,3,-118052,-10406,55284,86.3
STAT,00046ED8,NorDwelling01IntA01,3,3,-27220,9820,70310,263.1
ALCH,000669A4,FoodMammothMeat,3,2,106104,1239,64767,0.2
ALCH,00064B32,FoodCheeseWedge02,3,3,8185,38175,72272,84.5
DOOR,000AE4E0,TrapTriggerHinge,3,3,-12943,36700,94718,36.6
STAT,00025219,NorDwelling03IntA02,3,3,-14897,16307,106879,144.3
ALCH,0003EAFD,FortifyStamina01,3,2,106319,11943,72554,0.1
ARMO,00012E49,ArmorIronCuirass,3,3,5914,-19505,151864,513.2
STAT,00089F90,WRWallCurve30Up128A,3,2,25371,827,814,0.0
ALCH,000C5349,FoodWineAltoA,3,3,20130,-17696,136516,301.2
CONT,000BB9A7,MammothContainer01,3,3,61562,-7829,46653,6.2
STAT,000715F9,ImpExtIceWell01,3,3,41943,20087,81940,171.1
MISC,000C8866,DwarvenPlateMetalSmall,3,3,111336,-50353,93384,202.5
STAT,00093D2E,Rug04Rolled,3,3,-17062,20840,99940,468.0
STAT,0006AF1D,RockCairnEvil04Snow,3,3,54435,-9368,105106,797.2
STAT,00097EA0,RockCliff06SnowMountain1P,3,2,-281,52500,624,0.0
STAT,0006B0D1,RockCairnEvil03Snow,3,3,99027,51413,71343,117.8
STAT,00025844,NorDwelling03ExtCourtASnow,3,3,23013,16566,97000,350.8
ACTI,000D9881,ShrineofDibella,3,3,2621,18300,98592,621.0
STAT,0009DBED,ImpFloorPiece01snow,3,3,53358,73299,21116,4.3
STAT,000344FB,CaveIIcicle03,3,2,21478,42332,45338,0.1
STAT,000F48CE,CrateSmallLong02WeatheredLight_SN,3,3,103897,-5864,98621,633.0
MSTT,000A4C50,MythicDawnBanner03,3,1,30875,107915,323,0.0
STAT,0005C116,RockPileL04GrassSnow01,3,3,-14271,78974,71671,282.5
STAT,0007E824,RockShelf01RiverMud01,3,3,-11755,35398,115485,839.3
STAT,000E8F58,RockPileS02CoastOceanFloor01,3,3,1888,116350,10422,1.8
MSTT,00107050,SignAlchemyShop01,3,3,-11391,27562,89411,335.4
STAT,00077E90,FarmhouseSmith01Snow,3,3,-13868,77619,36149,4.7
ALCH,00064B36,FoodCheeseWheel02B,3,3,64028,30860,56916,51.0
STAT,000BF9CF,Rug11,3,3,-10381,20665,88179,512.8
STAT,000E8FCE,RockPileS01CoastOceanFloor01,3,2,1521,111670,3778,0.2
STAT,00013F86,NorRmSmWallSide01,3,3,77898,62060,51803,0.9
STAT,0009936F,SFarmhouseSilo,3,3,23527,17326,102617,163.1
STAT,00091712,StatueTalos01,3,3,49239,-20792,53582,121.3
STAT,000D8DA5,RoadSignWinterhold01L,3,3,55493,27425,42533,73.6
STAT,000A46AE,NorDragonStatue01sn_light,3,3,-43987,79182,76839,1.6
STAT,000829B8,FrozenPoolL01,3,3,50418,55005,49198,37.5
STAT,0004073E,NorRubblePileCeiling02,3,3,86257,45699,63595,163.3
STAT,0007183C,ShackWallDoor01Snow,3,3,74538,81965,9212,0.1
ALCH,0003EB02,FortifyCarry01,3,2,125735,36908,57408,9.0
FURN,000752BC,BedrollHay01Snow01R,3,2,119970,53563,63502,0.5
STAT,000FE6A5,WerewolfHeadSpike1,3,2,86093,30302,40879,2.3
STAT,000C215E,Lantern01Static_HeavySN,3,3,102784,75023,34727,2.6
STAT,000C2CC9,ImpExtIceTowerShellStairs03,3,3,27234,69044,131526,95.6
MSTT,000D2020,GenericBannerYellow04,3,3,20064,51112,84695,91.0
STAT,000C865F,ImpExtBlocks01SnowHeavy,3,3,36477,30730,87520,64.1
STAT,000C2E6F,RockCliff05CoastOceanFloor01,3,3,34677,130064,52542,11.9
MISC,00063B44,GemSapphire,3,2,51024,123619,2061,0.0
STAT,0002EB0F,FXGlowFillRoundXBrt,3,2,131897,84398,62989,0.1
MSTT,000C2BF1,Campfire01LandBurningCoastalBeach01,3,3,109726,112286,41962,2.5
ACTI,0010D054,MineOreGold02_LSnowRocks,3,3,65945,-5720,135430,1096.8
ARMO,0001BE1B,ClothesFarmBoots01,3,3,103618,31916,76926,261.3
STAT,000ABD2B,FirewoodPileLarge01_SparseSN,3,3,16724,41779,87841,323.4
STAT,000DB65F,MountainTrim03Dirt01,3,3,64938,-3732,79622,2.7
STAT,000597DE,RockPileS03Dirt01,3,2,90314,43064,97304,2.4
STAT,000DAFA0,Farmhouse01WalkwaySnow,3,3,45188,90930,51619,95.4
STAT,000F605B,FarmLonghouse01Snow,3,3,34187,88459,63225,90.1
ACTI,00060960,TrapSpearDwemer01,3,1,79066,25486,41,0.0
STAT,000B7CA0,DwePlatWall01Snow,3,1,79259,26848,241,0.0
STAT,0005511C,DweFacadePartitionBase01,3,2,91587,-19305,65623,4.1
ACTI,0010D07C,MineOreOrichalcum04_LRocks,3,3,97363,-52145,53980,72.9
BOOK,0001AF8D,Book2ReligiousSongofPelinalV4,3,3,76200,-6312,8886,0.6
ACTI,0010D06B,MineOreMoonstone02_LSnowRocks,3,3,102904,-26257,100124,718.1
STAT,0009D849,BoneHumanFootLStaticSnow,3,3,24397,91691,109304,291.7
STAT,0007EA44,RuinsCandleSconceNoCandle,3,2,52665,55669,59123,0.1
STAT,00062A0A,RuinsBrokenTable01snow,3,3,62096,-36767,71432,237.2
MSTT,0002F26F,FXAmbSnowBlowingSkylight,3,3,65470,43346,80070,76.1
STAT,000F3E27,RockPileS04GrassSnow01Heavy_SN,3,1,83858,42796,500,0.0
STAT,000F999B,NorPlatCorOut01Light_SN,3,1,91872,91802,405,0.0
STAT,00065CBC,NorRmBgWallFront01_HeavySN,3,1,93312,91200,209,0.0
STAT,000860C1,Campfire01LandOffSnow,3,3,51643,84919,74339,51.6
STAT,00071823,ShackFrameMEnd01Snow,3,3,-432,33079,121532,1029.2
STAT,00071824,ShackFrameMEnd02Snow,3,2,47928,-35737,83843,0.2
STAT,00071836,ShackRoofSide04Snow,3,3,64175,21042,83797,7.7
STAT,000D5558,RockCliff01Snow01_LightSN,3,3,53524,-11381,73499,233.0
STAT,00058FF9,DweRubbleColumn01,3,3,107991,47347,60281,3.0
MSTT,000D2017,GenericBannerGreen03,3,3,40105,47786,135029,266.6
STAT,00025845,NorDwelling03ExtCourtBSnow,3,3,104170,29180,101601,374.9
STAT,000E36EE,RockPileM02CoastOceanFloor01,3,3,53527,122263,45834,4.6
STAT,0002FB21,ShipLongBoatWreck01,3,3,83021,118033,2029,0.3
ACTI,0010D083,MineOreQuicksilver02_LSnowRocks,3,3,47615,-34065,104662,354.4
MISC,0005ADA0,IngotQuicksilver,3,1,102393,30598,89,0.0
STAT,000C1DB6,ImpExtIceWall04_NoIce,3,2,120337,19183,1684,0.1
STAT,000C1DB4,ImpExtIceWall02_NoIce,3,2,120342,18887,1425,0.0
STAT,000C1DB7,ImpExtIceWall05_NoIce,3,2,119591,21088,1004,0.0
STAT,000C1DBA,ImpExtIceTower02_NoIce,3,3,75947,-24400,62066,45.1
BOOK,0001B004,SkillLightArmor5,3,3,120325,24636,47386,48.0
STAT,000614CC,RockCliff05RiverBottom01,3,3,28754,49199,142232,24.6
STAT,0008AF6B,RoadCurveLong45RRamp01,3,3,85885,-23898,59991,10.7
STAT,00040B35,ImpExtTowerShellWall02,3,3,76723,-39853,88054,447.4
STAT,00040B33,ImpExtTowerShellWall04,3,3,127825,-48842,56670,94.4
ACTI,0010DA95,MineOreIron01_LVolcanicTundraDirt,3,3,127433,-14768,14003,8.5
ACTI,00074C8B,TrapFallingRockLg01_Rock,3,1,109082,64103,114,0.0
ACTI,000887F3,TrapFallingRocksDust,3,3,-23405,21,104064,5.8
STAT,000B7A48,ImpLRoomPillar02snow,3,2,111344,52764,879,0.0
STAT,000752B4,StockadeWoodplanks03Snow,3,2,145205,43148,25573,0.2
BOOK,0001AFC5,SkillAlchemy2,3,3,-5817,36430,119011,964.5
ALCH,000E41B8,FrostbiteVenom,3,3,66711,40840,110301,129.9
STAT,00074E13,DweIchorBarrel01Snow,3,3,136738,-58056,98007,10.4
STAT,000A0842,NorRmSmFloorRaised01Snow,3,1,121341,121412,188,0.0
STAT,00013F84,NorRmSmWallFrontExSm01,3,2,67275,52787,123799,3.4
STAT,00026FA1,NorTempleExterior01Snow,3,3,98246,-11202,124708,1154.4
STAT,00025846,NorDwelling03ExtCourtCap01Snow,3,2,126985,93904,21401,0.0
STAT,00025843,NorDwelling03ExtBaseBSnow,3,3,111544,29711,101921,262.0
STAT,001092A3,WinterholdSymbol01,3,3,116116,111380,2543,0.5
ACTI,0010DACF,MineOreCorundum02_LCoastBeach,3,3,129459,114493,41167,93.2
STAT,0010E9E7,NorExtRubblePiece03,3,2,116614,106459,597,0.0
STAT,000DAEE1,Farmhouse05Destroyed02Snow,3,3,-7665,93292,88341,278.8
STAT,0010CD8F,FirewoodPileHuge1_LightSN,3,3,73373,66169,83695,341.5
STAT,0002EE94,RockCaveEntrance01SnowCustom03,3,3,43430,-12184,129713,13.3
STAT,00103AE5,HelgenGate01STATIC,3,3,22093,-90514,18644,1.9
STAT,000A91CD,TreePineForestCutStump02_LightSN,3,1,836,-108345,916,0.0
STAT,0006F756,ImpExtIceTowerShort01,3,3,-37304,-36516,117892,3.2
STAT,0005E83E,NorTmpExtPlatExSmFree01_LightSN,3,3,-70614,40218,102993,237.0
STAT,0002F1B8,NorTowerRuinsIntTopFloorStairs02Snow,3,3,32855,-68838,34201,30.3
SOUN,0010FEFC,AMBWindloopMountainsHillsSolitudeLighthouse01LP,3,3,-26283,57907,96359,6.6
STAT,0005D513,RockCliff07PineForest01SnowLight,3,3,-21830,-25076,109734,67.5
STAT,000D8397,BanditPole04,3,3,92587,-26964,72640,2.2
ACTI,000D95FF,defaultActorEnableDisableLinkedREF,3,3,21804,-84762,6373,1.6
STAT,0004D7DB,WalkwayCEntWall01,3,3,22050,-57703,15016,4.3
STAT,00090FE8,ImpDoorExtHoleDoorLoad01_Static,3,3,58627,-85106,62086,1.9
STAT,000C585F,Farmhouse05Destroyed01,3,3,75869,-72954,48455,53.6
STAT,000D6C21,ImpExtHelgenWall03,3,2,16961,-80382,660,0.0
STAT,000D839C,BanditPole02,3,3,36277,-6474,109851,790.9
MSTT,000D2046,CivilWarBannerImpBurnt03,3,2,16034,-79875,2199,0.2
STAT,000CC811,ImpExtIceWindow01_NoIce,3,1,15023,-78569,330,0.0
STAT,000C2CB7,BurntRubble01,3,1,15253,-83639,1061,0.0
STAT,000CE783,CommonTableThin01,3,3,-76150,22232,104293,418.5
ACTI,00048AB9,defaultSetLinkRefAVTRIG,3,3,21016,-89723,1425,0.0
STAT,0010D4A1,RockPileL04SnowRocks01_LightSN,3,3,9389,-39296,2928,0.1
STAT,000C0431,WalkwayCWallEnd03,3,3,-11890,-73086,33398,2.0
STAT,0002F1B6,NorTowerRuinsRamp01Snow,3,3,88303,-81923,79683,151.2
STAT,00028AA8,NorTmpExtPlatTower02Snow,3,3,-18125,-1633,88317,89.7
MISC,000F2015,WineBottle02BEmpty,3,3,-20105,-48722,104068,49.9
STAT,0005B1CB,CivilWarRubble03,3,3,17314,-6425,3178,0.1
STAT,000C2FA9,RockPileS04FieldGrass01,3,3,-35876,29651,46777,57.4
STAT,00063FD4,WRScafGuardTowerSpikes01,3,3,16448,-6400,3432,0.4
SOUN,000E9E02,AMBWaterDrain01LP,3,2,68935,-36754,84810,4.1
STAT,00097065,DirtCliffs01Tundra01,3,3,-49176,8607,49169,56.1
ACTI,0010B161,FarmhouseWindMillWR,3,3,27214,-12532,7583,0.5
STAT,0001C035,ComplexSceneMARKER,3,3,7456,-30301,145532,336.8
STAT,00093D2C,Rug03Rolled,3,3,-2454,7355,123163,239.7
STAT,0006EAB7,WRFence64ShiftL01,3,2,18128,-14764,4345,0.0
MSTT,00101BD5,SignTG03BlackBriarMeadery,3,1,31319,-17257,692,0.0
MSTT,000BFB0A,SignWRHonningbrewMeadery01,3,1,31319,-17257,692,0.0
MSTT,001033F2,FXWaterfallThin256x128,3,3,-11448,-23149,94651,35.4
FURN,000BAD0D,CraftingEnchantingWorkbench,3,3,19325,1478,134506,946.0
ACTI,0010D04F,MineOreGold01_LRocks,3,3,14518,10503,119983,563.6
STAT,000CD741,BurialCairnStatic01Snow,3,3,101355,-49166,80404,5.1
STAT,0005AD43,MineScaffoldFreeRope02,3,3,-17899,29552,95141,207.3
STAT,0007E899,HHSteps13CurveL_HeavySN,3,3,51117,-48655,13111,3.6
BOOK,0001B274,Book1CheapTheYellowBookofRiddles,3,3,112695,-7221,68199,67.4
STAT,0002C2AD,CaveIIcicle02,3,1,43964,-17676,78,0.0
MISC,00063B47,GemDiamond,3,3,-15868,-4566,119227,658.4
STAT,00071813,ShackWallL02,3,3,58157,-11293,108878,644.7
STAT,0005F986,NorWordWall01_LightSN,3,3,-5120,16084,112033,253.7
INGR,0003AD76,vampireDust,3,2,100726,-104243,23974,0.0
BOOK,0001AFE5,SkillTwoHanded3,3,3,-20117,5851,121360,765.0
STAT,0003F7EC,RuinsBrokenBench01,3,3,10762,-8891,127591,543.2
STAT,00025848,NorDwelling03ExtCourtStairs01Snow,3,3,62542,8954,108172,899.7
STAT,00093077,StonewallTerraceCorner01FallForest,3,3,77360,-65878,1227,0.1
STAT,0009307A,StonewallTerraceLong02FallForest,3,3,77753,-65549,1227,0.1
STAT,000EA901,Campfire01LandOffDirt01,3,3,60849,-74915,48501,2.9
INGR,0003AD64,GiantToes,3,3,33566,-58881,123556,128.6
FLOR,000E644B,FloraMushroom01FallForestDirt01,3,1,79896,-76304,411,0.0
STAT,000183CF,StockadeScaffoldTop0Sided02,3,3,17206,-38230,111185,55.7
STAT,000183D8,StockadeScaffoldTopRope02,3,2,-23133,-55948,81769,3.6
STAT,000183DD,StockadeScaffoldTopPost02,3,2,-23133,-55948,81769,3.6
MISC,000DB5D2,Leather01,3,1,83740,-97589,11,0.0
STAT,000E2C13,MountainTrim03Dirt02,3,3,89107,-41548,9500,4.1
STAT,0002F321,RockCliff08RiverBedEdge01,3,3,114756,-43899,17218,16.1
STAT,0008D069,RockShelf01PineForest02,3,3,128140,-11842,37020,28.5
STAT,0005D6E7,ImpWallSconceNoCandle01,3,2,119296,-62373,55839,3.8
WEAP,0001F25A,weapBasicKnife01,3,3,57365,-13631,127039,254.3
STAT,00049C1C,HHStepA_LightSN,3,3,69590,-53157,1802,0.1
STAT,00049206,HHSteps07Narrow_LightSN,3,2,69096,-53417,1188,0.0
STAT,00097715,RockPileL03Dirt01,3,2,-29882,-53153,68685,12.7
STAT,00049C53,HHStepD_LightSN,3,1,67752,-57644,257,0.0
ACTI,0010DAA4,MineOreIron01_LFallForestGrass,3,3,146263,-77320,40151,5.6
STAT,000368BE,RuinsFloorCandleLampMidOn02,3,3,-76558,4023,130878,951.8
MSTT,000F3E43,FarmLumbermill01WaterWheel02,3,3,2865,-25063,85305,484.7
FURN,000B9E00,CommonChair02L,3,3,35795,35449,107454,308.1
ALCH,00064B34,FoodCheeseWheel02A,3,2,-13587,63268,89077,0.1
MSTT,0010ACC0,GiantCampfire01BurningNoLand,3,2,133533,14527,45493,0.7
STAT,000E6473,ImpExtIceTower03_NoIce,3,1,95566,-13984,1142,0.1
MSTT,0002FB66,ShackBrokeWood08,3,2,20465,-50862,56451,0.1
STAT,00055C12,DweFacadeBridgeCurve03,3,3,25508,-52432,158399,5.4
STAT,000F7299,CrateSmallLong01WeatheredLight_SN,3,3,89969,-64616,103641,646.0
STAT,00101A4C,BedrollHay01STATICFallForestDirt,3,2,115428,-65583,142,0.0
ACTI,0010DADA,MineOreCorundum04_LFallForestDirt,3,3,133242,-90905,12547,11.6
ACTI,0004FA25,defaultSceneStartTrigger,3,3,109638,-66848,11965,1.7
STAT,000B0146,RoadCurveLong45RRamp02FallForestDirt01,3,3,138043,-96199,28029,3.2
MISC,0005AD93,IngotCorundum,3,1,122920,-34692,7,0.0
ACTI,0010D027,MineOreIron04_LDirt02,3,3,141979,14870,49107,24.5
ACTI,0010D058,MineOreGold04_LRocks,3,3,17198,-42431,74017,359.7
STAT,0003EAD1,NorPlatBgWall02,3,1,98416,-1919,352,0.0
ACTI,0010DA9E,MineOreIron02_LVolcanicTundraDirt,3,3,125516,-10735,17334,2.2
CONT,00080091,TreasDraugrAmbushCorpse04,3,3,74166,25658,87164,5.0
STAT,0003E22D,ImpWoodbeam07,3,3,42253,19067,129069,77.1
STAT,0002136B,UpperTableRound01,3,3,-26647,40292,111441,651.8
STAT,000C56C4,ImpCandle01,3,2,32838,11483,108532,0.4
STAT,0008976B,RockCliff05VolcanicDirt01,3,3,135345,-15639,25347,38.8
ARMO,0002015E,CWDummyShieldSons,3,3,9949,13015,77707,239.7
STAT,0002136D,UpperNightstand01,3,3,64383,39782,97875,417.9
MISC,000F08F1,GlazedJugLarge01Nordic,3,1,162732,25798,193,0.0
LIGH,00088252,DefaultTorch01NSDesat,3,1,163190,26640,990,0.0
STAT,0009A73F,NorExtRubblePile08Snow,3,3,40629,22916,117911,1070.9
STAT,0006D613,SawHorseCuttingWood,3,3,98599,-4807,84374,310.4
STAT,0006D611,SawHorse01,3,3,98597,-4806,84377,310.4
STAT,000B2424,RoadCurveLong45LRamp02Snow,3,3,71196,54126,128407,234.7
STAT,000B0F71,RockTundraLand01_LightSN,3,3,53009,41188,154280,50.2
MISC,0005ADA1,IngotMalachite,3,1,137659,13965,8,0.0
STAT,000B0F70,OrcAwningHalf01_LightSN,3,2,157923,8481,3685,0.5
STAT,0002A33A,StockadeScaffoldBase3Sided01Light_SN,3,2,57917,42868,152597,5.7
ARMO,000209A6,ClothesFarmClothes02,3,3,94593,44843,85114,85.1
STAT,0002A34A,StockadeScaffoldBase0Sided02Light_SN,3,1,159189,4475,210,0.0
STAT,000A9DB5,RuinsAltarBroken_LightSnow,3,3,29161,55481,84112,174.6
MSTT,0002BEB8,CivilWarBannerStorm02,3,3,79769,-14140,121576,895.6
TREE,0006B1B8,TreeReachTree01Snow,3,2,142830,39810,1244,0.0
STAT,0008718C,Whouterwall1,3,3,133681,40274,4090,0.9
BOOK,0001AFDF,SkillBlock3,3,3,79006,-25003,163338,1420.3
ALCH,000722BB,FoodMammothMeatCooked,3,2,158708,22378,22822,0.0
ALCH,0007224C,FoodGoatMeatCooked,3,3,-13739,10484,115081,269.0
MISC,000E2617,BasicPlate01,3,3,159697,-21325,85359,137.4
MISC,0004C3C6,Inkwell01,3,3,91425,35844,113490,672.6
STAT,00034941,NorTmpExtPlatShaftBot01Snow,3,3,36618,65806,73042,147.1
STAT,000C3818,GlacierPillarLg01_NoSN,3,2,177428,69617,9866,0.2
STAT,0001E683,NorTowerRuinsIntTopFloor03,3,3,15272,-7583,128538,928.4
DOOR,00040BB2,ImpJailDoor01,3,2,163447,13086,75931,1.0
STAT,0006F26D,StockadeFreeWall01,3,2,151131,-98715,663,0.0
STAT,000173FF,TreePineForestCutLog01A,3,2,-32981,24795,152666,6.4
STAT,0007727F,OrcLonghouse01,3,3,-53929,-17598,155987,867.8
BOOK,0001AFEC,SkillDestruction1,3,3,67880,-63951,163633,177.3
STAT,00090728,TorchPermanentOff,3,2,80069,-62591,121038,0.1
STAT,0003E1FA,ImpFreeStairs01,3,1,144216,-117792,702,0.0
STAT,000C691B,RockCliff07FallForestDirt01,3,3,143304,-79061,31404,37.3
ACTI,0010DABC,MineOreIron02_LFallForestGrass,3,3,165017,-87482,19425,4.8
STAT,00039DFF,NorDragonStatueBend02,3,2,47489,-55913,71460,0.3
BOOK,0001B005,SkillMarksman1,3,3,28437,-48372,113253,833.4
STAT,000AFB28,RockPileS01RiverMud01,3,3,151871,-95587,12377,2.8
STAT,00087286,RockPileM02RiverMud01,3,3,-36401,-4955,139011,475.4
STAT,000B0EA9,RTFarmhouse01,3,3,156703,-98788,18898,19.9
ACTI,000A5002,defaultSetMultiAVTrigger,3,2,51988,-15996,124222,4.4
STAT,00038642,CommonBench01STATIC,3,3,165718,-67771,34075,2.6
ACTI,00042EC6,NorRetractableBridge01,3,2,-32817,7193,123943,5.6
MSTT,0003107F,FXSlowDrip02_Blood,3,1,151139,-7740,128,0.0
ACTI,0010DA9F,MineOreIron03_LVolcanicTundraDirt,3,3,139806,-10949,6840,3.5
BOOK,0001ACC8,Book2CommonBookofDaedra,3,3,94639,-69400,103666,662.4
STAT,00093D31,Rug05Rolled,3,3,471,59618,117237,484.5
STAT,000EB094,CommonCoffinOpen01,3,2,132333,-12468,470,0.0
STAT,00059338,RockPileS03FieldGrass02,3,3,91582,-28144,104006,5.6
STAT,000E9E9E,ImpExtIceRubble03_NoIceSulur,3,1,138229,-26830,662,0.0
STAT,000897C8,RockM01Sulfur,3,2,136479,-26753,2268,0.1
STAT,000E9E9C,ImpExtIceBlocks03_NoIceSulfur,3,1,138146,-26647,923,0.0
SOUN,000E9DF0,AMBWaterfallSplatterSmall,3,3,9752,-20494,165853,1594.8
STAT,00026FDF,NorTempleExterior01BaseSnow,3,3,52095,-38236,111796,423.4
STAT,00022F23,NorTempleExteriorRibFree01,3,3,-40010,-22926,168582,235.1
STAT,000CE0AE,MetalCageLongSingle01,3,2,170885,-45345,17127,0.3
STAT,0003E212,ImpFloorChunk01,3,3,105877,-56529,112338,1.9
CONT,0010E7E5,RiftenConfiscatedGoodsChest,3,2,174197,-85342,1550,0.1
LIGH,000B215E,RiftenLight01,3,2,169238,-95607,2008,0.1
STAT,000F03D7,RTChimney01,3,1,170042,-96072,986,0.0
STAT,000EA65B,FishingPoleCollection,3,1,166910,-95184,280,0.0
STAT,0007142B,RoadStraightLong01FallForestDirt01,3,1,166299,-55204,1425,0.0
STAT,0005FBC9,DwePipeCap02,3,2,-43683,20752,151672,5.8
STAT,00026FDE,NorTempleExterior01Base,3,3,-117812,48680,62169,251.6
MISC,000F5D08,Pitchfork002,3,2,-166530,5607,3131,0.2
LIGH,0003559C,DefaultTorch01NS_NoMove,3,2,-170947,5563,1324,0.1
STAT,0005ADDD,DweWallSconce02,3,2,-168142,44618,1088,0.1
STAT,0005B09A,DwePlatBgStairMid02,3,2,-165589,45120,2132,0.1
STAT,0009202B,RoadStraightLong02ReachDirt01,3,3,-148814,40962,32785,56.4
MISC,0006851E,GemAmethystFlawless,3,3,-62954,22929,63446,200.2
STAT,00053989,RockCliffMineEntranceReachGrass01A,3,3,-136486,23790,15168,17.3
SOUN,0002D3C4,AMBWaterfallDistant70002DLP,3,2,-151520,11156,3399,0.0
STAT,0006600B,SkyHavenTmpExtPlatFloorRaised01,3,2,-128862,7532,1769,0.1
FURN,000E2405,BedrollHay01LReachDirt01FL,3,3,-143494,5631,27625,16.6
STAT,0006DA93,SkyHavenTorchPillar01,3,3,-129463,7390,2259,0.1
STAT,0005032D,SkyHavenRubblePileSmall01,3,3,-132458,8343,6258,0.7
STAT,00050339,SkyHavenRubblePile01,3,3,-133307,7844,6393,0.4
STAT,0003E983,Campfire01LandOffReachDirt,3,3,-128563,20771,34715,74.7
STAT,00057AE4,RockPileL01ReachGrass01,3,3,-150501,23082,44120,99.7
SLGM,0002E4E3,SoulGemPettyFilled,3,3,-89207,39035,60773,54.4
ACTI,0010DCB9,MineOreSilver01_LReachGrass,3,3,-147974,-1428,34217,78.0
STAT,000B2426,RoadCurveLong45RRamp01Snow,3,3,-124078,109150,43459,0.6
STAT,000455A7,MineWoodbeam02,3,2,-81833,28761,63810,1.1
STAT,00013F80,NorRmSmCorOutR01,3,2,-102107,25245,87971,2.8
ACTI,00079923,TrapFallingRockLg01,3,2,-68099,-59463,82869,5.2
STAT,000B1B73,RuinsPot04Static,3,3,-88398,-3691,60034,71.6
STAT,0007D7BB,RockPileL03ReachMoss01,3,3,-128852,31850,40150,7.6
STAT,000A94DA,RockCliff02Tundra01,3,3,-90807,17974,40924,64.0
CONT,00020658,TreasForswornChestBoss,3,2,-103895,3439,19073,0.0
STAT,0003445C,NorRubblePiece05,3,3,-90672,10849,30823,22.5
MSTT,000AAEDA,FXMistLow01Long_Inverted,3,2,-129445,8699,1290,0.1
STAT,00066007,SkyHavenTmpExtPlatCorDblEnd01,3,1,-128492,9085,989,0.0
STAT,00101A45,BedrollHay01STATICReachDirt,3,1,-119449,49892,125,0.0
FLOR,000ECA5D,FloraMushroom05ReachDirt01,3,1,-112910,87467,103,0.0
STAT,000009C6,StonewallTerrace01,3,1,-101310,83460,852,0.0
FLOR,000ECA58,FloraMushroom02SmallReachDirt01,3,1,-106425,77495,101,0.0
STAT,000D8DA2,RoadSignRorikstead01R,3,3,-67872,13332,69493,9.7
MISC,00067183,SoulGemPiece003,3,2,-78856,1524,31951,0.0
ARMO,0003B97C,JewelryRingSilver,3,3,-86586,22376,34435,0.3
STAT,00099D3D,SkeeverNestBale04,3,1,-91247,17904,827,0.0
STAT,000C3915,RockPileL02Tundra01,3,3,-61302,25597,22905,4.7
STAT,000455D4,MineScaffoldRope02,3,3,-61307,38015,64551,81.1
SOUN,0010C303,AMBShipCreakBellsLP,3,3,-63402,94880,2918,0.2
SOUN,0010C2E8,AMBShipCreakBellsDistantLP,3,3,-63401,94901,2925,0.2
STAT,000D0CCC,SSighPost02,3,2,-76440,94999,2906,0.0
IDLM,000B81FA,WipeBrowIdleMarker,3,1,-75383,96926,795,0.0
STAT,000B11AD,SFarmhouseSteps01,3,2,-76296,95058,2922,0.0
STAT,0007F933,Splanter01Snow,3,1,-81081,116086,618,0.0
STAT,0007F92F,SPatioWall30Snow,3,2,-81328,116924,1145,0.1
STAT,0007F92B,SPatioWallStairs02Snow,3,2,-81682,114784,1580,0.0
MSTT,000D61B6,BFXFireVol01,3,1,-67565,103470,1465,0.1
STAT,000AEE0B,DockStrEnt02,3,2,-65463,96916,1507,0.0
STAT,0003107B,RockCaveEntrance02SnowRocks01_LightSN,3,3,-44813,41116,80642,39.0
MISC,00033760,Charcoal,3,1,-41367,63731,14,0.0
STAT,000CF73B,RockPileS03FrozenMarshGrass01,3,3,-32743,92279,2543,0.1
STAT,00025DB3,MountainCliffSlopeFrozenMarshIce01,3,2,-47748,89748,1580,0.1
STAT,000B018F,DirtCliffs05FrozenMarshGrass01,3,3,-35442,83187,19498,27.9
STAT,000CBB2A,RockPileL04FrozenMashDirtSlope01,3,3,-36849,79855,11923,1.3
WEAP,0002015D,CWDummyMaceSons,3,2,-41572,44526,42212,0.3
STAT,0003E21C,ImpPillarBroken02,3,2,-54469,18439,37649,1.5
STAT,0006F729,ImpExtTowerShort01,3,2,-57040,15839,74263,5.1
STAT,00093D33,Rug06Rolled,3,2,-35298,121616,23284,0.0
STAT,0008CD45,TundraPond01Snow01,3,3,-12078,65998,2863,0.2
STAT,0005DF64,NorExtWallBg3Way01Snow,3,2,-15440,48013,1435,0.1
STAT,00101B5C,RuinsPot04StaticIce,3,2,-19353,44384,1099,0.1
MSTT,00013B42,FXFire02,3,1,-13704,91967,481,0.0
STAT,000A2D77,DweFacadeHallSmAlcove01ice,3,2,-783,85617,483,0.0
STAT,000597C3,RockPileS04RPineForest02,3,2,-48794,-81466,28482,0.8
STAT,0003445A,NorRubblePiece03,3,3,-49174,-39275,20139,21.2
STAT,0004D721,TundraStreamBend01PineForest02,3,3,-43645,-69624,11344,2.5
MSTT,000EEE04,BFXOilBarrelOpen01,3,1,-41515,-84390,1199,0.0
STAT,00075421,RockPileS04FieldGrass02,3,2,-39467,-66339,13869,1.8
STAT,00017179,RuinsPuzzlePillarBase,3,2,-32121,-24592,532,0.0
ACTI,000AA8CE,NorDefaultPuzzlePillar01,3,2,-32121,-24592,531,0.0
DOOR,0007DF47,SPatioGate01,2,1,-79282,111813,192,0.0
STAT,00027323,SkyrimCloudShape04,2,2,-67028,40297,117170,0.0
ACTI,00077F85,DarkwaterLeavingTrigger,2,2,108768,-45246,4077,0.0
BOOK,0008ACCC,CWFortGreymoorNoteArchery01,2,1,-14898,-9259,262,0.0
STAT,000272A8,SkyrimCloudShape06_50,2,2,100719,3910,24688,0.0
STAT,0002743A,SkyrimCloudDistant04_O_25,2,2,137987,-60235,88690,0.0
STAT,00030428,CW1MeleeCloseDefender,2,2,15852,-81528,723,0.0
FURN,000EFC74,SearchChest,2,1,166929,-95091,186,0.0
FURN,000F11E9,PrayCrouchedMarker,2,2,144311,-95439,57467,0.0
TXST,0006852D,ShadowMarkDangerStone01,2,2,-38036,11751,92835,0.0
ACTI,0001A4BB,TrapStonePressurePlate02,2,2,-31423,-1849,134679,0.0
DOOR,000988DF,NorDoorSmLoad02HiddenMinUse,2,2,-49800,72692,49308,0.0
IDLM,0006FEFF,SearchingChestIdleMarker,2,2,4559,-2212,81604,0.0
ACTI,000709B1,NorWordWallWordSu,2,2,-116959,74883,35912,0.0
ACTI,0007098F,NorWordWallWordGrah,2,2,-116959,74883,35912,0.0
ACTI,00070989,NorWordWallWordDun,2,2,-116959,74883,35912,0.0
FURN,00037DE8,InvisibleChairPlayerSingle,2,1,-82131,43938,31,0.0
FURN,00046B81,CreatureAlcoveBgMarker,2,2,118200,24886,54862,0.0
FURN,000C482E,LayDownMarker,2,2,-463,45380,133310,0.0
ACTI,000DB895,CombatDummy03,2,2,60921,36628,100310,0.0
ACTI,00050783,MG05WinterholdUpdateTrigger,2,2,109853,103110,2474,0.0
ACTI,0001B3C0,TrapMace01,2,2,44866,8247,31562,0.0
DOOR,00061435,ShipTrapdoor01MinUseHidden,2,2,-3378,8375,32189,0.0
IDLM,000E4871,PointFar02Marker,2,2,73972,46961,85475,0.0
FURN,000E2402,BedrollHay01LFieldGrass01F,2,2,33149,-12519,18834,0.0
FURN,001015FE,BedrollHay01FSnow01,2,1,-11388,84775,198,0.0
FURN,000C1988,BedrollHay01LPineForest03F,2,1,-92724,89328,541,0.0
ACTI,00072E9F,CombatDummy02,2,2,-148459,29480,52186,0.0
FURN,00042B8A,OrcChair01F,2,1,-145853,-23283,770,0.0
DOOR,000252C7,WRDragonDoor01,2,2,111,4384,38073,0.0
FURN,00021377,UpperBedSingle01,2,2,-64903,-24742,27557,0.0
ACTI,00098665,NorPullChain01,2,2,-57745,20476,61381,0.0
ACTI,00077281,DoorDeadBolt01,2,2,-18962,46389,99613,0.0
TXST,00069815,ShadowMarkSafeWood01,2,1,170499,-104150,1162,0.0
ACTI,0003A53D,DefaultDisableOnLoadAfterTrig,2,2,-441,16484,107024,0.0
DOOR,0005A281,DBKatariahChainActivator,2,1,-47762,108617,0,0.0
ACTI,000587DA,ImpPortGateFortExt,2,2,128452,-101584,23674,0.0
DOOR,000E41DA,HelgenGate01,2,2,19299,-77685,2058,0.0
DOOR,0009F27C,WHDoorFrontGate,2,2,136650,36201,2198,0.0
DOOR,0001EBED,NorDoorSm01,2,2,-117988,27870,1180,0.0
ACTI,0009DD0E,MQ204HrothgarPushbackTRIG,2,1,58456,-39972,1071,0.0
ACTI,00081C5B,DA09Trigger,2,2,-94801,99385,960,0.0
DOOR,000351EB,AutoLoadDoorHiddenMinUse01,2,2,2983,-14031,36707,0.0
DOOR,000453D8,SHouseDoor02,2,2,-73569,106005,8860,0.0
DOOR,0008A1F9,RTMainGate01,2,2,173269,-96277,4330,0.0
ACTI,00021513,NorLever01,2,2,-143818,26801,979,0.0
DOOR,000F1C16,NorDoorSmLoad01MinUse,2,2,55979,2828,74807,0.0
ACTI,000709AA,NorWordWallWordRaan,2,2,48353,9801,120575,0.0
ACTI,000709A2,NorWordWallWordMir,2,2,48353,9801,120575,0.0
ACTI,000709B2,NorWordWallWordTah,2,2,48353,9801,120575,0.0
ACTI,00070987,NorWordWallWordDiin,2,2,63456,17613,74718,0.0
ACTI,0007099A,NorWordWallWordKrah,2,2,63456,17613,74718,0.0
ACTI,0007098C,NorWordWallWordFo,2,2,63456,17613,74718,0.0
ACTI,000709A0,NorWordWallWordMaar,2,2,-4234,-71945,185903,0.0
ACTI,000709AC,NorWordWallWordRu,2,2,-4234,-71945,185903,0.0
ACTI,0007098A,NorWordWallWordFaas,2,2,-4234,-71945,185903,0.0
STAT,00030416,CW4MeleeCloseAttacker,2,1,16778,-15813,61,0.0
STAT,0003043E,CW4MissileWideDefender,2,2,22566,28758,34690,0.0
ACTI,00075C16,CartPassenger,2,2,22443,-94261,496,0.0
STAT,000273B7,SkyrimCloudShape02_O_50,2,2,-94192,29881,82068,0.0
STAT,000272AE,SkyrimCloudShape06,2,2,6905,1083,135404,0.0
STAT,000273FC,SkyrimCloudDistant06_O,2,2,-107678,1175,88417,0.0
STAT,0010C4B0,INV_SkyrimCloudDistant06_O,2,2,42005,30363,43779,0.0
STAT,0010C4BD,INV_SkyrimCloudDistant04_50,2,2,19934,23500,89995,0.0
STAT,000272AF,SkyrimCloudShape05_O_50,2,2,141267,-36847,4805,0.0
STAT,000272B1,SkyrimCloudShape05_O,2,1,65821,47033,650,0.0
STAT,000273AC,SkyrimCloudShape03_25,2,2,188943,-36013,2022,0.0
STAT,0010C4C0,INV_SkyrimCloudDistant03_O_50,2,2,-33491,16009,147853,0.0
STAT,0002747E,SkyrimCloudDistant02_O_25,2,2,190434,-63758,42330,0.0
STAT,00027499,SkyrimCloudDistant02_25,2,2,149779,-75201,45460,0.0
STAT,0002744C,SkyrimCloudDistant04_25,2,2,207000,-74709,40431,0.0
STAT,00027425,SkyrimCloudDistant05_O_25,2,2,-16789,-65041,71955,0.0
ACTI,0010D075,MineOreOrichalcum01_LTundraRocks,2,2,8668,24131,22003,0.0
STAT,000C2B12,NorDwelling03ExtCourtStairs01SnowLight,2,2,52325,76104,61480,0.0
STAT,000C2B11,NorDwelling03ExtBaseBSnowLight,2,2,52325,76104,61480,0.0
STAT,0009A899,NorRmSmFloorRaised02sn_light,2,2,-61062,55586,75113,0.0
ACTI,0010D051,MineOreGold01_LTundraRocks,2,2,1977,24020,8611,0.0
STAT,000C33EF,RockPileL02FieldGrass01,2,2,-42123,18826,74030,0.0
STAT,0003E236,ImpRubblePile03,2,2,28761,12364,4189,0.0
STAT,0003E213,ImpLRoomPillar03,2,2,-12110,3482,44573,0.0
BOOK,0001AFD0,SkillSmithing3,2,2,-26167,-34682,60058,0.0
ALCH,0003EAE3,RestoreHealth04,2,1,2996,13136,11,0.0
ACTI,0010D094,MineOreSilver04_LTundraRocks,2,2,-5263,16926,10859,0.0
BOOK,0001ACE6,SkillPickpocket3,2,2,60412,-22027,46065,0.0
STAT,000D97E9,RockCliff08TundraRocks01,2,2,-13455,-12337,39745,0.0
STAT,0006F764,ImpExtIceBldgICorner01,2,2,-58435,90367,90402,0.0
STAT,00071847,ImpStableDouble01Snow,2,2,31566,-14793,75769,0.0
FURN,0006E7AF,DweFurnitureChair02F,2,1,25773,46028,76,0.0
MSTT,0001ED67,DweBanner03,2,1,25509,45710,288,0.0
ACTI,000D9887,ShrineofMara,2,2,-57830,17698,62437,0.0
STAT,0006CFBA,DweClutterTrough01snow,2,2,50644,55170,52481,0.0
BOOK,0001B00F,SkillIllusion1,2,2,109799,3033,114946,0.0
STAT,00055C0D,DweFacadeHallSmEndCap01,2,2,-81990,65187,88927,0.0
STAT,000BFF44,DweRmLgColumn01snow,2,1,5768,85168,503,0.0
STAT,000C2104,CrateSmall02_LightSN,2,2,69764,81909,62461,0.0
STAT,00096CA7,GiantClubStaticSnow,2,1,22261,78752,101,0.0
FLOR,000CE84C,FloraMushroom05Dirt01,2,2,106548,-19599,131194,0.0
ALCH,000669A3,FoodMammothCheeseBowl,2,2,82446,34931,74569,0.0
MSTT,000F597F,GiantCampfire01BurningDirt01,2,2,44751,55228,33713,0.0
STAT,000C06F4,TreePineForestHollow01Snow,2,2,85235,-22000,120644,0.0
STAT,0002C2AC,CaveIIcicle01,2,2,27118,27269,48038,0.0
BOOK,0001B00D,SkillSpeechcraft1,2,2,-35385,74540,36670,0.0
STAT,000E36E5,RockPileL04CoastOceanFloor01,2,2,-3665,123513,19772,0.0
STAT,000C3E54,RockPileL02CoastOceanFloor01,2,2,48658,119339,32376,0.0
MSTT,000A4C51,MythicDawnBanner02,2,1,31038,108060,388,0.0
ACTI,0010DB3E,MineOreQuicksilver01_LCoastBeach,2,2,88043,95735,75860,0.0
BOOK,0001AFC9,SkillAlteration1,2,2,34919,13901,98343,0.0
MSTT,000D203E,CityBannerDawnstar01,2,2,32898,102660,408,0.0
STAT,000C585E,RockCliffMineEntrance02Snow,2,2,11328,84777,25454,0.0
BOOK,0001AFDD,SkillBlock1,2,2,-61542,50331,99723,0.0
MISC,000D284D,DeerHide02,2,2,54624,1273,103668,0.0
STAT,00099D47,FalmerBFence02,2,2,47148,35489,24471,0.0
ACTI,0010D04B,MineOreCorundum03_LTundraRocks,2,2,-36853,13496,76186,0.0
STAT,00070BB4,ImpExtLighthouse01,2,2,3596,39166,67570,0.0
STAT,00043941,RockTundraLand02RiverbedEdge,2,2,62077,1013,791,0.0
STAT,00061C82,RuinsSconceAndBaseice,2,1,59200,54963,239,0.0
STAT,000D8DAB,RoadSignDawnstar01L,2,2,63921,49785,8119,0.0
STAT,0007181F,ShackFrameBEnd01Snow,2,2,88511,71702,30323,0.0
STAT,0002A34D,StockadeWoodbeam03Light_SN,2,2,49676,-1326,92053,0.0
STAT,000FE6A7,WerewolfHeadSpike3,2,2,78764,42459,43916,0.0
STAT,000FE6A6,WerewolfHeadSpike2,2,2,77953,42723,43157,0.0
STAT,0005F221,ImpCandelabraNoCandle,2,2,121650,-14253,108890,0.0
MSTT,000D201E,GenericBannerYellow02,2,2,-10472,22809,79933,0.0
STAT,000D9289,WallMountedWolf02,2,2,-55630,35636,114760,0.0
STAT,00109B48,StockadeBarrier01Heavy_SN,2,1,42339,71822,104,0.0
STAT,000687AA,StockadeBridgeShort01Light_SN,2,2,38665,-10685,82274,0.0
STAT,000C2E8E,MountainTrim02CoastOceanFloor01,2,2,66736,119613,11609,0.0
MISC,0008F997,StatueDibellaGold,2,2,70458,115577,19878,0.0
STAT,0007F8AB,Campfire01LandOffCoastBeach,2,2,102227,92406,66742,0.0
ALCH,00064B30,FoodBoiledCremeTreat,2,1,38849,112934,7,0.0
ARMO,00080699,ClothesMinerBoots,2,2,99443,58594,81614,0.0
STAT,000EF697,RockPileM02WetDirt01,2,2,61461,106900,3788,0.0
ACTI,0010D096,MineOreSilver04_LSnowRocks,2,2,111522,66345,64880,0.0
STAT,0003E227,ImpWoodbeam01,2,2,57219,51629,53449,0.0
STAT,000FF8F0,DweFacadeTowerArchPASnow,2,2,78238,25409,1157,0.0
STAT,000765FE,DweWallArch01Snow,2,2,77575,27189,1449,0.0
STAT,00076603,DweFacadeHallSm4way01Snow,2,1,77055,26847,764,0.0
STAT,0002A336,StockadeBridgeExtraExtraLong01Light_SN,2,1,76947,25654,237,0.0
STAT,000D9315,DweFacadeTowerSpacer01NoStepSnow,2,2,78713,55957,28406,0.0
ACTI,000D9885,ShrineofJulianos,2,2,85524,1356,29694,0.0
STAT,0005511D,DweFacadePartitionBaseMid01,2,1,77276,24312,512,0.0
MISC,000C886C,DwarvenScrapBent,2,2,119640,-27205,55202,0.0
MISC,00027F03,DwarvenHighBowl01,2,2,119901,-27326,55505,0.0
STAT,00032D1F,NorRubblePile05Snow,2,2,15686,24021,55543,0.0
BOOK,0001B009,SkillMarksman5,2,2,-2758,23619,79695,0.0
BOOK,0001ACDC,Book2CommonShortLifeUrielSeptim,2,2,77612,-8386,9962,0.0
INGR,00034D31,ElvesEar,2,2,116044,6253,41924,0.0
STAT,00075033,DweClutterColmLarge01LightSnow,2,2,91942,70415,9065,0.0
STAT,0009A8A5,NorExSmFree01Snow,2,1,78960,64466,128,0.0
STAT,0001FCF3,Tombstone02,2,2,21758,-1914,84391,0.0
INGR,0003F7F8,TundraCotton,2,2,12948,55696,63306,0.0
STAT,00013F7B,NorRmSmAlcove01,2,2,108431,87463,36437,0.0
STAT,0009DB6C,NorTable01NoShadowsnow,2,2,105283,87777,36390,0.0
STAT,000F3E26,RockPileS03GrassSnow01Heavy_SN,2,2,84956,46299,3845,0.0
ACTI,0010D059,MineOreGold04_LSnowRocks,2,2,113522,35164,48064,0.0
ACTI,00068B7F,DB08HideBodyTrigger,2,1,76582,47218,241,0.0
STAT,0005FBC1,DwePipe1way02,2,1,84499,42919,192,0.0
STAT,0005FBC4,DwePipe1wayVent01,2,2,126738,17349,49575,0.0
STAT,00065CC1,NorPlatMid01_LightSN,2,1,91894,91802,385,0.0
STAT,00065CB7,NorRmBgCorOutR01_HeavySN,2,1,92298,91558,617,0.0
STAT,00065CB6,NorRmBgCorOutL01_HeavySN,2,1,92545,92007,258,0.0
STAT,00065CBB,NorRmBgWallSide01_HeavySN,2,1,92800,91584,128,0.0
STAT,000F6308,StockadeScaffoldTop0Sided01PlanksLight_SN,2,1,93156,92296,131,0.0
STAT,0002A33F,StockadeScaffoldBase2Sided01Light_SN,2,2,103325,73098,21137,0.0
STAT,000F9999,CommonShelf01Light_SN,2,1,90729,91290,78,0.0
AMMO,0006DA4F,TrapDweBallistaBoltAmmo01,2,1,81339,90615,24,0.0
STAT,00074FA5,DweFloorRaised02SnowLight,2,2,89629,80173,10586,0.0
STAT,000B7997,DweRubblePileCeiling02,2,1,76291,79473,85,0.0
STAT,000C0086,GlacierCaveEntrance02,2,2,111789,83974,34260,0.0
STAT,000F48EA,StockadeScaffoldBridge03Light_SN,2,2,78842,77258,1454,0.0
BOOK,0001B22D,Book2ReligiousAncestorsandtheDunmer,2,2,123338,54872,49949,0.0
MSTT,000D2016,GenericBannerGreen02,2,2,-25030,52754,121259,0.0
CONT,000BF146,TreasRuinsUrnSmall01EMPTY,2,2,-16685,105847,112613,0.0
STAT,00043327,NorRmShaftMidStairDeck01snow,2,2,44387,99769,54365,0.0
MISC,00068521,GemGarnetFlawless,2,2,-28272,56662,128644,0.0
ARMO,000877AB,JewelryRingSilverGarnet,2,2,90292,52011,57007,0.0
MISC,00098620,SilverGoblet01,2,2,22297,51689,88200,0.0
STAT,000F76C5,NorExtWallBgStairsSingle01_lightSn,2,2,-11513,102178,83310,0.0
MSTT,000A8467,FXDrips01_More,2,2,124267,55864,25502,0.0
MSTT,000A8469,FXDrips01_Most_Wider,2,2,-12413,13728,129836,0.0
STAT,000C9B5A,ImpExtIceBlocks04_NoIce,2,2,119666,19792,1193,0.0
STAT,0002BEB6,ImpExtIceTower01Dark_NoIce,2,2,68946,-31591,71840,0.0
STAT,000C1DC7,ImpExtIceBldgCorner03_NoIce,2,2,66226,-29158,71311,0.0
STAT,000455A9,MineWoodbeamShort01,2,2,52864,13987,68009,0.0
ACTI,0010DAD1,MineOreCorundum02_LVolcanicTundraRocks,2,2,135639,-3007,20116,0.0
STAT,0007E5F9,RockCliff05RockTile01,2,2,-8002,37583,129083,0.0
ARMO,0006C1DA,ClothesFarmClothesVariant03,2,2,-15454,27126,138545,0.0
ARMO,000CEE84,ClothesFineHat02,2,2,31098,-12459,92482,0.0
STAT,0003F96D,ImpExtBldgICorner03,2,2,35307,-21738,71410,0.0
STAT,00040B34,ImpExtTowerShellWall01,2,2,122332,-56638,67413,0.0
BOOK,0002F837,SkillEnchanting1,2,2,-158,20893,118288,0.0
STAT,000D5714,CrateSmall04WeatheredSnow,2,2,131056,67533,20965,0.0
STAT,00074357,CartPassengerSTATICSnow,2,2,139591,50121,31632,0.0
STAT,0003E217,ImpLRoomPillar02,2,2,29760,21557,87678,0.0
MISC,000B9BD8,GlazedBowl02,2,2,10186,65492,102104,0.0
INGR,0003AD5E,FireSalts,2,2,132519,-10007,64859,0.0
STAT,0009A2FF,WHinnerwall01,2,2,131331,42809,2375,0.0
STAT,0006F15A,Farmhouse03Snow,2,2,129367,33457,17666,0.0
STAT,0006F14C,Farmhouse04Snow,2,2,129758,34411,20596,0.0
STAT,00074E32,DweRubbleColumn02SnowLight,2,1,123940,97170,42,0.0
STAT,000C215B,HandCart01_HeavySN,2,2,129799,78977,2740,0.0
STAT,00096F1C,RuinsAltarLight_SN,2,2,-11477,78275,123317,0.0
STAT,00025808,DweClutterColmLarge01Snow,2,2,143247,23590,68510,0.0
STAT,00074FE4,DweFloorRaised01SnowLight,2,1,98952,76307,190,0.0
STAT,00084A4C,MountainTrim02RiverMud01,2,2,-11290,96671,145440,0.0
BOOK,0001B236,SkillAlteration2,2,2,123516,53476,79279,0.0
SCRL,000965AD,CalmScroll,2,1,99656,129037,285,0.0
STAT,00105567,WinterholdExtTowerRing01,2,1,116384,111648,0,0.0
MSTT,00109676,WinterholdBanner01,2,2,115390,110649,1411,0.0
STAT,0010967C,WinterholdBannerPost01,2,2,115392,110652,1408,0.0
STAT,000DAEE2,Farmhouse06Destroyed01Snow,2,2,48632,98333,62731,0.0
MSTT,000D2031,CityBannerWinterhold01,2,1,109707,100993,284,0.0
ACTI,0010DAF9,MineOreSilver04_LCoastBeach,2,2,132090,119179,30331,0.0
BOOK,0001AFEB,SkillConjuration5,2,2,57677,-71972,38014,0.0
STAT,000C5861,Farmhouse06Destroyed01,2,2,19108,-79898,2541,0.0
STAT,000C1DC2,ImpExtIceBldgStraight02_NoIce,2,2,15669,-77672,923,0.0
MSTT,000C2CCD,HelgenStoneBlock05,2,1,17192,-81579,294,0.0
STAT,000C5862,Farmhouse06Destroyed02,2,2,104096,-101960,88440,0.0
STAT,000C1D42,HelgenMud01,2,2,16466,-80456,1080,0.0
STAT,000C2CC4,BurntWoodplanks02,2,2,10133,-47790,33789,0.0
STAT,0010912E,ImpExtHelgenWall01NOLOD,2,1,15435,-80398,572,0.0
STAT,00108A5E,ImpExtIceBridge01_NoIceNOLOD,2,1,15485,-80330,49,0.0
STAT,000C1DC1,ImpExtIceBldgStraight01_NoIce,2,1,14790,-79254,256,0.0
STAT,000D6C25,ImpExtHelgenWallGate01,2,2,54334,-45912,54276,0.0
STAT,00099D39,SkeeverNestScatter06,2,1,15619,-81337,179,0.0
STAT,00099D38,SkeeverNestScatter05,2,2,15256,-82274,1014,0.0
MISC,0009BAF8,Basket06,2,2,54478,-49562,50816,0.0
STAT,000954A5,RugRound04,2,2,-28625,-3394,90701,0.0
STAT,000C5860,Farmhouse05Destroyed02,2,2,4766,-45093,38088,0.0
STAT,000C2CCA,ImpExtIceTowerShellStairs03_NoIce,2,2,7550,-48981,34884,0.0
ARMO,0002003E,CWDummyCuirassImperial,2,2,9946,-50023,48015,0.0
ARMO,0002003C,CWDummyBootsImperial,2,2,-13014,-10813,93388,0.0
ARMO,00020157,CWDummyBootsSons,2,2,-13012,-10815,93389,0.0
STAT,0009B769,Table01Snow,2,2,32529,-92393,1540,0.0
STAT,0007182A,ShackFrameTurnCorner02Snow,2,1,32416,-93055,0,0.0
STAT,0006F767,ImpExtIceBldgICorner04,2,2,-39372,11005,126154,0.0
STAT,000659EE,DirtCliffsCornerOut01Snow01Snow,2,2,-58958,-9354,114946,0.0
BOOK,0001B022,SkillPickpocket1,2,2,-26582,5284,92764,0.0
ACTI,0010D749,MineOreIron02_LMountainSlab,2,2,25892,-79868,23093,0.0
FURN,00030091,CommonBed01,2,2,80135,-39669,91321,0.0
MSTT,0001DC13,FXantLinesFlat,2,2,23883,-36927,267,0.0
STAT,0001EF4B,DirtCliffsCornerOut01PineForest01,2,2,21691,-46990,12558,0.0
STAT,000ABED9,RoadSignRiverwood01L,2,2,51547,-54093,32447,0.0
STAT,000A9BE2,RockPileS02PineForest01,2,2,-43026,13339,83459,0.0
STAT,0001EFEA,RockPileL04DirtSnowPathSnow,2,2,-3419,-286,40818,0.0
IDLM,000D2C2F,BigWoodPileIdleMarker,2,2,19563,-44088,1410,0.0
STAT,000C0521,WalkwayEnd01,2,1,21336,-45865,161,0.0
STAT,000C051F,WalkwayBend02,2,2,-3997,-66305,31301,0.0
STAT,000ABED8,RoadSignRiverwood01R,2,2,11814,-54839,10506,0.0
STAT,00017BE2,FXSpiderwebCorner03,2,1,19644,-48110,35,0.0
STAT,00066737,RockPileM01FieldGrass02,2,2,17928,-39527,13976,0.0
BOOK,0001AFE0,SkillBlock4,2,2,-30400,12307,91149,0.0
INGR,0004B0BA,Wheat,2,2,-62402,-22346,70208,0.0
ACTI,0010D024,MineOreIron01_LDirt02,2,2,72673,-47367,71538,0.0
STAT,0005B1DE,CivilWarRubble05,2,2,16718,-7486,3607,0.0
STAT,00089F94,WRWallCurve45Up128,2,2,27896,-6624,1403,0.0
STAT,0003B824,WRWallTierDivide01,2,2,22928,-5456,1892,0.0
STAT,00063FDB,WRScafStr01Spikes,2,1,17184,-6720,96,0.0
STAT,000684E6,WRWallStrRubbled02Free,2,2,18751,-14163,7048,0.0
STAT,00069821,WRWallMainGateHouse01,2,1,19200,-7424,544,0.0
STAT,000627AA,WRHouseStables01,2,2,24433,-9768,6488,0.0
STAT,0006EA6D,WRWallWaterGrate01,2,2,22655,-10294,2521,0.0
DOOR,0010C00E,WRStableGate01Anim,2,1,18642,-10893,96,0.0
STAT,00063FF4,WRWallTowerChunk01,2,2,25106,-5428,8397,0.0
ACTI,000C97D7,C00GiantAttackStartTrigger,2,1,21231,-15780,76,0.0
STAT,00063FB6,WRScafRailCor01,2,1,18858,-13041,288,0.0
STAT,000A88E7,WRHouseShack02,2,2,25743,-11496,10321,0.0
STAT,000B6266,RockTundraLand03Snow01Snow,2,2,-68896,38955,95841,0.0
STAT,000674CA,RockCliff05FieldGrass02,2,2,81853,-33517,53100,0.0
TREE,000B927A,TreePineForest01Dead,2,2,-13270,-53663,46565,0.0
STAT,00035095,RockM01TundraMoss,2,1,1679,-9972,353,0.0
INGR,00106E1C,CritterPondFish01Ingredient,2,2,-54360,-14614,106072,0.0
INGR,0006B689,HagravenClaw,2,2,-28109,-55545,65609,0.0
BOOK,0001B00A,SkillSpeechcraft4,2,2,-54185,-19581,108893,0.0
STAT,0001EF5A,RockCliff07Dirt02,2,2,-30309,-15420,100451,0.0
STAT,000752B6,StockadeWoodplanks01Snow,2,2,-53738,2965,130635,0.0
ACTI,001092E5,MQSkyHavenSparringTrigger,2,2,-43316,-14661,99418,0.0
WEAP,0001CB64,DraugrBattleAxe,2,1,56047,-47949,92,0.0
WEAP,0002C672,DraugrWarAxe,2,2,13644,-60689,43714,0.0
ACTI,00105964,MQTotWHazardTrig,2,2,62457,-48900,4562,0.0
ACTI,000A2BEC,MineOreEbony04,2,1,54810,-52497,168,0.0
STAT,000E25DB,CommonTableLow01,2,2,82681,-20130,30375,0.0
ACTI,0005AFD7,defaultEnableDisableLinkedRef,2,2,1839,-69578,72823,0.0
STAT,00081D7D,NorDwelling03ExtCourtCap02Snow,2,2,30724,-30077,88292,0.0
ARMO,00013AB2,ArmorImperialLightShield,2,2,18142,-17615,116192,0.0
STAT,000C49E8,BoneHumanFootRStatic,2,2,30524,-11682,73815,0.0
STAT,0009307B,StonewallTerraceEndR01FallForest,2,2,78257,-65862,991,0.0
BOOK,0001B002,SkillLightArmor3,2,2,82974,-88342,9338,0.0
STAT,000BC4BF,Road3way01FallForestDirt01,2,2,121607,-92558,40486,0.0
ACTI,0010DAD2,MineOreCorundum03_LFallForestGrass,2,2,99238,-71562,18542,0.0
STAT,0005CDF0,DweWall02,2,2,120480,-104650,37993,0.0
BOOK,0001B014,SkillRestoration1,2,2,-32879,-16690,128883,0.0
STAT,000D55DB,NorBookPedestal_Snow,2,2,120797,-28285,82558,0.0
STAT,000B5187,SkuldafnBannerAnchor02,2,1,70255,-93672,201,0.0
MSTT,000D2018,GenericBannerGreen04,2,1,70251,-93673,201,0.0
STAT,0003FA65,WallMountedElkAntlers,2,2,91851,-77894,21376,0.0
STAT,0005C01C,PeltFarmWall01,2,2,-10433,-41832,109895,0.0
ACTI,0002C15A,TrapBatteringRam01,2,2,-31453,-1772,134565,0.0
STAT,000BA419,MineRailTop1Sided01,2,1,82936,-37417,143,0.0
FLOR,000DB68B,FloraMushroom03Dirt01,2,2,-19422,-3466,121189,0.0
STAT,000B6042,RockPileM03PineForest02,2,2,-12679,27226,120619,0.0
DOOR,000AA043,MetalCageDoor01,2,2,129396,-84166,61012,0.0
WEAP,0001F25B,weapBasicFork01,2,2,119320,-69447,57909,0.0
WEAP,00020160,CWDummyWarhammerSons,2,2,13037,9668,93063,0.0
STAT,0004A6B0,HHStepB_LightSN,2,2,70190,-52218,1279,0.0
STAT,000DB67F,RockPileL04Dirt01,2,2,69391,-57196,4017,0.0
ACTI,0002C692,FXbatGroupACT,2,2,-35027,-13048,116529,0.0
STAT,00049C52,HHStepC_LightSN,2,2,68370,-56422,1552,0.0
STAT,00079F95,HHSteps07Narrow,2,2,69613,-57059,3150,0.0
STAT,0004938D,RockCliff02Dirt01,2,1,67394,-55798,870,0.0
FLOR,000DD676,FloraMushroom02FallForestDirt,2,1,89837,-64714,45,0.0
STAT,0002520B,NorDwelling03ExtCourtCap01,2,2,-24367,15645,129863,0.0
MSTT,00019E25,RuinsSmallFloorSconce,2,2,-18799,-16264,107986,0.0
MISC,000B9BCC,GlazedBowl01,2,2,-33941,-13897,111971,0.0
STAT,00039222,RockTundraLand01,2,2,-4021,15300,77865,0.0
MSTT,00063858,FXrapidsRocks01RiverbedEdge01,2,1,92502,-14636,1033,0.0
INGR,0003AD72,TrollFat,2,2,113123,-63203,52102,0.0
STAT,0002FB5E,ShackBrokeWall04,2,1,91972,-15335,14,0.0
STAT,0005CCC3,ShackFrameRMid01,2,2,101791,-48697,34768,0.0
CONT,0003FA7D,TreasSpiderEggSac01,2,2,100548,-11492,20425,0.0
BOOK,0001B011,SkillIllusion3,2,2,26553,17984,70760,0.0
STAT,000F3E0A,MountainTrim01WetRocks01,2,2,-5638,-27130,89226,0.0
STAT,000BA3EF,RockPileL04FallForestRocks01,2,2,145936,-86728,30419,0.0
STAT,000BC478,RockPileS04DirtPath01,2,2,128049,-100972,6689,0.0
STAT,00055860,DweFacadeBridgeRampCCW01,2,1,123678,-108130,0,0.0
STAT,0005585F,DweFacadeBridgeRampCW01,2,2,-22871,-32317,163246,0.0
BOOK,0001B000,SkillLightArmor1,2,2,31678,2408,152085,0.0
STAT,000F2459,CrateSmall03WeatheredLight_SN,2,2,58666,-10203,125555,0.0
STAT,000C39EC,RockPileM01WetRiverMud01,2,2,108500,-35083,35480,0.0
STAT,000B0EAB,RTFarmhouse02,2,2,139619,-79471,27727,0.0
STAT,000B27B5,TundraStreamEnd01FallForestGrass01,2,2,152792,-88611,43477,0.0
MSTT,000DB444,FXCreekFlatLong01FallForestRocks,2,1,109909,-72396,502,0.0
ACTI,0010DACC,MineOreCorundum02_LFallForestDirt,2,2,129510,-78879,9024,0.0
STAT,000B27AF,MountainTrim02FallForestDirt01,2,2,132082,-68210,32628,0.0
STAT,000B27B4,RoadStrToCurveRampR01FallForestDirt01,2,2,159390,-97054,32948,0.0
BOOK,0001B01C,SkillLockpicking4,2,2,31624,-77677,90706,0.0
ACTI,0010DACE,MineOreCorundum02_LFallForestRocks,2,2,145526,-94315,45966,0.0
STAT,000E0BA5,RockCaveEntrance01FallForestDirt01,2,2,143149,-103004,31175,0.0
MISC,00067180,ClothesIron,2,2,14623,-7043,107436,0.0
BOOK,0001AFF6,SkillHeavyArmor1,2,2,154727,-70015,32655,0.0
FURN,00042D2E,OrcChair01LR,2,1,122346,-65249,92,0.0
STAT,000D85F2,NorExtRubblePile04Sulfur,2,1,127837,-5418,530,0.0
CONT,0008008D,TreasDraugrAmbushCorpseWrapped01,2,1,126038,-5158,660,0.0
CONT,00080094,TreasDraugrAmbushCorpse07,2,1,126511,-5815,365,0.0
CONT,00080093,TreasDraugrAmbushCorpse06,2,2,47358,41312,91917,0.0
STAT,000998CA,BoneMammothSkull4Sulfur,2,2,126920,-12041,5889,0.0
ACTI,0010DA97,MineOreIron03_LVolcanicTundraRocks,2,2,138510,-14543,15932,0.0
STAT,000855A7,RockPileL01_Sulfur,2,2,129734,-23294,9264,0.0
STAT,000998C9,DirtCliffsCornerOutVolcanicDirt01Sulfur,2,2,133835,-17691,6118,0.0
BOOK,0002F838,SkillEnchanting2,2,2,28713,-50329,99217,0.0
ACTI,0010DADC,MineOreCorundum04_LVolcanicTundraDirt,2,2,126027,-11483,15535,0.0
MISC,00044E70,Flagon,2,2,16944,10656,102182,0.0
STAT,0001BCC4,BlacksmithSharpeningWheel01,2,2,15913,-23557,85126,0.0
CONT,00021365,UpperDresser01,2,2,40896,27493,80079,0.0
ARMO,0003452E,ClothesFarmClothes04,2,2,135917,-8490,28195,0.0
STAT,0001AE1A,StockadeBridgeShort01,2,2,22717,-55835,83717,0.0
BOOK,0001B001,SkillLightArmor2,2,2,144567,23560,11058,0.0
FURN,0006AF7E,BedrollHay01LDirtSnowPath01L,2,1,148684,26059,510,0.0
STAT,000D8BC1,ChoppingBlock01Bloody,2,2,31563,-5732,120779,0.0
STAT,000C18E2,VendorCartStatic01,2,2,37483,-3510,100804,0.0
MISC,0005ACE1,OreMalachite,2,1,137268,14007,465,0.0
AMMO,000139BF,EbonyArrow,2,1,156185,8932,7,0.0
INGR,0006AC4A,JazBay,2,2,14402,9516,143062,0.0
STAT,000B0F6E,OrcAwningFull01_LightSN,2,2,157468,6826,2329,0.0
FURN,00042D2F,OrcChair01R,2,2,51733,-41781,116258,0.0
ARMO,0003452F,ClothesFarmBoots04,2,2,149006,20901,16538,0.0
CONT,000FB9CA,BarrelEmpty01_Snow,2,1,144576,55542,27,0.0
STAT,000B9550,RockPileL01RiverMud01,2,2,148028,-17165,70173,0.0
STAT,0009BCB6,Whouterwall3,2,2,137092,37863,3806,0.0
ARMO,00013913,ArmorHideHelmet,2,2,46946,18098,94276,0.0
ACTI,0010DAD5,MineOreCorundum03_LCoastBeach,2,2,153626,106430,10773,0.0
BOOK,0001B017,SkillRestoration4,2,2,15336,105099,121066,0.0
STAT,00080AFD,MountainTrim03WetRiverMud,2,1,153118,84452,1195,0.0
ALCH,0007224E,FoodHorkerMeatCooked,2,1,146854,82347,1,0.0
STAT,000C25F2,VendorCartStatic01Snow,2,2,158007,60125,25102,0.0
STAT,000251BB,NorDwelling03ExtCourtA,2,2,56850,61469,77453,0.0
BOOK,0001AFDA,SkillOneHanded3,2,2,43080,27911,116746,0.0
STAT,0007E903,MountainTrim01CoastBeachSnowRocks,2,1,131582,100860,584,0.0
STAT,000C3817,GlacierSlab01_NoSN,2,2,172122,62139,6160,0.0
STAT,000CD745,Tombstone01Snow,2,1,172601,38795,764,0.0
MSTT,0001EBEA,WHoldflag03green,2,1,170416,37772,449,0.0
MSTT,0001ED55,WHoldflag02orange,2,1,170601,37550,299,0.0
MSTT,0001ECE8,WHoldflag05red,2,1,170302,37618,205,0.0
MSTT,0001ED56,WHoldflag01blue,2,1,170360,37837,452,0.0
BOOK,0001AFD6,SkillPickpocket4,2,2,48101,97980,140844,0.0
DOOR,00025FF7,ShipDoor01,2,2,84832,93354,91981,0.0
ACTI,0010D039,MineOreSilver02_LRocks,2,2,151130,30459,101126,0.0
ACTI,0010D034,MineOreQuicksilver01_LRocks,2,2,74523,126506,90295,0.0
INGR,00059B86,Nirnroot,2,2,33733,156271,105730,0.0
STAT,000BAD90,DirtCliffs02FallForestGrass01,2,2,151495,-102109,5258,0.0
ACTI,000A4A04,dunTG02ReinforcementTrigger,2,2,155044,-98529,1068,0.0
STAT,0006F26B,StockadeFreeWall04,2,2,12390,-45038,151110,0.0
STAT,000B27B1,RoadSCurveRamp01FallForestDirt01,2,2,163074,-103317,25930,0.0
ACTI,0010DAD3,MineOreCorundum03_LFallForestDirt,2,2,146290,-84005,26435,0.0
ACTI,0010DAA8,MineOreIron02_LFallForestDirt,2,2,160041,-97989,23484,0.0
WEAP,0001398B,OrcishWarAxe,2,1,134672,-112465,134,0.0
ARMO,00013946,ArmorOrcishShield,2,1,134801,-111737,726,0.0
ARMO,00013956,ArmorOrcishBoots,2,1,134848,-111795,812,0.0
STAT,0003F96E,ImpExtBldgICorner04,2,2,157015,-95454,22052,0.0
ACTI,000A6E98,dunGlenmorilToggleWitchWeather,2,2,32934,-86276,116736,0.0
BOOK,0001B01B,SkillLockpicking3,2,2,142174,-105559,14913,0.0
STAT,000765FF,DweWallCap02Snow,2,1,156566,-124823,1187,0.0
ACTI,0010DACD,MineOreCorundum02_LFallForestGrass,2,2,157866,-67691,4447,0.0
MISC,000C8878,DwarvenLargeScrap3,2,1,153859,-71247,176,0.0
MSTT,00035F4A,FireplaceWood01Burning,2,1,135827,-75445,24,0.0
STAT,000BC496,RockPileS04RiverbedEdge01,2,2,145117,-92479,11672,0.0
STAT,000AE630,DockStepsDown01,2,2,41735,134,142456,0.0
BOOK,0001AFCD,SkillAlteration5,2,2,69120,-88016,75458,0.0
STAT,000533CE,StockadeBridgeExtraLong01,2,2,31836,-23507,132589,0.0
STAT,00040B31,ImpExtTowerShellDoor01,2,2,62157,-19766,77830,0.0
STAT,0005F21E,ImpChandellierCandleOff,2,2,67641,43513,104679,0.0
ACTI,0010D040,MineOreCorundum01_LDirt02,2,2,45208,-8899,116944,0.0
BOOK,0001AFE2,SkillTwoHanded2,2,2,27288,17805,126759,0.0
MISC,0003AD6C,MammothTusk,2,1,151087,-7729,24,0.0
BOOK,0001B00B,Book0WolfQueenV4,2,1,145177,-11186,92,0.0
MSTT,0002FB6C,ShackBrokeWood03,2,1,143665,-10543,105,0.0
ALCH,000722B0,FoodHorseMeatCooked,2,1,143618,-10150,92,0.0
STAT,00066729,RockPileS02FieldGrass02,2,1,160803,-18086,193,0.0
ACTI,0010DB43,MineOreQuicksilver04_LVolcanicTundraDirt,2,2,154536,-24299,4834,0.0
STAT,000897CF,RockPileL01Sulfur,2,2,139170,-27643,1009,0.0
STAT,000E9E9A,ImpExtIceRubble01_NoIceSulfur,2,1,138401,-26967,807,0.0
STAT,000E9EA3,ImpExtIceBldgSecondCorner01_NoIceSulfur,2,1,138068,-27746,717,0.0
STAT,000E9EAA,ImpExtIceWall01_NoIceSulfur,2,1,137775,-26258,478,0.0
STAT,000E9EA6,ImpExtIceArchSupport01_NoIceSulfur,2,1,137928,-27223,123,0.0
STAT,000E9EA5,RockCairnEvil03Sulfur,2,1,137585,-26801,596,0.0
STAT,000EA9D1,BurntRubble05Rocks01,2,1,189836,-124893,601,0.0
STAT,000EA9D2,BurntRubble01Rocks01,2,1,189624,-124903,503,0.0
STAT,000289DA,RuinsAltar,2,2,-3895,-71608,185602,0.0
BOOK,0001AFEF,SkillDestruction4,2,2,11008,-18196,191530,0.0
ARMO,000878BB,ReligiousZenitharCommerce,2,2,64200,-44950,122754,0.0
STAT,0003E211,ImpFloorChunk02,2,1,181228,-81987,133,0.0
STAT,000BB7B3,RTStables01,2,2,185967,-95103,13299,0.0
STAT,000AA82E,RTDockPier02,2,2,169492,-94712,2537,0.0
STAT,00093D41,Rug05,2,1,171564,-93643,205,0.0
STAT,000EF2EC,RTDockRamp01,2,1,173098,-96387,1845,0.0
MSTT,000EA62E,SignRTFishery01,2,1,168715,-96660,518,0.0
STAT,000E8287,RTCanalLock01,2,1,171770,-96380,1857,0.0
STAT,000FC597,ChestOpen,2,1,166924,-95091,246,0.0
INGR,0004DA00,Mushroom01,2,2,10924,23533,171989,0.0
CONT,0002065D,TreasWarlockChestBoss,2,2,58847,18828,125819,0.0
ACTI,000DE13F,CWMission07Trigger,2,2,36359,-4944,135967,0.0
BOOK,0001B276,SkillSneak1,2,2,73450,-81741,99427,0.0
STAT,0006DD62,DweFacadePartitionRoofMid01Snow,2,2,179449,-16171,15880,0.0
STAT,000E7C2A,DweWallSconceSmall01OnSputter,2,1,169323,-4974,151,0.0
STAT,0005FBC3,DwePipe1wayHub01,2,2,169029,-8018,440,0.0
STAT,0006DD5C,DweFacadeBridgeCurve03Snow,2,1,169274,-5075,0,0.0
STAT,000E7C2B,DweWallSconce02OnSputter,2,1,168815,-13920,200,0.0
ACTI,0001A135,FXdustDropRandomACT,2,2,167910,-13540,1047,0.0
STAT,0008E815,DwePipeGearAssembly02,2,1,168852,-12998,113,0.0
STAT,001015AA,ImperialTentLargeSnowLight,2,1,175078,-19192,243,0.0
STAT,001015A8,ImperialTentSmallSnowLight,2,1,174246,-19118,132,0.0
BOOK,0001B016,SkillRestoration3,2,2,69353,-14927,163596,0.0
ACTI,000D987D,ShrineofStendarr,2,2,76563,-61187,133320,0.0
MSTT,000D2007,GenericBannerRed03,2,2,68023,-63124,140869,0.0
MSTT,000D201F,GenericBannerYellow03,2,2,67228,-74161,144323,0.0
STAT,0001F6D5,NorTempleExterior01,2,2,-110680,27013,65088,0.0
STAT,000CF77B,HagravenFence02_HeavySN,2,1,-177646,18590,504,0.0
STAT,000E76E7,DweFarm01Ext,2,2,-164447,3490,3223,0.0
STAT,000F0481,MrkCWextTower03,2,1,-167478,5265,829,0.0
STAT,00100D1E,MrkBrazierHanging02,2,1,-172675,5601,209,0.0
STAT,000E7417,DweFarm02Ext,2,2,-165947,-79,955,0.0
STAT,0005CDF1,DweWallArch01,2,1,-168976,58781,241,0.0
STAT,000E769A,DweChandelier01On,2,2,-164924,45142,1022,0.0
STAT,0005B093,DwePlatBgCorIn01,2,2,-164804,46140,1443,0.0
STAT,0005511F,DweFacadePartitionRoofMid01,2,2,-164925,45143,512,0.0
DOOR,00064090,DweDoorLarge01,2,2,-168645,44744,1819,0.0
ACTI,0006C0F1,TrapDweThresher,2,1,-166698,44092,509,0.0
STAT,000786C2,DweTrapThresherGroove,2,1,-166700,44092,509,0.0
STAT,00051544,DweRmLgColumn01,2,1,-166922,44100,374,0.0
STAT,00089B82,PeryitePillar01,2,2,-153890,41440,11591,0.0
STAT,0005B092,DwePlatBgCorDblEnd01,2,2,-165056,45888,2770,0.0
STAT,000BD69B,DA13VineDweFacadeHallSm01,2,1,-170191,44057,128,0.0
STAT,000BD6D3,DA13VineWallLg02,2,2,-157709,41632,12853,0.0
STAT,000BD6D1,DA13VineWallLg01,2,2,-157683,41616,12761,0.0
STAT,000581B8,DweRmSmColumnFixed01,2,1,-171136,44160,384,0.0
STAT,000581BE,DweRmSmWall01,2,1,-171136,44160,512,0.0
STAT,000581BF,DweRmSmWallExBg01,2,1,-171136,44160,512,0.0
STAT,00030AD1,DweWallSconce01,2,1,-169541,44167,164,0.0
STAT,00028395,DweFurnitureBench01Static,2,1,-171758,44831,54,0.0
STAT,00023910,HagravenHouse03_snow,2,1,-172335,38450,701,0.0
STAT,000C723E,MountainTrim02CoastBeach01,2,2,-85172,107780,83068,0.0
WEAP,000FA2C1,ForswornStaffFlames,2,2,-117682,-7794,42329,0.0
STAT,0005033A,SkyHavenRubblePile02,2,2,-129687,8045,2393,0.0
STAT,00066011,SkyHavenTmpExtPlatStairCapL01,2,2,-129311,7291,2232,0.0
STAT,00059664,SkyHavenFreePillar01,2,1,-140137,7073,109,0.0
STAT,0005032E,SkyHavenRubblePileSmall02,2,2,-134480,7028,6666,0.0
FURN,0010308F,BedrollHay01LReachMoss01F,2,1,-160244,4675,152,0.0
STAT,0007E5F6,RockCliff02RockTile01,2,2,-98206,100735,52198,0.0
ACTI,0010DCA3,MineOreIron02_LReachMoss,2,2,-119864,11989,50156,0.0
STAT,00081199,StonewallTerraceRampDown01ReachDirt01,2,1,-153808,57824,256,0.0
STAT,0008119D,StonewallTerraceEndR01ReachDirt01,2,1,-154810,58493,709,0.0
INGR,000B18CD,HumanHeart,2,2,-116878,5444,53108,0.0
ARMO,000330BC,ClothesFarmHat03,2,2,-122361,32804,33420,0.0
STAT,000194BC,RuinsSconceBaseNoShadow,2,1,-142855,37886,0,0.0
ACTI,0010DCB7,MineOreSilver03_LReachGrass,2,2,-124620,7847,47923,0.0
WEAP,00013984,SteelBattleaxe,2,2,-119495,47707,27402,0.0
STAT,0006B83F,DweShaftRmLgBot01,2,2,-131998,9703,30991,0.0
STAT,000A0896,HagravenSticks01Snow,2,1,-133132,80474,60,0.0
IDLM,000F9966,DrinkPotionIdleMarker,2,2,-147807,29734,52268,0.0
STAT,000D3C34,StockadeScaffoldTopRope01_lightSN,2,1,-143623,105126,136,0.0
STAT,000D3C33,StockadeScaffoldTopPost01_lightSN,2,1,-143623,105126,136,0.0
STAT,000744CA,RockCliffMineEntrance02ReachMoss01,2,2,-142081,1842,24497,0.0
STAT,00026E5B,NorRmShaftMidStairBot01,2,2,-174860,-14995,3090,0.0
STAT,00037E8D,RuinsShelfSmallFull,2,2,-151439,38740,59305,0.0
STAT,00026E5C,NorRmShaftMidStairDeck01,2,1,-177881,-15641,0,0.0
STAT,0003444F,NorBridgeCageEndCap01,2,2,-151747,38283,59854,0.0
STAT,0003493E,NorTmpExtPlatShaftBot01,2,2,-104850,-19768,73148,0.0
STAT,00026E5E,NorRmShaftMidStair01,2,2,-104850,-19768,73148,0.0
WEAP,000CEE9B,ForswornBow,2,2,-129817,-27964,46346,0.0
STAT,0007CC91,RockCliff08ReachDirt01,2,2,-179751,-18563,2148,0.0
STAT,00097710,RockPileS02Dirt01,2,2,-113070,-32381,40121,0.0
STAT,0003F7EA,RuinsBrokenShelf04,2,2,-130321,36445,57427,0.0
STAT,000EC37A,RockPileS01ReachMossyRocks01,2,2,-132763,1993,26576,0.0
STAT,000481B0,SoulGemHolderWithStand,2,2,-76030,-22026,65006,0.0
ACTI,0010DCB6,MineOreSilver04_LReachGrass,2,2,-122831,43442,27453,0.0
INGR,0006BC07,SabrecatEyeball,2,1,-124901,8482,615,0.0
FURN,000CCCDA,BedrollHay01ImpExtWallFL,2,2,-128490,8010,1300,0.0
STAT,00066000,SkyHavenTmpExtPlatTower01,2,1,-128212,6806,865,0.0
STAT,00066003,SkyHavenTmpExtPlatTowerBridgeFree01,2,1,-128082,7032,601,0.0
STAT,0006600F,SkyHavenTmpExtPlatMid02,2,1,-127428,7363,256,0.0
STAT,0001ECEB,TundraStreamStraight01Reachmoss,2,2,-98447,-11758,19222,0.0
STAT,000BAD21,MrkBlockStatueA01,2,1,-124573,50748,134,0.0
STAT,000BAD1A,MrkBlockA01,2,1,-124802,50694,54,0.0
MSTT,00041B9E,FXrapidsRocks01ReachMossyRocks01,2,1,-121898,46408,517,0.0
FURN,000E23F9,BedrollHay01ImpExtWallF,2,1,-110339,39647,138,0.0
STAT,00095F83,RockCliff01TundraRocks01,2,2,-102089,35786,2610,0.0
STAT,00000A70,StonewallTerraceEndL01,2,2,-101911,83744,576,0.0
STAT,00000A74,StonewallTerraceCorner01,2,1,-100841,83089,512,0.0
WEAP,000CC829,ForswornAxe,2,2,-94382,15437,53936,0.0
STAT,0004F8E6,ShipWoodbeam03,2,1,-120876,128993,480,0.0
STAT,00071837,ShackWall01Snow,2,1,-112923,113030,256,0.0
STAT,000D8DA0,RoadSignDragonBridge01R,2,2,-97855,99047,7450,0.0
MISC,00067185,SoulGemPiece005,2,1,-72161,23098,12,0.0
MSTT,0002054F,FXVolumeMist01,2,2,-76778,22163,1698,0.0
STAT,00099D3E,SkeeverNestBale05,2,1,-91074,17690,404,0.0
BOOK,000EF53E,Book1CheapKolbAndTheDragon,2,2,-90501,29523,15473,0.0
STAT,000C3917,RockPileL03Tundra01,2,2,-84643,47432,9647,0.0
STAT,0005CD73,ShackRoofMid05,2,2,-56705,70122,33332,0.0
STAT,0005CCE5,ShackWallTopWindow01,2,2,-52543,-29746,80147,0.0
ARMO,00087832,JewelryNecklaceSilverSapphire,2,2,-49368,62575,46542,0.0
MISC,0005CAE1,BlacksmithHammer01,2,2,-42021,17734,39755,0.0
STAT,000D9285,WallMountedMudcrab01,2,2,-37445,82215,51022,0.0
BOOK,000EB090,Book1CheapOlafAndTheDragon,2,2,-81797,-17229,62532,0.0
STAT,000FE1F1,HandCartCanopy,2,2,-70523,96662,4544,0.0
STAT,000AE631,DockStrEnt01,2,2,-65651,95328,2033,0.0
STAT,0009252A,DockStrEnt03,2,1,-66103,98024,256,0.0
STAT,00050E87,ShipLargeDaintySload01,2,2,-59050,108211,15777,0.0
STAT,000B3926,SFarmPorch03,2,1,-75403,96694,667,0.0
STAT,000B11C0,SFarmShed01,2,1,-75058,96895,964,0.0
STAT,000B36E3,SFarmPorch01,2,1,-75547,96687,862,0.0
STAT,000C1ADC,DoomstoneCircle02,2,2,-55821,11431,70805,0.0
STAT,0007F92A,SPatioWallStairs01Snow,2,2,-79031,114507,1792,0.0
STAT,0007F92D,SPatioWallSteps02Snow,2,1,-82211,115496,256,0.0
STAT,0007F930,SPatioCor01Snow,2,1,-79245,111896,1090,0.0
MSTT,000D2036,CityBannerSolitude02,2,1,-65948,104310,383,0.0
STAT,000A6E56,SBannerPost01,2,1,-65952,104304,383,0.0
STAT,000B7237,RockPileL02RiverMud01,2,2,-57445,20685,3799,0.0
STAT,000455CA,MineWoodplanks04,2,2,-45381,2068,434,0.0
STAT,000F6051,WalkwayBend02Snow,2,2,-37044,65363,1521,0.0
STAT,000F6054,WalkwayFull01Snow,2,2,-38877,65729,1813,0.0
MSTT,000D202D,CityBannerHjaalmarch01,2,1,-38758,63364,288,0.0
ACTI,0010D06E,MineOreMoonstone03_LSnowRocks,2,2,-26767,-24381,76558,0.0
STAT,00093EC8,RockCaveEntrance01SnowLightCustom01,2,2,-39035,3051,42478,0.0
STAT,00025DB7,MountainTrim01FrozenMarshIce01,2,2,-30786,86946,13211,0.0
FURN,000264C8,BedrollHay01LDirt02,2,2,-53293,94465,159,0.0
STAT,00093471,DockColStrSign01,2,2,-65048,94790,1243,0.0
STAT,0008C23A,TreeReach02_LightSN,2,2,-46852,90097,1342,0.0
FURN,000E2403,BedrollHay01LFrozenMarshDirt01F,2,1,-58757,86493,155,0.0
ACTI,0010DC36,MineOreIron02_LFrozenMarshGrass,2,2,-59082,86311,6886,0.0
MSTT,00016441,FXMistLow01Adjust,2,2,-24578,85209,19533,0.0
STAT,00046ED3,NorDwelling01ExtCourtA,2,2,-45871,-988,77596,0.0
STAT,00046ED1,NorDwelling01ExtBaseA,2,2,-45871,-988,77596,0.0
STAT,0005CCC6,ShackFrameTurnMid01,2,1,-56920,71128,128,0.0
STAT,000513B0,ImpExtBldgSecondICorner03,2,2,-65189,22717,48515,0.0
ARMO,0002003F,CWDummyGauntletsImperial,2,2,-34265,30658,43981,0.0
STAT,0006AE69,UpperChairStatic,2,1,-47832,107657,48,0.0
FURN,000C07F3,NobleTableLongBench02,2,2,-48983,106709,212,0.0
STAT,00060F1C,NorBridge1wayEndCap02ice,2,1,-25061,46699,448,0.0
STAT,000CD0D9,RockPileM01FrozenMarshGrass01,2,2,-27463,87866,4825,0.0
DOOR,0002C947,NorShaftTrapDoor,2,1,-5839,78967,0,0.0
STAT,00072606,NorSarcophagusTopSnow,2,1,-5842,78924,40,0.0
ACTI,0010D088,MineOreQuicksilver04_LRocks,2,2,-13921,122772,2028,0.0
CONT,0010E884,BarrelIngredientCommon01_NoRespawn,2,1,-2100,119809,686,0.0
STAT,000310A5,MountainRidge02_Sparse_SN,2,2,-83592,1174,134077,0.0
STAT,0003A1FC,NorVineWall03,2,1,-99873,-33289,22,0.0
STAT,000DF47B,CommonShelf04Open,2,2,-83142,-36088,32735,0.0
STAT,000455D5,MineScaffoldRope03,2,1,-77329,-39399,687,0.0
MSTT,0002C68E,FXDrips01tall,2,1,-85807,-37511,136,0.0
STAT,00022F22,NorTempleExteriorRibFree02,2,1,-92128,-40451,354,0.0
INGR,0003AD61,BriarHeart,2,1,-92249,-41505,36,0.0
SLGM,0002E4E6,SoulGemCommon,2,2,-63800,-57126,32435,0.0
STAT,000B723F,RockPileS01DirthPath01,2,1,-92339,-28131,600,0.0
STAT,0003BC39,NorRubblePile07,2,2,-45307,-74583,4587,0.0
MSTT,0010E15C,ArkayBanner01,2,1,-34228,-84483,142,0.0
MSTT,000EEE05,BFXSmashedBarrel,2,1,-41973,-85369,577,0.0
STAT,0004FDA9,MountainTrim01PineForest03,2,2,-58117,-74608,14894,0.0
STAT,0005FD56,RockCliff07Dirt02_LightSN,2,2,-29506,-59045,14753,0.0
STAT,0002265B,RockShelf01RiverbedEdge01,2,2,-37591,-56301,5893,0.0
STAT,0003CB92,ImpPillar01,2,1,-44864,-5766,200,0.0
STAT,0003E218,ImpPillarBroken03,2,2,-52804,-8344,589,0.0
STAT,000351CD,CrabCarapaceClaw01,2,1,-58901,-13984,271,0.0
AMMO,000CAB52,dunArcherPracticeArrow,2,1,-26588,-104555,996,0.0
BOOK,0001AFE9,SkillConjuration3,2,2,-13965,-90402,25520,0.0
STAT,0001FCF4,Tombstone03,2,1,-32180,-66581,116,0.0
ACTI,000A2BED,MineOreCorundum01,2,2,-9734,-66290,7888,0.0
STAT,000533CF,StockadeBridgeExtraExtraLong01,2,1,-13406,-79929,727,0.0
STAT,00039DFB,NorDragonStatueBend01,2,1,-1432,-43333,982,0.0
STAT,00000066,FurnitureMarker03Lean,2,1,-19461,-62058,385,0.0
STAT,0003BC3A,NorRubblePile08,2,2,-31751,-20497,963,0.0
STAT,000A4554,RockPileL01TundraRocksSnow,2,2,-12136,-25892,1601,0.0
STAT,000C2D47,DoNotPlaceSmallCritterLandingMarkerHelper,2,1,-31319,-24922,321,0.0
CONT,0010E05E,dunTreasMapTreasChestSpecial,1,1,-98614,80983,0,0.0
CONT,000F4A19,dunTreasMapDBridgeSatchel,1,1,-98803,75870,0,0.0
ACTI,0010D025,MineOreIron02_LDirt02,1,1,-44251,-55760,0,0.0
TXST,000F0155,DecalBloodSprayGroundTiny,1,1,-43776,-55998,0,0.0
CONT,0010FBF6,MS12bBriarHeartStorage,1,1,-120441,26456,0,0.0
MSTT,000FFF43,MGMagicFirePillar01,1,1,116384,111648,0,0.0
MSTT,0010D99F,MG07CollegeBarrierBridgeBlizzard,1,1,113629,108472,0,0.0
ACTI,000EF53D,defaultActivateLinkedChest,1,1,-4894,-8147,0,0.0
ARMO,00061CCA,ArmorDragonPriestMaskWoodHelmet,1,1,-18580,43504,0,0.0
STAT,0010C4C7,INV_SkyrimCloudDistant02_O_25,1,1,11970,-36714,0,0.0
BOOK,00068253,dunSteamcragCampNote,1,1,145790,-11463,0,0.0
FURN,0010BFE3,CraftingCookingPotInvisible,1,1,-145203,39522,0,0.0
ACTI,00056619,MS04QuestStart,1,1,168715,-96508,0,0.0
ACTI,00059A99,TG05LockedDoorPiece,1,1,145499,72032,0,0.0
LIGH,000C1D01,DefaultTorch01NS_Saturate,1,1,78219,25014,0,0.0
ACTI,00108B01,Water2048x1024RiverFlowSE,1,1,88933,-12882,0,0.0
ACTI,00108AFD,Water2048RiverFlowNE,1,1,88591,-14930,0,0.0
ACTI,00108574,DA09ReplaceGemTrigger,1,1,-93821,98788,0,0.0
MSTT,00107260,FXShrineofBoethiaOrb,1,1,163689,26026,0,0.0
FURN,00105291,WallCornerPeekL,1,1,14960,-82863,0,0.0
DOOR,0004DFD9,ImpDoorExtSingleSmall01,1,1,14938,-82688,0,0.0
STAT,00033DCC,ShrineOfBoethiah,1,1,163614,25960,0,0.0
TXST,00068536,ShadowMarkEmptyStone01,1,1,140715,35746,0,0.0
TXST,00069811,ShadowMarkFenceWood01,1,1,30981,-18261,0,0.0
TXST,00069813,ShadowMarkLootWood01,1,1,30980,-18248,0,0.0
FURN,0004F007,IceWraithHAMarker01,1,1,60914,-57043,0,0.0
DOOR,00031895,NorDoorSm02Flipped,1,1,-128621,93607,0,0.0
BOOK,00083B01,dunNeugradBanditJournal,1,1,35007,-92120,0,0.0
BOOK,000DD99C,dunPOITundraThalmorNote,1,1,52253,4757,0,0.0
BOOK,000D120C,POIFallForestRyanTrollNote,1,1,83333,-51916,0,0.0
BOOK,00097803,dunPOIPineForest21Note,1,1,-3084,-68051,0,0.0
ACTI,0007F8E1,TGCrownGemActivator,1,1,-181944,-19181,0,0.0
DOOR,00097BE6,SDoorFrontGate,1,1,-65882,104334,0,0.0
BOOK,000DD125,dunPOIChillwindJournal2,1,1,-91727,67438,0,0.0
BOOK,000F33D3,dunTreasMapDragonBridge,1,1,153133,86738,0,0.0
BOOK,000F33CE,dunTreasMapValtheim,1,1,132205,79332,0,0.0
BOOK,000F33D0,dunTreasMapKorvanjund,1,1,2162,40770,0,0.0
BOOK,000F33CD,dunTreasMapBrokenHelm,1,1,92130,-15288,0,0.0
BOOK,000F33D2,dunTreasMapFortNeugrad,1,1,33412,-93807,0,0.0
BOOK,000F33CF,dunTreasMapSolLightHouse,1,1,121679,7096,0,0.0
BOOK,000F33D4,dunTreasMapLostValleyRedoubt,1,1,-25689,-105621,0,0.0
BOOK,000EF07A,dunTreasMapRiverwood,1,1,3196,-66334,0,0.0
TACT,000EB4FE,DA05HircineSpiritTalkingActivator,1,1,-10371,-84268,0,0.0
DOOR,0003C30A,NorDoorMediumLoad01,1,1,-16065,42631,0,0.0
ACTI,000EC1B0,NHSecEntrance01,1,1,173793,-108022,0,0.0
BOOK,000F33D5,dunTreasMapGallowsRock,1,1,162908,38304,0,0.0
MSTT,000B947C,FXSwirlsLgVol,1,1,-39592,-18234,0,0.0
IDLM,000EB5C5,WritingLedgerIdleMarker,1,1,14883,-81546,0,0.0
ACTI,000B5CB2,NorLabyrinthianActivatedDoor01,1,1,-23574,40679,0,0.0
ACTI,000F25DA,MQ206ThroatoftheWorldTrigger,1,1,56057,-48527,0,0.0
BOOK,00085FE2,dunFolgunthurJournal1,1,1,-49546,90265,0,0.0
DOOR,000BECDD,FarmhouseDoorMinimalUse01,1,1,-27896,-88065,0,0.0
IDLM,000D2C2D,GerdurTableIdleMarker,1,1,19953,-43010,0,0.0
MSTT,0004C45E,DA09MeridiaStatueFX,1,1,-93779,98670,0,0.0
FURN,0008CDE7,CreatureSitMarker03,1,1,139107,-26901,0,0.0
DOOR,000E9E08,FarmBTrapdoor02,1,1,73424,48362,0,0.0
DOOR,00049B02,RiftenRWPortholeDoor01,1,1,115448,141098,0,0.0
CONT,00099D87,HHChest01,1,1,51551,-36096,0,0.0
CONT,000AF265,FFI02ReydaSatchel,1,1,79566,-66915,0,0.0
FURN,000FBA5F,MQ206_FelldirRitual,1,1,56338,-48327,0,0.0
CONT,000C04C0,FVDStrongbox,1,1,163161,-94260,0,0.0
TACT,000AC9AC,DA07VoiceofDagon,1,1,-740,51612,0,0.0
STAT,000BA1BA,DA07AltarofMehrunesDagonStatic,1,1,-460,52131,0,0.0
STAT,0009C8D3,WRLODWindowGlow01,1,1,23791,-2986,0,0.0
DOOR,000E74FB,ShipKatariahAnchorWoodhole02,1,1,-47772,108616,0,0.0
CONT,00016ACA,CWQuartermasterChestImperial,1,1,-91861,88292,0,0.0
FURN,000E2407,BedrollHay01LTundra01F,1,1,52528,-16585,0,0.0
CONT,00087900,FFRiften08BrandSheiChest,1,1,138472,107058,0,0.0
IDLM,00097539,TavernDrinkingMarker,1,1,29239,102144,0,0.0
FURN,00083040,DA02Pillar,1,1,163722,25909,0,0.0
FURN,0006CF46,DragonTowerHole01,1,1,15105,-83262,0,0.0
FURN,000C4E54,DragonLayNest,1,1,-140956,48445,0,0.0
IDLM,000E5955,Wounded03IdleMarker,1,1,31332,114100,0,0.0
ACTI,000E0D55,DA03BarbasMeetTrigger,1,1,-37403,-91449,0,0.0
ACTI,00098668,NorPullBar01,1,1,-31979,-24731,0,0.0
DOOR,00068930,NorShaftTrapDoorTriggered,1,1,-31819,-23895,0,0.0
IDLM,00097536,PlayLuteMarker,1,1,-91761,-33124,0,0.0
ACTI,000C8DC4,MS12UnmeltingSnowActivator,1,1,55414,-49999,0,0.0
DOOR,000E74F6,ShipKatariahDoorLoad01,1,1,-48394,107729,0,0.0
DOOR,00098584,ShipKatariahTrapdoor01,1,1,-49224,105932,0,0.0
BOOK,000C2987,dunRedEagleRite,1,1,-120339,26454,0,0.0
FURN,000267D3,NorThroneShadow,1,1,-119632,26524,0,0.0
CONT,000AC9CE,MerchantFilnjarBlacksmithChest,1,1,162553,-61826,0,0.0
ACTI,0005118F,MG01GateStone,1,1,109885,105811,0,0.0
TACT,000A8065,DA13PeryiteApparition,1,1,-145117,39198,0,0.0
ACTI,000F4572,Water1024ShadowmeresPool,1,1,-40976,-83021,0,0.0
ACTI,000622F0,SlighthouseActivator,1,1,-46696,128577,0,0.0
ACTI,0003EA50,DA09QuestTargetHelperTrigger,1,1,-88858,100259,0,0.0
DOOR,00059A97,TG05LockedDoor01,1,1,145499,72032,0,0.0
ACTI,00084CF1,WeaponRackPlaqueACTIVATOR,1,1,-56087,-54649,0,0.0
ACTI,00084CF2,WeaponRackPlaque,1,1,-56087,-54649,0,0.0
IDLM,0006A3E0,DB07ArnbjornInjuredMarker,1,1,31289,113788,0,0.0
FURN,000D6C36,dunLostValleyRedoubtAltar01L,1,1,-92258,-41602,0,0.0
CONT,000ACB6F,MerchantLargashburBlacksmithChest,1,1,134913,-112541,0,0.0
FURN,0002E8EB,ExecutionerChoppingBlock,1,1,15671,-81493,0,0.0
DOOR,0004B484,MineDoor01LoadBare,1,1,15423,20640,0,0.0
CONT,0009E128,MerchantDushnikhYalBlacksmithChest,1,1,-145591,-24292,0,0.0
ACTI,00057FAA,MS08AmbushTrigger,1,1,18491,-10788,0,0.0
CONT,0009DA3F,MerchantDawnstarRustleifsBlacksmithChest,1,1,30592,104320,0,0.0
TACT,000AC9AA,DA01VoiceofAzura,1,1,110640,79342,0,0.0
ACTI,00071269,SimpleLever,1,1,138302,-33908,0,0.0
ACTI,0008CD9D,DA06InitialSceneTrigger,1,1,135991,-109097,0,0.0
ACTI,0006A166,WRDrawBridge01,1,1,18096,-5330,0,0.0
DOOR,000BEC6F,HHSprintGate01,1,1,55530,-34147,0,0.0
ACTI,0010CAC1,Water1024RiverFlowSE,1,1,-138240,62640,0,0.0
DOOR,000B9772,TG03MeaderyMinUseDoor,1,1,32256,-17728,0,0.0
CONT,00078C0D,MerchantRiverwoodAlvorBlacksmithChest,1,1,20471,-45648,0,0.0
ACTI,0006FBEF,TrapPressurePlateDwe01,1,1,78906,25618,0,0.0
ACTI,000709B0,NorWordWallWordStrun,1,1,182067,-115941,0,0.0
ACTI,00070985,NorWordWallWordBah,1,1,182067,-115941,0,0.0
ACTI,000709A9,NorWordWallWordQo,1,1,182067,-115941,0,0.0
DOOR,0010DE06,WinterholdTrapdoor01,1,1,116615,113408,0,0.0
DOOR,0007C914,ImpDoorExtHoleDoorLoadMinUse01,1,1,64384,10678,0,0.0
ACTI,0010AD2F,Water1024CreekFlow,1,1,-80197,26614,0,0.0
DOOR,0005CBBC,ImpWellDoor,1,1,167115,-72609,0,0.0
STAT,00058EDC,TG08AMarkerStone,1,1,172775,-107791,0,0.0
TACT,00025BFA,DBBlackDoorActivator,1,1,-42175,-83965,0,0.0
ACTI,0004E4D5,DA09MeridiaStatue,1,1,-93779,98670,0,0.0
ACTI,0004D90E,DA02ShrineApproachTrigger,1,1,162547,26525,0,0.0
DOOR,001092A9,WinterholdGate01,1,1,114904,110169,0,0.0
DOOR,0010C62A,ImpWoodDoorCaveLoad01,1,1,173771,-107853,0,0.0
DOOR,0004E300,ImpDoorExtHoleDoor01,1,1,145173,-91250,0,0.0
ACTI,000430A4,MQ206TimeWound,1,1,56044,-47760,0,0.0
TACT,00019516,DBBlackDoorDawnstarActivator,1,1,31559,113673,0,0.0
IDLM,000AD7B3,MS14LaeletteAtGrave,1,1,-43431,64037,0,0.0
STAT,00078DC0,XMarkerSnow,1,1,158621,4755,0,0.0
DOOR,00050973,WRDoorMainGate01,1,1,19312,-7424,0,0.0
DOOR,00107F04,WinterholdLDoor02,1,1,117256,112520,0,0.0
ACTI,000709B9,NorWordWallWordWuld,1,1,-138759,93332,0,0.0
ACTI,000709A3,NorWordWallWordNah,1,1,-138759,93332,0,0.0
ACTI,00070997,NorWordWallWordKest,1,1,-138759,93332,0,0.0
ACTI,0007099D,NorWordWallWordIiz,1,1,94912,64899,0,0.0
ACTI,000709AF,NorWordWallWordSlen,1,1,94912,64899,0,0.0
ACTI,000709A6,NorWordWallWordNus,1,1,94912,64899,0,0.0
ACTI,000709B6,NorWordWallWordViik,1,1,-41624,34895,0,0.0
ACTI,00070992,NorWordWallWordHaal,1,1,-41624,34895,0,0.0
ACTI,000709BF,NorWordWallWordZun,1,1,-41624,34895,0,0.0
ACTI,000FF56B,NorWordWallWordGutMeyZul,1,1,67941,19855,0,0.0
ACTI,000709A4,NorWordWallWordNir,1,1,151003,-54467,0,0.0
ACTI,000709BA,NorWordWallWordYah,1,1,151003,-54467,0,0.0
ACTI,0007099C,NorWordWallWordLaas,1,1,151003,-54467,0,0.0
ACTI,00070983,NorWordWallWordAus,1,1,82626,-101531,0,0.0
ACTI,00060BAF,NorWordWallWordLun,1,1,82626,-101531,0,0.0
ACTI,0007099B,NorWordWallWordKrii,1,1,82626,-101531,0,0.0
ACTI,00070990,NorWordWallWordGron,1,1,-92265,-41711,0,0.0
ACTI,000709BD,NorWordWallWordZii,1,1,-92265,-41711,0,0.0
ACTI,00070984,NorWordWallWordFeim,1,1,-92265,-41711,0,0.0
STAT,00030423,CW3MissileWideAttacker,1,1,31215,63256,0,0.0
CONT,0009E46D,MerchantMorKhazgurBlacksmithChest,1,1,-152009,79910,0,0.0
FURN,0010ACAA,HadvarWriteLedger,1,1,14680,-81711,0,0.0
CONT,0007434B,MerchantCaravanAChest,1,1,-69596,101529,0,0.0
CONT,0007434D,MerchantCaravanBChest,1,1,-160443,4090,0,0.0
CONT,0007434E,MerchantCaravanCChest,1,1,35696,104056,0,0.0
MSTT,000B945E,FXMistLowSwirls01,1,1,-39614,-18272,0,0.0
IDLM,0010082E,SearchingTableandChestIdleMarker,1,1,14651,-83209,0,0.0
STAT,0010C4B6,INV_SkyrimCloudDistant05_O,1,1,75265,2679,0,0.0
STAT,000273D4,SkyrimCloudShape02_25,1,1,-101941,-30877,0,0.0
STAT,0010C490,INV_SkyrimCloudShape05_O_50,1,1,61610,4158,0,0.0
STAT,0010C496,INV_SkyrimCloudShape04_O_50,1,1,98664,-30509,0,0.0
STAT,0010C4A8,INV_SkyrimCloudShape01_O_50,1,1,64889,54911,0,0.0
STAT,00027289,SkyrimCloudShape06_O_50,1,1,-99999,79350,0,0.0
STAT,000273F5,SkyrimCloudDistant06_O_50,1,1,169006,-128828,0,0.0
STAT,000274A6,SkyrimCloudDistant01_O_25,1,1,124920,-117213,0,0.0
STAT,000273FA,SkyrimCloudDistant06_O_25,1,1,140104,-114978,0,0.0
STAT,0010C4A3,INV_SkyrimCloudShape02_O_25,1,1,177753,-131993,0,0.0
STAT,0002746E,SkyrimCloudDistant03_O_25,1,1,186421,-46761,0,0.0
STAT,000274B7,SkyrimCloudDistant01_25,1,1,201541,-90642,0,0.0
STAT,0010C4B8,INV_SkyrimCloudDistant05_25,1,1,202379,-87109,0,0.0
STAT,0002740C,SkyrimCloudDistant06_25,1,1,230342,-129224,0,0.0
STAT,0010C4BB,INV_SkyrimCloudDistant04_O_25,1,1,-29503,-102489,0,0.0
STAT,0010C4CA,INV_SkyrimCloudDistant02_25,1,1,-76790,-37833,0,0.0
STAT,0010C4AE,INV_SkyrimCloudDistant06_O_50,1,1,58449,-34776,0,0.0
STAT,0010C4BA,INV_SkyrimCloudDistant04_O_50,1,1,50361,-30118,0,0.0
STAT,000C2B13,NorDwelling03ExtCourtBSnowLight,1,1,10081,31436,0,0.0
STAT,0003132F,TundraPond01,1,1,25263,26207,0,0.0
STAT,000F48E9,StockadeScaffoldBridge03,1,1,15278,18876,0,0.0
MSTT,000D2027,CityBannerWhiterun03,1,1,32098,13335,0,0.0
STAT,0003CDF2,WRWallTotem01,1,1,31489,13824,0,0.0
STAT,0008278C,WRBrazierBowl01,1,1,31345,14017,0,0.0
STAT,000DCD68,WRWallStr01Stockades02,1,1,31845,12803,0,0.0
STAT,00090D17,WRGuardHouse01Arch01,1,1,31415,13696,0,0.0
ACTI,0010D08F,MineOreSilver02_LTundraRocks,1,1,32261,7743,0,0.0
ACTI,0010D05A,MineOreGold04_LTundraRocks,1,1,32231,4128,0,0.0
ACTI,0010D06D,MineOreMoonstone03_LRocks,1,1,2106,24558,0,0.0
ACTI,0010D067,MineOreMoonstone01_LRocks,1,1,1932,24546,0,0.0
BOOK,00063A0F,dunSilentMoonsLunarBook,1,1,3846,17369,0,0.0
ALCH,0003EB09,FortifyHealRate01,1,1,3612,12666,0,0.0
ALCH,0003EAF4,FortifyHealth02,1,1,3630,12668,0,0.0
ALCH,0003EAE4,RestoreMagicka04,1,1,2998,13089,0,0.0
ACTI,0010D08C,MineOreSilver01_LTundraRocks,1,1,3131,9983,0,0.0
STAT,0005A08D,WRCastleStoneTower01Porch,1,1,29218,2639,0,0.0
STAT,00056ABE,WRCastleStoneTower01,1,1,29218,2639,0,0.0
STAT,000E7B04,WRCloudDistrictTerrainLOD,1,1,28160,1568,0,0.0
STAT,0008FC40,WRCastleMainBuilding01LOD,1,1,28313,1734,0,0.0
STAT,0008FC43,WRCastleBridge01LOD,1,1,26783,153,0,0.0
BOOK,000DD998,dunPOISmugglersDenNote,1,1,21980,3882,0,0.0
STAT,000F5721,ImpWoodbeam02Light_SN,1,1,29374,63209,0,0.0
STAT,0007184A,ImpStableEnd01Snow,1,1,28683,62704,0,0.0
STAT,0003E229,ImpWoodbeam03,1,1,27416,62702,0,0.0
STAT,0006F765,ImpExtIceBldgICorner02,1,1,28316,60345,0,0.0
ACTI,000D2336,DoomstoneLord,1,1,5508,56411,0,0.0
STAT,000F1FA2,RockAnimalDenDirt01_LightSN,1,1,31782,51015,0,0.0
STAT,000A4DC7,RockPileL02SnowRocks01,1,1,30185,45121,0,0.0
FURN,0006E7AE,DweFurnitureChair01R,1,1,26287,45532,0,0.0
FURN,0006E7AD,DweFurnitureChair01L,1,1,26270,45691,0,0.0
MISC,00027F15,DwarvenHighPlate01,1,1,26267,45627,0,0.0
MISC,000C8864,DwarvenPlateMetalLarge,1,1,26338,45624,0,0.0
ARMO,000877C9,JewelryRingGoldDiamond,1,1,2442,35071,0,0.0
STAT,000CD781,StatueDibellaSnow,1,1,29956,85796,0,0.0
MISC,0008632C,Glazed02Jug01,1,1,30051,85714,0,0.0
MISC,000B9BDA,GlazedGoblet01,1,1,30089,85805,0,0.0
BOOK,00088FE8,dunMzinchaleftWorkOrder,1,1,7445,84409,0,0.0
STAT,0006DD5D,DweFacadeBridgeRampCCW01Snow,1,1,6267,85963,0,0.0
STAT,0006DD5E,DweFacadeBridgeRampCW01Snow,1,1,5028,84600,0,0.0
ACTI,000956BA,defaultForceEvaluatePackageTrigger,1,1,10123,72927,0,0.0
SOUN,00097618,AMBDarkBrotherhoodDoorLP,1,1,31608,113586,0,0.0
ACTI,00064E76,DawnstarSancOutsideDoorTrig,1,1,31529,113738,0,0.0
ACTI,00064E74,DBDawnstarSancExteriorTrig,1,1,31490,113674,0,0.0
WEAP,0007A91A,Scimitar,1,1,6823,108116,0,0.0
ARMO,00086993,ClothesFineBoots01,1,1,6822,108146,0,0.0
STAT,0001C571,Walkway02,1,1,28546,105896,0,0.0
MSTT,001074B8,SignDawnstarWindpeakInn,1,1,29236,102330,0,0.0
BOOK,0001AFEE,SkillDestruction3,1,1,11053,101689,0,0.0
STAT,000F2033,FishRack01Light_SN,1,1,11151,101740,0,0.0
ACTI,0010D026,MineOreIron03_LDirt02,1,1,858,115708,0,0.0
STAT,00013BF1,NorHallBg1wayEndCap01,1,1,56336,31691,0,0.0
STAT,00020940,NorHallBg1wayEndExBg01,1,1,56147,32167,0,0.0
STAT,0002A5FA,NorRmSmWallSideExBg01,1,1,56100,32286,0,0.0
STAT,00013F88,NorRmSmWallSideExSm01,1,1,55912,32762,0,0.0
ACTI,0010D08A,MineOreQuicksilver04_LTundraRocks,1,1,43470,9223,0,0.0
MISC,00098624,SilverPlate01,1,1,52707,8081,0,0.0
ACTI,0010D086,MineOreQuicksilver03_LTundraRocks,1,1,43593,6402,0,0.0
STAT,0003E215,ImpLRoomPillar05,1,1,32843,4417,0,0.0
STAT,000A08B3,NorRmSmFloorRaised02Snow,1,1,59173,55182,0,0.0
LIGH,0002EDF5,BleakFallsTorchlight01NS,1,1,59439,54975,0,0.0
STAT,000D8DAA,RoadSignDawnstar01R,1,1,55806,49540,0,0.0
MISC,000E729E,SteelBattleAxeBrokenTop,1,1,43924,47098,0,0.0
MISC,000E72A0,SteelBattleAxeBrokenHandle,1,1,43916,47044,0,0.0
FLOR,000F675F,FloraMushroom06SmallDirt01,1,1,58748,43661,0,0.0
STAT,00042877,FXSnowDriftFlatHalf01,1,1,55868,32879,0,0.0
STAT,000D0B5E,WHIntWoodLadder01_snow,1,1,64656,89336,0,0.0
DOOR,000A56FF,RiftenDoor02,1,1,63907,89622,0,0.0
ALCH,0003A5A4,DamageHealth01,1,1,64300,88578,0,0.0
FURN,000752B9,BedrollHay01LSnow01L,1,1,35231,83770,0,0.0
STAT,000CC767,RockPileL01Dirt01,1,1,38827,78498,0,0.0
STAT,000C6899,ImpExtBlocks02SnowLight,1,1,54454,71595,0,0.0
STAT,000C689A,ImpExtBlocks03SnowLight,1,1,53430,71836,0,0.0
STAT,0005D6E8,ImpChandellierNoCandle01,1,1,53690,70756,0,0.0
STAT,000C689B,ImpExtBlocks04SnowLight,1,1,43046,72561,0,0.0
ACTI,0010DAED,MineOreGold04_LCoastBeach,1,1,63990,123630,0,0.0
SLGM,0002E4E5,SoulGemLesserFilled,1,1,51721,122089,0,0.0
ARMO,000C891B,ReligiousMaraLove,1,1,38748,112905,0,0.0
STAT,0007526B,SlighthouseFire01,1,1,34483,111326,0,0.0
STAT,000EF696,RockPileL03WetDirt01,1,1,63842,110071,0,0.0
CONT,000EF5F6,POIYisraBurnt,1,1,60765,104202,0,0.0
BOOK,000A2703,SpellTomeFlameCloak,1,1,60787,104300,0,0.0
STAT,000EE32A,RockCliffMineEntrance02Dirt01Snow,1,1,36034,103337,0,0.0
WEAP,000461DA,CrGiantClub,1,1,67796,29536,0,0.0
STAT,00100098,DweFacadeTowerArch1x3Snow,1,1,89666,28051,0,0.0
STAT,000B2D2C,DweDoorLarge01STATIC,1,1,80443,26833,0,0.0
STAT,000F540B,DweFacadeTower2x3Snow,1,1,78688,26157,0,0.0
STAT,00076608,DwePlatBgStairMid01Snow,1,1,79885,27830,0,0.0
STAT,000B7CA2,DwePlatWallStair01Snow,1,1,79517,26624,0,0.0
STAT,000B7C9F,DwePlatMid01Snow,1,1,79324,26792,0,0.0
STAT,0002A34B,StockadeWoodbeam02Light_SN,1,1,80092,28084,0,0.0
STAT,00083ADC,NorTentSmallLightSnow,1,1,77297,24648,0,0.0
STAT,000F540C,DweFacadeTower2x2Snow,1,1,75484,25366,0,0.0
STAT,0006DD57,DweFacadeBalconyCap01Snow,1,1,77154,26089,0,0.0
STAT,000FF8F1,DweFacadeTowerPTSnow,1,1,76219,24750,0,0.0
MISC,000C886A,DwarvenScrapMetal,1,1,86200,16512,0,0.0
MISC,00027F06,DwarvenHighBowl02,1,1,86159,16552,0,0.0
STAT,0010D2CE,DweClutterPedestal02_Snow,1,1,86088,16561,0,0.0
STAT,000EB34A,DweFacadeHallSm4way01SnowLight,1,1,85983,18593,0,0.0
STAT,00092B21,DwePtnWall01A,1,1,87749,15352,0,0.0
STAT,000F540E,DweFacadeTower2x4Snow,1,1,87391,15391,0,0.0
ACTI,0010D01D,MineOreCorundum02_LDirt02,1,1,96016,2513,0,0.0
BOOK,0001AFC3,Book0MysteryOfTalaraV1,1,1,74656,1160,0,0.0
BOOK,0001AF8F,Book2ReligiousSongofPelinalV6,1,1,74653,1145,0,0.0
BOOK,0001AFC1,Book0DanceInFireV4,1,1,74659,1167,0,0.0
BOOK,0001AF90,Book2ReligiousSongofPelinalV7,1,1,74660,1170,0,0.0
BOOK,0001ACD4,Book2CommonMysteriousAkavir,1,1,74661,1198,0,0.0
STAT,000F71E9,Tombstone02Light_SN,1,1,76259,63248,0,0.0
STAT,000F71E8,Tombstone03Light_SN,1,1,76258,62881,0,0.0
MISC,000F6767,dunWaywardPassSkull01,1,1,76220,63134,0,0.0
ARMO,000CC848,ReligiousArkayLifeDeath,1,1,76197,63188,0,0.0
IDLM,000E8644,WarmHandsStandIdleMarker,1,1,70998,57467,0,0.0
ACTI,00067057,dunIronbindGoAheadTRIG,1,1,71695,57727,0,0.0
STAT,000A0718,NorHallExSmExtension01Snow,1,1,94419,53635,0,0.0
FLOR,000DB6BC,FloraMushroom02Dirt01,1,1,87600,50779,0,0.0
MSTT,001074BA,SignDawnstarNightgateInn,1,1,73889,47000,0,0.0
CONT,0009E48E,MerchantHeljarchenBlacksmithChest,1,1,71116,46106,0,0.0
STAT,000F693A,FrozenMarshIceLandBrokenL01Skirt,1,1,83474,42339,0,0.0
BOOK,0001AFD8,SkillTwoHanded1,1,1,80417,96799,0,0.0
ALCH,0003EB32,FortifySkillBlock01,1,1,80396,96814,0,0.0
WEAP,00013987,SteelGreatsword,1,1,80399,96870,0,0.0
STAT,000F1FEA,NorTmpExtPlatStairMid02Heavy_SN,1,1,80533,96931,0,0.0
STAT,00065CB5,NorBridgeRmBgWallFrontExSm02_HeavySN,1,1,92043,91981,0,0.0
STAT,00065CBF,NorBridgeMid04_HeavySN,1,1,92853,91759,0,0.0
STAT,00065CB3,NorBridgeMid03_HeavySN,1,1,92474,91838,0,0.0
STAT,0001600C,NorRmBgWallSide01,1,1,92246,92263,0,0.0
STAT,000F9998,CommonTableSquare01Light_SN,1,1,92672,91448,0,0.0
STAT,000F3E54,StockadeScaffoldBridge02Light_SN,1,1,93999,90875,0,0.0
STAT,000F3E30,StockadeScaffoldBridge01_LightSN,1,1,92736,91040,0,0.0
STAT,000F630B,StockadeWoodplanks02Light_SN,1,1,91530,90887,0,0.0
STAT,000DC851,DweFacadeTowerRoof02SnowHeavy,1,1,80623,84269,0,0.0
BOOK,0008ACD1,dunAlftandManifestJournal01,1,1,79608,78668,0,0.0
STAT,000F7571,HandCart02Heavy_SN,1,1,79432,77914,0,0.0
STAT,00071831,ShackRoofMid04Snow,1,1,79463,78564,0,0.0
STAT,000FF8F2,DweFacadeTowerTPSnow,1,1,76009,78680,0,0.0
STAT,000FF8EF,DweFacadeTowerArchAPSnow,1,1,75982,78972,0,0.0
CONT,00042746,TreasBurntCorpse02,1,1,94659,67142,0,0.0
STAT,000C531E,RockAnimalDenCoastOceanFloor01,1,1,80483,119872,0,0.0
STAT,0002FFFB,ShipwreckLarge01,1,1,83520,118074,0,0.0
BOOK,0001AFFA,SkillHeavyArmor5,1,1,72114,110753,0,0.0
ACTI,000587D4,PortGatePole05,1,1,72109,110704,0,0.0
BOOK,0001AFE3,SkillOneHanded1,1,1,89684,109961,0,0.0
ACTI,000DDEF8,dunMiddenVelehkChestTRIG,1,1,89290,108995,0,0.0
MISC,00098627,SilverBowl02,1,1,89236,109012,0,0.0
ARMO,000877CA,JewelryRingGoldEmerald,1,1,89240,109006,0,0.0
ARMO,000CC846,ReligiousTalosMankind,1,1,89235,109022,0,0.0
BOOK,000BB3D3,dunShipwreck04TriusNote,1,1,84010,109730,0,0.0
STAT,0005C020,PeltFarmWall03,1,1,84119,109828,0,0.0
ACTI,000D2338,DoomstoneTower,1,1,71753,106134,0,0.0
STAT,00025265,RockCliff08SnowRocks01,1,1,114973,31832,0,0.0
STAT,000982D6,RuinsSconceBaseSnow,1,1,128790,24544,0,0.0
BOOK,000ED04D,Book2ReligiousTalosWorship,1,1,128802,24520,0,0.0
STAT,000C9B60,ImpExtIceBldgSecondCorner04_NoIce,1,1,119104,21760,0,0.0
ARMO,000A6D7D,ArmorStormcloakGauntlets,1,1,109985,20795,0,0.0
ARMO,000A6D79,ArmorStormcloakHelmetFull,1,1,110018,20556,0,0.0
STAT,000C9B54,ImpExtIceTowerShort01_NoIce,1,1,117894,19392,0,0.0
STAT,000F491C,Campfire01LandOffRocks01,1,1,103508,19424,0,0.0
ARMO,0006C1D8,ClothesFarmClothesVariant04,1,1,121593,7188,0,0.0
BOOK,000E7EF0,Book2CommonPirateKing,1,1,121712,6760,0,0.0
STAT,00090725,RockPileL04VolcanicDirt01,1,1,119628,3299,0,0.0
STAT,000B7A49,ImpRubblePileCeilingSmall01snow,1,1,111104,53820,0,0.0
STAT,000B7A47,ImpRubblePiece02snow,1,1,113383,55822,0,0.0
STAT,0005EA3C,RuinsAltarSnow,1,1,111262,51183,0,0.0
INGR,00023D6F,BirdEgg02,1,1,111276,51155,0,0.0
SCRL,0009659F,ConjureFamiliarScroll,1,1,111259,51099,0,0.0
STAT,00019845,DirtCliffsCornerIn01Snow01,1,1,110439,52973,0,0.0
STAT,0009A322,WHinnerbeam01,1,1,130671,42401,0,0.0
STAT,00080CDD,WHValunstradLOD02,1,1,130597,39806,0,0.0
STAT,0008718D,Whouterwall2,1,1,128830,38176,0,0.0
STAT,000DF0E3,WHprisonwall04,1,1,130016,35632,0,0.0
STAT,0009513F,WHouterwallC1,1,1,129408,34944,0,0.0
WEAP,000ECD53,POIMageRundisDagger,1,1,124080,96984,0,0.0
MISC,000E42E1,SilverCandleStick03Off,1,1,124126,97007,0,0.0
STAT,00086015,SilverCandleStick03,1,1,124077,97048,0,0.0
MISC,00098626,SilverBowl01,1,1,124095,97011,0,0.0
INGR,0003AD5F,FrostSalts,1,1,124072,97022,0,0.0
INGR,0003AD6A,IceWraithTeeth,1,1,124083,96993,0,0.0
STAT,00033DCA,ShrineOfAzura01,1,1,110514,79564,0,0.0
STAT,000A2FEC,FalmerTentLargeSnow,1,1,100346,79085,0,0.0
STAT,000B9F5D,FalmerFence01,1,1,99996,78332,0,0.0
STAT,000B9F5F,FalmerFence03,1,1,100203,78329,0,0.0
BOOK,0001AFE7,SkillConjuration1,1,1,99195,76358,0,0.0
STAT,00074E7A,DweClutterArchLarge01SnowLight,1,1,99091,76335,0,0.0
STAT,00074DAC,DweCivWarWallEndpost01Snow,1,1,99112,75294,0,0.0
STAT,00074D9F,DweFacadeTowerBase01Snow,1,1,99111,75307,0,0.0
STAT,00074D1D,DwePlatCorOut01SnowLight,1,1,98750,75427,0,0.0
STAT,00074CDE,DweShaftRmLgBot01LightSnow,1,1,99131,76248,0,0.0
SCRL,000965A1,FuryScroll,1,1,99573,128589,0,0.0
STAT,000F5BDD,MetalCageLongSingle01Snow,1,1,99864,128969,0,0.0
BOOK,0001B012,SkillIllusion4,1,1,122177,121531,0,0.0
MSTT,00016442,FXMistLow02Adjust,1,1,121925,121249,0,0.0
STAT,0003A209,NorRmSmWallSideDam02,1,1,122002,121670,0,0.0
ACTI,00079B2D,MG02AmuletTrigger,1,1,116541,111675,0,0.0
STAT,00108BC6,WinterholdExtTowerRingBase,1,1,116384,111648,0,0.0
STAT,00106C9D,WinterholdSpire,1,1,116361,111625,0,0.0
STAT,001060C9,WinterholdExtCenter01,1,1,116384,111648,0,0.0
STAT,000D068D,MageStatue,1,1,116569,111841,0,0.0
STAT,000344B7,CaveISFloor01,1,1,115019,112282,0,0.0
STAT,00105568,WinterholdExtEntRing01,1,1,116384,111648,0,0.0
STAT,00105569,WinterholdExtTower01,1,1,116384,111648,0,0.0
ACTI,00099F79,MGRitualSummonTrigger,1,1,113713,111643,0,0.0
STAT,0010E9E6,NorExtRubblePiece02,1,1,117247,106847,0,0.0
STAT,0010E9E9,NorExtRubblePiece05,1,1,115590,107404,0,0.0
ACTI,000596FD,MG08CollegeTrigger1,1,1,115199,110451,0,0.0
ACTI,0001BBD0,MGDoorOpenTrigger,1,1,114949,110218,0,0.0
STAT,0010E9EB,NorExtRubblePiece03_HeavySN,1,1,115307,108913,0,0.0
LIGH,000D9DAD,MGEyeCollegeLight01,1,1,113607,108847,0,0.0
STAT,00106E5C,WinterholdExtBridge01,1,1,111813,107077,0,0.0
STAT,0010E9E5,NorExtRubblePiece04,1,1,116193,106380,0,0.0
STAT,000DAEE3,Farmhouse05Destroyed01Snow,1,1,112073,103171,0,0.0
ACTI,00037A5F,MG01AtronachTrigger,1,1,109824,105695,0,0.0
STAT,000DAEE0,Farmhouse06Destroyed02Snow,1,1,111215,100381,0,0.0
MSTT,0010EAC4,SignFrozenHearth01,1,1,110083,101371,0,0.0
SOUN,000E32A1,AMBDungeonIceWindRadius2DLP,1,1,115454,141022,0,0.0
MSTT,000D201A,GenericBannerBlue02,1,1,32013,-106461,0,0.0
MSTT,000D2019,GenericBannerBlue01,1,1,31774,-106427,0,0.0
STAT,00091A02,WalkwayCWallGate01Snow,1,1,27730,-116227,0,0.0
STAT,00097830,RuinsShelfSmallFullSnow,1,1,20774,-69840,0,0.0
STAT,0009782F,RuinsShelfLargeHalfSnow,1,1,20609,-70058,0,0.0
STAT,000C1DBF,ImpExtIceBldgMid02_NoIce,1,1,16562,-77697,0,0.0
STAT,000C1DC6,ImpExtIceBldgCorner02_NoIce,1,1,15810,-76300,0,0.0
STAT,000C9B5F,ImpExtIceTower01_NoIce,1,1,15568,-77318,0,0.0
SOUN,0010E2E6,QSTE3TowerHoleMonoCACHE,1,1,16404,-81256,0,0.0
STAT,000C1DBD,ImpExtIceBridge01_NoIce,1,1,17516,-78338,0,0.0
STAT,00026908,WalkwayRamp01,1,1,18602,-80751,0,0.0
AMMO,00020DDF,CWArrow,1,1,17278,-79898,0,0.0
SOUN,0010E2E7,QSTE3TowerHoleStereoCACHE,1,1,16380,-81230,0,0.0
MSTT,000D2047,CivilWarBannerImpBurnt04,1,1,15675,-81880,0,0.0
MSTT,000D2044,CivilWarBannerImpBurnt01,1,1,15836,-80633,0,0.0
STAT,0010912F,ImpExtHelgenWallDivider01NOLOD,1,1,15734,-80340,0,0.0
STAT,000C1DC0,ImpExtIceBldgMid03_NoIce,1,1,15578,-77978,0,0.0
STAT,000C1DC8,ImpExtIceBldgCorner04_NoIce,1,1,14052,-79465,0,0.0
STAT,000C1DC5,ImpExtIceBldgCorner01_NoIce,1,1,15529,-79043,0,0.0
STAT,000C1DCB,ImpExtIceBldgICorner03_NoIce,1,1,15247,-78059,0,0.0
STAT,00099D35,SkeeverNestScatter02,1,1,15528,-81628,0,0.0
BOOK,0001B003,SkillLightArmor4,1,1,4240,-78883,0,0.0
FURN,00105299,WallCornerPeekR,1,1,14796,-82774,0,0.0
STAT,00108CF2,FarmInnDestroyed02,1,1,16257,-83652,0,0.0
STAT,000C1D50,ImpExtIceTowerShellBase01_NoIce,1,1,14712,-83122,0,0.0
STAT,000C1DBC,ImpExtIceTowerShellDoor03_NoIce,1,1,14712,-83122,0,0.0
STAT,000C1DBB,ImpExtIceTowerShellStairs01_NoIce,1,1,14712,-83122,0,0.0
STAT,000E41DC,BurntRubbleNoDirt07,1,1,16211,-83416,0,0.0
STAT,000E41DB,BurntRubbleNoDirt06,1,1,16139,-83676,0,0.0
ARMO,00020159,CWDummyCuirassSons,1,1,32347,-92492,0,0.0
STAT,0007182C,ShackRoofCorner01Snow,1,1,32416,-93055,0,0.0
STAT,00071838,ShackWall02Snow,1,1,32032,-92799,0,0.0
STAT,00071842,ShackWallTopWindow01Snow,1,1,32159,-92543,0,0.0
STAT,00071830,ShackRoofMid03Snow,1,1,32160,-92799,0,0.0
STAT,0007182E,ShackRoofMid01Snow,1,1,32159,-92543,0,0.0
MSTT,000D200C,GenericBannerGreen01,1,1,30934,-90345,0,0.0
ACTI,0010FDE2,ChargenFxTrigger,1,1,22800,-94329,0,0.0
ARMO,000C5D11,ClothesWarlockRobes,1,1,3202,-66487,0,0.0
BOOK,0001AFE4,SkillOneHanded4,1,1,3159,-65732,0,0.0
MSTT,0001643B,FXSmokeWispsLg2x1Adjust,1,1,2560,-78656,0,0.0
STAT,00046186,DirtCliffsCornerIn01Dirt02,1,1,20485,-33942,0,0.0
ACTI,0002220C,MothSpawner,1,1,21434,-37114,0,0.0
ASPC,0002F78E,ExtMountainHeavyAcousticSpace,1,1,5027,-39224,0,0.0
MSTT,0003822B,SignRiverwoodSleepingGiantInn01,1,1,22758,-44339,0,0.0
ARMO,00056A9E,ArmorDraugrHelmet,1,1,20498,-44951,0,0.0
STAT,000C0520,WalkwayBend03,1,1,21144,-43654,0,0.0
STAT,000C0524,WalkwayFull03,1,1,21612,-44232,0,0.0
STAT,0004D7BD,WalkwayREnd01,1,1,18545,-42775,0,0.0
IDLM,000CED9B,LockPickIdleMarker,1,1,21948,-45645,0,0.0
MSTT,000B09EA,FXSmokeRiverwoodSmith01,1,1,20542,-45376,0,0.0
ACTI,00054183,MS13RiverwoodTraderExitTrigger,1,1,21919,-45587,0,0.0
MSTT,00038229,SignRiverwoodRiverwoodTrader01,1,1,21739,-45610,0,0.0
STAT,000C0522,WalkwayFull01,1,1,19741,-45917,0,0.0
STAT,00017BB6,FXspiderWebWall01,1,1,19475,-48091,0,0.0
STAT,00066742,RockCliff01FieldGrass02,1,1,11982,-52435,0,0.0
MSTT,000FC592,FXWaterfallSkirtSlopeNoMist,1,1,4332,-55999,0,0.0
STAT,0001EF4A,DirtCliffs03PineForest01,1,1,17005,-59123,0,0.0
STAT,000D8D9B,RoadSignFalkreath01L,1,1,5117,-62934,0,0.0
BOOK,0001AFC6,SkillAlchemy3,1,1,847,-52834,0,0.0
ALCH,000F431E,FoodVegetableSoup,1,1,622,-53005,0,0.0
ARMO,00013921,ArmorLeatherGauntlets,1,1,768,-52682,0,0.0
MISC,00068520,GemEmeraldFlawless,1,1,3661,-54011,0,0.0
STAT,0003AEA5,NorPlatWallStair02,1,1,2789,-59234,0,0.0
ACTI,000D232D,DoomstoneWarrior,1,1,2454,-59142,0,0.0
ACTI,000D232F,DoomstoneThief,1,1,2854,-59492,0,0.0
ACTI,000D232E,DoomstoneMage,1,1,2480,-59477,0,0.0
STAT,0003A1ED,NorVineFloor01,1,1,2603,-59462,0,0.0
STAT,00099F23,WRSkyForge01LOD,1,1,29312,-3744,0,0.0
STAT,0006E9F2,WRWallRuinsFree01Entance01,1,1,32525,-1918,0,0.0
STAT,00099F25,WRWindDistrictTerrainLOD,1,1,24896,-3136,0,0.0
STAT,000941D8,WRHallOftheDead01LOD,1,1,22768,-1600,0,0.0
STAT,000941DA,WRTempleOfK01LOD,1,1,23792,-2976,0,0.0
STAT,000941D7,WRHallOftheDead01BaseLOD,1,1,22768,-1632,0,0.0
STAT,000917D7,WRHouseWind02LOD,1,1,21403,-2623,0,0.0
STAT,00099F1F,WRJorvaskr01LOD,1,1,27865,-4122,0,0.0
STAT,00090C4D,WRHouseBanneredMare01LOD,1,1,26046,-7455,0,0.0
STAT,000E751A,WRPlainsDistrictTerrainLOD,1,1,22659,-7615,0,0.0
STAT,000917E1,WRHouseWind03LOD,1,1,23351,-4630,0,0.0
STAT,000917E2,WRHouseWind04LOD,1,1,21805,-4376,0,0.0
STAT,000917D8,WRHouseWind01LOD,1,1,20604,-4569,0,0.0
STAT,000917D6,WRHouseGreyMane01LOD,1,1,23648,-6608,0,0.0
STAT,000917D5,WRBreezehome01LOD,1,1,21952,-8144,0,0.0
STAT,00090BAE,WRHouse02LOD,1,1,21917,-6626,0,0.0
STAT,000424E6,WRWallGateDrawBridge01,1,1,18112,-5632,0,0.0
STAT,00089FE9,WRWallTowerCap01,1,1,19600,-5168,0,0.0
STAT,00069820,WRWallMainGate01EXT,1,1,19520,-7552,0,0.0
STAT,000684D2,WRScafGuardTower02,1,1,18115,-5618,0,0.0
STAT,00067148,WRWallTowerRubbled01,1,1,18992,-4768,0,0.0
STAT,00069828,WRWoodBridge01,1,1,15840,-5920,0,0.0
STAT,00042515,WRWallGateTarTrap01,1,1,16096,-8000,0,0.0
STAT,00090C50,WRHouseStores02LOD,1,1,25175,-8657,0,0.0
STAT,00090C4F,WRHouseStores01LOD,1,1,23960,-8472,0,0.0
STAT,00090C4E,WRHouseBlackSmith01LOD,1,1,20736,-8352,0,0.0
STAT,00089FEF,WRWallStr01Stockades01,1,1,22752,-10384,0,0.0
MSTT,0009625C,SignWRStables01,1,1,17390,-10404,0,0.0
STAT,0005B1DF,CivilWarRubble01,1,1,16663,-11713,0,0.0
STAT,00061737,WRIntFloorSTMid01,1,1,18106,-10070,0,0.0
FURN,001036FF,BedrollHay01LTundraRocks01F,1,1,14715,-8619,0,0.0
STAT,00095498,RugRound01,1,1,15458,-9218,0,0.0
ALCH,00039BE5,RestoreHealth06,1,1,24962,-14183,0,0.0
STAT,0005B1D9,CivilWarRubble04,1,1,19047,-13738,0,0.0
STAT,0006EAA6,WRFence4Way01,1,1,15802,-12288,0,0.0
ACTI,000B85FD,TG03BreadcrumbTrigger,1,1,32229,-17636,0,0.0
STAT,0007CE3E,WRHouseMeaderyWarehouse01,1,1,32304,-18208,0,0.0
STAT,0007CD56,WRHouseMeadery01,1,1,30208,-18256,0,0.0
ACTI,000EBB7B,E3DemoSafetyInvisActivator,1,1,1293,-15476,0,0.0
CONT,000DD060,MQ104BurntCorpse04,1,1,2867,-15621,0,0.0
CONT,000DD061,MQ104BurntCorpse03,1,1,1582,-15608,0,0.0
ACTI,000ABD27,MQ104DragonCrashTRIG,1,1,3300,-14556,0,0.0
STAT,000C2CC5,BurntWoodplanks03,1,1,2055,-14938,0,0.0
INGR,00106E1A,CritterPondFish03Ingredient,1,1,36574,-69254,0,0.0
STAT,0006AF20,RockCairnEvil02SnowLight,1,1,36782,-67409,0,0.0
FURN,000E2408,BedrollHay01CaveDirtF,1,1,36103,-69042,0,0.0
BOOK,0001AFBF,SkillPickpocket2,1,1,64762,-71234,0,0.0
ACTI,000A2C81,MineOreSilver01,1,1,46393,-72697,0,0.0
MSTT,000B6C08,Campfire01LandBurningPineForest01,1,1,38863,-75398,0,0.0
STAT,000ABD2C,FirewoodPileSmall01_SparseSN,1,1,39028,-75018,0,0.0
STAT,000223F0,RockCliff07GrassSnow_LightSN,1,1,33387,-88371,0,0.0
ACTI,0010D023,MineOreGold04_LDirt02,1,1,39954,-90886,0,0.0
STAT,000A96C8,ImpWoodbeam08Snow,1,1,34282,-92589,0,0.0
STAT,0005AD47,MineScaffoldFreeRope06,1,1,35373,-95128,0,0.0
STAT,000223F2,RockCliff05GrassSnow01_LightSN,1,1,34272,-96160,0,0.0
STAT,00090E82,HHMountainRidge01,1,1,56256,-32896,0,0.0
STAT,0008118C,HighHrothgarEntrance01,1,1,52192,-36096,0,0.0
STAT,00080E35,HighHrothgarFloor01,1,1,52192,-36096,0,0.0
STAT,00090E8F,HighHrothgarTowerFloor,1,1,57048,-37052,0,0.0
STAT,00081C63,HighHrothgarTower01,1,1,57048,-37052,0,0.0
SOUN,00037E3E,FXFireCampfireLP,1,1,56260,-37248,0,0.0
STAT,000BFC17,HHStairs01snow,1,1,42205,-43898,0,0.0
STAT,001091E4,WordWallHighHrothgarRubble04,1,1,55917,-47063,0,0.0
STAT,001091E3,WordWallHighHrothgarRubble03,1,1,55326,-47141,0,0.0
STAT,001091E1,WordWallHighHrothgarRubble01,1,1,54691,-47103,0,0.0
STAT,001007E5,WordWallHighHrothgarBroken,1,1,55282,-47169,0,0.0
STAT,00102089,ThroatoftheWorldDragonBonesSkull01,1,1,63195,-49974,0,0.0
STAT,00102088,ThroatoftheWorldDragonBonesNeck02,1,1,63313,-49954,0,0.0
STAT,00102087,ThroatoftheWorldDragonBonesNeck01,1,1,63388,-49960,0,0.0
STAT,0010208C,ThroatoftheWorldDragonBonesTorso01,1,1,63528,-49994,0,0.0
WEAP,001019D4,dunVolunruudPickaxe,1,1,54731,-52414,0,0.0
ACTI,0010D7AA,MineOreMalachite01_LSnowRocks,1,1,55700,-52855,0,0.0
ACTI,0010D7A9,MineOreMalachite03_LSnowRocks,1,1,55465,-52669,0,0.0
STAT,000C5494,NorTmpExtPlatFloorRaised01SnowLight,1,1,32783,-61362,0,0.0
ALCH,000722C2,FoodRabbitCooked,1,1,33015,-60645,0,0.0
STAT,000BFC1A,HHSmStaris01Snow,1,1,47105,-62056,0,0.0
ACTI,0010D080,MineOreQuicksilver01_LTundraRocks,1,1,33114,-1136,0,0.0
ACTI,000D2337,DoomstoneRitual,1,1,50852,-5294,0,0.0
STAT,000A6451,BreweryCaskLargeClosed02,1,1,33414,-4970,0,0.0
FURN,000E23FD,BedrollHay01LDirt02R,1,1,52715,-16160,0,0.0
ACTI,0010D7C8,MineOreIron04_LFieldGrass01,1,1,35593,-25669,0,0.0
ARMO,000F9904,dunLabyrinthianMazeCircletReward,1,1,95247,-100441,0,0.0
STAT,000954A4,RugRound03,1,1,96193,-101356,0,0.0
ACTI,0010DB0B,MineOreSilver03_LFallForestGrass,1,1,84704,-99627,0,0.0
STAT,0003E22C,ImpWoodbeam06,1,1,83785,-100653,0,0.0
STAT,0003E22A,ImpWoodbeam04,1,1,83746,-100822,0,0.0
BOOK,000ED041,Book3ValuablePhysicalitiesOfWerewolves,1,1,84022,-100973,0,0.0
BOOK,0001ACE1,Book2ReligiousTheAmuletofKings,1,1,92901,-106423,0,0.0
STAT,0005D6E9,ImpWallSconce02CandleOff01,1,1,92847,-106378,0,0.0
STAT,000752C8,Rug03SnowLight,1,1,92955,-106475,0,0.0
ARMO,0009610D,ArmorImperialHelmetFull,1,1,92810,-106361,0,0.0
FLOR,000DD683,FloraMushroom03SmallFallForestGrass,1,1,88550,-66286,0,0.0
STAT,000BC5CB,DirtCliffsCornerOut01FallForestGrass01,1,1,84762,-69028,0,0.0
SLGM,0002E4F3,SoulGemCommonFilled,1,1,90950,-74305,0,0.0
INGR,000A9191,BeeHiveHusk,1,1,79330,-76020,0,0.0
STAT,000CC766,RockPileS01_Dirt01,1,1,79497,-75143,0,0.0
MISC,000FBC3C,dunUniqueButterflyInJar,1,1,71617,-84251,0,0.0
BOOK,000CE5BD,dunPOIFallForestRyan01Journal,1,1,71405,-83992,0,0.0
ACTI,0010DAC8,MineOreCorundum01_LFallForestRocks,1,1,84357,-91299,0,0.0
STAT,000FDCC5,RuinsBrokenShelf02Snow,1,1,70062,-93801,0,0.0
STAT,00083B20,Campfire01LandOffCaveDirt,1,1,85013,-97420,0,0.0
SOUN,000F9931,AMBWaterfallLeakSprayLP,1,1,76310,-33226,0,0.0
STAT,000955B8,MountainTrim01Wet,1,1,75456,-33457,0,0.0
DOOR,0010AA96,MetalCageDoor01NoName,1,1,83691,-43862,0,0.0
STAT,0010AA95,ImpRubblePileSmall01LPineForest01,1,1,84484,-43449,0,0.0
STAT,0003E21B,ImpPillarBrokenTop02,1,1,84628,-43416,0,0.0
STAT,0003E21A,ImpPillarBrokenTop01,1,1,83764,-43645,0,0.0
STAT,000BC556,RockCliff01FallForestGrass01,1,1,90586,-47424,0,0.0
STAT,00105110,StockadeScaffoldBridgeNarrowLight_SN,1,1,65973,-45899,0,0.0
STAT,00104B43,MountainCliffCrevasse_HeavySN,1,1,65568,-45661,0,0.0
STAT,00048C1E,HHSteps13_LightSN,1,1,71356,-52279,0,0.0
STAT,00049354,HhSteps06Narrow_LightSN,1,1,69639,-52302,0,0.0
ACTI,0010DB35,MineOreOrichalcum01_LFallForestGrass,1,1,94974,-55539,0,0.0
STAT,000B8306,MQpathToHHShrine,1,1,72045,-55914,0,0.0
STAT,000CC763,RockCliff01Dirt01,1,1,70757,-56726,0,0.0
STAT,0007863E,HHSteps10,1,1,72020,-56505,0,0.0
STAT,0007E8A4,HHSteps13CurveR,1,1,73368,-56872,0,0.0
STAT,000D1A0C,RockCliff07Dirt01,1,1,69226,-56742,0,0.0
ACTI,000DD601,IvarsteadSSTrigger,1,1,75681,-59182,0,0.0
STAT,00079F9A,HHSteps17,1,1,71450,-59283,0,0.0
ACTI,0010DAC7,MineOreCorundum01_LFallForestGrass,1,1,88729,-63408,0,0.0
FLOR,000DD679,FloraMushroom02SmallFallForestDirt,1,1,89526,-64296,0,0.0
STAT,00093079,StonewallTerrace01FallForest,1,1,77875,-65476,0,0.0
STAT,0009307C,StonewallTerraceEndL01FallForest,1,1,77919,-63936,0,0.0
STAT,0003A1F8,NorVineWall02,1,1,79139,-61522,0,0.0
MSTT,0010EAC7,SignVilemyrInn01,1,1,76834,-65441,0,0.0
STAT,00093078,StonewallTerrace02FallForest,1,1,77711,-65280,0,0.0
STAT,00093076,StonewallTerraceStairs01FallForest,1,1,77464,-64986,0,0.0
STAT,0010C73A,CookingSpitFarmhouse01,1,1,73378,-62820,0,0.0
STAT,0009E3F0,StonewallTerraceLong02FallForestDirt01,1,1,73448,-63024,0,0.0
STAT,0009E3F1,StonewallTerraceCorner01FallForestDirt01,1,1,73478,-62521,0,0.0
STAT,0009E370,StonewallTerraceEndL01FallForestDirt01,1,1,73410,-63533,0,0.0
BOOK,0001AFF7,SkillHeavyArmor2,1,1,98278,-1943,0,0.0
ARMO,000F6F24,ArmorSteelHelmetB,1,1,98206,-2046,0,0.0
ARMO,0001395D,ArmorSteelPlateGauntlets,1,1,98253,-2004,0,0.0
WEAP,00013988,SteelMace,1,1,98224,-1994,0,0.0
BOOK,0001ACBB,Book1CheapBriefHistoryoftheEmpirev3,1,1,74146,-2319,0,0.0
STAT,0005049D,GiantCampfire01OffPineForest02,1,1,92324,-5374,0,0.0
ACTI,0010D076,MineOreOrichalcum02_LRocks,1,1,74550,-6123,0,0.0
BOOK,0001ACEF,Book3ValuableLustyArgonianMaidVol01,1,1,92123,-15274,0,0.0
STAT,0002FB60,ShackBrokeWall06,1,1,91982,-15327,0,0.0
STAT,0002FB2A,ShackBrokeWall02,1,1,91986,-15332,0,0.0
BOOK,0001AF8E,Book2ReligiousSongofPelinalV5,1,1,80571,-17867,0,0.0
BOOK,0001ACCD,Book2CommonGalerionTheMystic,1,1,80580,-17891,0,0.0
INGR,00034CDD,BoneMeal,1,1,80363,-17639,0,0.0
STAT,0004996E,NorDwelling02IntB01,1,1,80676,-17559,0,0.0
ARMO,000877D5,JewelryNecklaceGold,1,1,85730,-26770,0,0.0
ACTI,0010DB0A,MineOreSilver03_LFallForestRocks,1,1,114714,-99091,0,0.0
ACTI,0010DAE5,MineOreGold02_LFallForestDirt,1,1,123712,-102763,0,0.0
ACTI,0010DB31,MineOreOrichalcum02_LFallForestGrass,1,1,125947,-67742,0,0.0
BOOK,000D1246,POIFallForestRyanTreasureNote,1,1,103855,-68071,0,0.0
CONT,000D1259,TreasTreashunterChest,1,1,101771,-66190,0,0.0
ACTI,0003A085,dummyObject,1,1,101773,-66186,0,0.0
MSTT,000DB44D,TundraStreamTransition01FallForestRocks,1,1,110197,-72797,0,0.0
ACTI,0010D052,MineOreGold02_LRocks,1,1,104782,-75232,0,0.0
ACTI,0010DAE1,MineOreGold04_LFallForestDirt,1,1,129835,-88279,0,0.0
STAT,000BA053,RockPileS02DirtPath01,1,1,122909,-94003,0,0.0
ACTI,0010DB2C,MineOreOrichalcum04_LFallForestDirt,1,1,117863,-95724,0,0.0
BOOK,0001B00E,SkillSpeechcraft2,1,1,114365,-97915,0,0.0
BOOK,000B716A,dunAngarvundeJournal01,1,1,114343,-97876,0,0.0
SOUN,0002D3C6,AMBWaterfallLargeDungeonLP,1,1,119462,-42892,0,0.0
ACTI,0010DB4C,MineOreQuicksilver01_LFallForestDirt,1,1,106838,-48526,0,0.0
BOOK,0001AD16,Book4RareTrueNatureofOrcs,1,1,122364,-65336,0,0.0
STAT,0003FA2B,WallMountedElkFemale,1,1,122156,-65069,0,0.0
STAT,00042D32,OrcTableSquare01,1,1,122492,-64859,0,0.0
ACTI,0010DAFC,MineOreSilver03_LFallForestDirt,1,1,117293,-62643,0,0.0
ACTI,0010DAFE,MineOreSilver01_LVolcanicTundraDirt,1,1,121788,-2711,0,0.0
STAT,0001D4AE,NorPlatWallStair01,1,1,98675,-1722,0,0.0
STAT,0003EACB,NorPlatBgStairCapR01,1,1,98384,-1792,0,0.0
STAT,0003EACE,NorPlatBgStairCapL01,1,1,98384,-1792,0,0.0
STAT,000D862D,RuinsBrokenThrone01Sulfur,1,1,127926,-4827,0,0.0
STAT,000D85F0,NorDwelling04ExtBaseASulfur,1,1,128181,-5132,0,0.0
STAT,000D85E9,NorDragonStatueMetal01Sulfur,1,1,127282,-5567,0,0.0
STAT,000D8694,NorTempleExteriorRibFree07Sulfur,1,1,124706,-4897,0,0.0
STAT,000D8692,NorExtRubblePile02Sulfur,1,1,126160,-5922,0,0.0
STAT,000D862F,NorTempleExteriorRibFree06Sulfur,1,1,126743,-4370,0,0.0
STAT,000D85F7,NorSculptureHead01Sulfur,1,1,126942,-5850,0,0.0
STAT,000D85ED,NorTempleExteriorRibFree05Sulfur,1,1,125970,-6714,0,0.0
MSTT,000486FB,FXSpiderWebKitDinner01,1,1,121012,-5419,0,0.0
STAT,0003FA80,RuinsEggSacStatic02,1,1,120487,-4972,0,0.0
STAT,0003FA82,RuinsEggSacStatic04,1,1,120505,-5740,0,0.0
STAT,0003FA81,RuinsEggSacStatic03,1,1,120339,-4813,0,0.0
STAT,000ED73A,RockPileS04VolcanicRocks01,1,1,120601,-5212,0,0.0
ACTI,0010DAD6,MineOreCorundum03_LVolcanicTundraDirt,1,1,117629,-5769,0,0.0
ACTI,0010DB36,MineOreOrichalcum01_LVolcanicTundraRocks,1,1,130181,-13529,0,0.0
ACTI,0010DAFF,MineOreSilver01_LVolcanicTundraRocks,1,1,113717,-15084,0,0.0
STAT,0006D309,GiantCampfire01OffVolcanicTundraGravel01,1,1,111772,-14192,0,0.0
STAT,000998C8,VolcanicPlateau02Sulfur,1,1,128132,-17660,0,0.0
STAT,000998CC,VolcanicPlateau01Sulfur,1,1,126670,-17680,0,0.0
ACTI,0010DB04,MineOreSilver04_LVolcanicTundraDirt,1,1,124733,-21282,0,0.0
BOOK,0001AFD1,SkillSmithing4,1,1,112691,-24574,0,0.0
STAT,000533C3,StockadeScaffoldBaseSupport01,1,1,101657,-21440,0,0.0
STAT,000513BA,ImpExtBldgSecondICorner01,1,1,101611,-21674,0,0.0
FURN,00021374,UpperBench01,1,1,101813,-24261,0,0.0
ARMO,000C8917,ReligiousJulianosMagic,1,1,100859,-24021,0,0.0
ARMO,000261BD,ClothesFarmBoots03,1,1,113159,-25009,0,0.0
ARMO,000261C0,ClothesFarmClothes03,1,1,113024,-24763,0,0.0
ARMO,0001394B,ArmorIronBandedShield,1,1,112822,-25111,0,0.0
ARMO,0006C1D9,ClothesFarmClothesVariant02,1,1,112764,-25128,0,0.0
ARMO,00020048,CWDummyShieldImperial,1,1,99057,-24592,0,0.0
STAT,0002136E,UpperShelf01,1,1,101494,-24627,0,0.0
STAT,0002136C,UpperTableSquare01,1,1,101828,-24772,0,0.0
CONT,00021362,UpperWardrobe01,1,1,101962,-24782,0,0.0
STAT,00087C26,Windhelmbridge,1,1,135041,29941,0,0.0
STAT,000A853D,Windhelmbridge2,1,1,135041,29941,0,0.0
ACTI,001075F6,DA02PillarTrigger,1,1,163721,25883,0,0.0
STAT,000E2C09,Whstables02,1,1,135873,26548,0,0.0
FURN,000B9E01,CommonChair02R,1,1,135996,26377,0,0.0
STAT,000E2BCC,WHstables,1,1,135873,26548,0,0.0
STAT,000A7149,Bridge01Snow,1,1,131316,25158,0,0.0
STAT,000E2604,CommonTable02,1,1,147090,23795,0,0.0
ACTI,000F083A,CWMapActivator01,1,1,147082,23793,0,0.0
STAT,00039B64,RockCliff08FieldGrass02,1,1,143429,12703,0,0.0
ARMO,00013960,ArmorEbonyBoots,1,1,156510,8686,0,0.0
ALCH,00073F31,DamageHealth02,1,1,157385,11669,0,0.0
ALCH,00073F35,DamageHealthLinger02,1,1,157466,11655,0,0.0
ALCH,00065A6F,DamageHealthLinger01,1,1,157380,11682,0,0.0
STAT,00090CBE,OrcLonghouse01_LightSN,1,1,158200,10361,0,0.0
MSTT,0010EAAC,SignBraidwoodInn01,1,1,135666,10641,0,0.0
ARMO,0005B6A1,ClothesBarKeeper,1,1,158927,7972,0,0.0
ACTI,000166D3,BurialCairn02,1,1,158874,7961,0,0.0
ARMO,0005B69E,ClothesBlackSmithShoes,1,1,158814,8091,0,0.0
WEAP,00013990,OrcishMace,1,1,159216,7312,0,0.0
MISC,0005AD9D,IngotEbony,1,1,158490,5025,0,0.0
BOOK,0001AFD2,SkillSmithing5,1,1,160135,4011,0,0.0
ALCH,00065C9D,FoodPheasant,1,1,157699,47217,0,0.0
BOOK,0002A563,Book2CommonYngolLore,1,1,157706,47254,0,0.0
STAT,0002A577,testRuinsWallSconceSnowy,1,1,157733,47252,0,0.0
BOOK,0001B01A,SkillLockpicking2,1,1,145056,48128,0,0.0
STAT,00058AA3,Whpalace3,1,1,134818,44338,0,0.0
STAT,00058AA6,WHpalace4,1,1,134903,44327,0,0.0
STAT,000589C0,WHpalace5,1,1,134897,44302,0,0.0
STAT,00058982,WHpalace2,1,1,134880,42368,0,0.0
STAT,0005896D,WHpalace1,1,1,134880,42368,0,0.0
STAT,000E0048,FarmInnDestroyed01,1,1,162829,37964,0,0.0
STAT,0005AD5B,CandleHornChandelier02,1,1,162600,38079,0,0.0
STAT,00095195,WHdocks2,1,1,142144,37248,0,0.0
STAT,0009A301,WHinnerwall02,1,1,140977,39061,0,0.0
STAT,0009A2D9,WHouterwall04,1,1,140620,40784,0,0.0
STAT,0009A270,WHdockwarehouse,1,1,142304,37824,0,0.0
STAT,00095196,WHdocks1,1,1,142144,37248,0,0.0
STAT,00093AA7,WHprison01,1,1,136821,40581,0,0.0
STAT,0009F278,WHgate2,1,1,138177,37775,0,0.0
STAT,00080C9D,WHgrayquarterLOD02,1,1,138787,39100,0,0.0
STAT,0001EFEE,WHgrayquarter05,1,1,138752,39040,0,0.0
STAT,00080CA8,WHinnlandLOD02,1,1,134982,37413,0,0.0
STAT,00080CCE,WHBrunwulfSQLOD02,1,1,136547,36653,0,0.0
STAT,000DF0E0,WHprisonwall03,1,1,133856,35632,0,0.0
STAT,00080CD7,WHmarket01LOD02,1,1,131419,36442,0,0.0
STAT,0009F27D,WHmaingatesteps,1,1,135010,34586,0,0.0
STAT,0009A53E,WHmaingate,1,1,135010,34586,0,0.0
WEAP,000ECD54,POIMageBorvirsDagger,1,1,132174,79894,0,0.0
BOOK,0001AFC8,SkillAlchemy5,1,1,132465,79782,0,0.0
ARMO,0006B46C,ClothesMGBoots,1,1,132244,79523,0,0.0
ACTI,0002C4B8,TG05RuinsDoorsTrigger,1,1,145365,71535,0,0.0
STAT,000A9228,NorShaftTrapDoorSTATIC_HeavySN,1,1,137356,73336,0,0.0
STAT,0008C23B,TreeReach02_HeavySN,1,1,134087,72101,0,0.0
ACTI,000D2339,DoomstoneSerpent,1,1,151692,116300,0,0.0
ACTI,0010DAF6,MineOreSilver01_LCoastBeach,1,1,133707,109306,0,0.0
BOOK,0001AFF8,SkillHeavyArmor3,1,1,142307,100264,0,0.0
STAT,0004F8E8,ShipWoodbeamShort02,1,1,169673,65176,0,0.0
STAT,000B84C0,RoadStraight02Down01Snow,1,1,176353,38059,0,0.0
BOOK,000D55D9,dunPOIforReviewDrew03Journal,1,1,171147,37140,0,0.0
MSTT,0001ED32,WHoldflag04yellow,1,1,170057,37836,0,0.0
BOOK,0001ACD3,Book2CommonFirstHoldRevolt,1,1,170436,37671,0,0.0
STAT,0006B097,RockCairnEvil02Snow,1,1,167170,37421,0,0.0
CONT,000FB9CC,BarrelIngredientUncommon01_Snow,1,1,184893,75244,0,0.0
CONT,000FB9CB,BarrelIngredientCommon01_Snow,1,1,184663,75190,0,0.0
STAT,000F23F5,RockPileS02RiverMud01,1,1,169165,70584,0,0.0
STAT,000F23F0,MountainTrim03CoastOceanFloor01,1,1,167826,69689,0,0.0
BOOK,0007F667,DunPOISlaughterFishermenJournal,1,1,165443,71328,0,0.0
BOOK,0001B01D,SkillLockpicking5,1,1,170263,65759,0,0.0
ACTI,0010DB28,MineOreOrichalcum03_LCoastBeach,1,1,145396,148990,0,0.0
STAT,000EB7A5,BridgeShort01FallForestDirt01,1,1,157175,-101407,0,0.0
DOOR,0003C308,NorDoorMedium01,1,1,156593,-100597,0,0.0
STAT,00017AB6,StockadeScaffoldBridge04,1,1,155356,-99391,0,0.0
ACTI,0010DAC5,MineOreIron04_LFallForestRocks,1,1,142023,-100870,0,0.0
STAT,000B8CB9,MountainTrim03FallForestDirt01,1,1,141627,-103381,0,0.0
FURN,00037A46,InvisibleChairTripleMarker,1,1,135322,-110458,0,0.0
ACTI,0008CD9F,DA06TrespassTrigger,1,1,135899,-109460,0,0.0
ACTI,0010F6A2,DA06LargashburHostileTrigger,1,1,134879,-111208,0,0.0
WEAP,0001398C,OrcishBattleaxe,1,1,135066,-111072,0,0.0
ARMO,00013959,ArmorOrcishHelmet,1,1,135006,-111073,0,0.0
ARMO,00013957,ArmorOrcishCuirass,1,1,135044,-111044,0,0.0
WEAP,00013991,OrcishSword,1,1,134668,-112405,0,0.0
BOOK,0001AD08,Book4RareHangingGardens,1,1,133973,-110926,0,0.0
ALCH,00065A65,DamageMagicka01,1,1,145558,-118528,0,0.0
MSTT,0001643C,FXSmokeWispsLgVolAdjust,1,1,161295,-120077,0,0.0
STAT,000C7B40,RockPileM03FallForestDirt01,1,1,135844,-119498,0,0.0
MISC,000C8872,DwarvenLargeScrap,1,1,154586,-125449,0,0.0
MISC,000C8861,DwarvenGear,1,1,154594,-125415,0,0.0
MISC,000C8868,DwarvenGyro,1,1,154496,-125668,0,0.0
LIGH,00077761,DweLightFireLamp01,1,1,154705,-125601,0,0.0
STAT,000E7C2D,DweFloorLanternOnSputter,1,1,154692,-125601,0,0.0
MSTT,000D2008,GenericBannerRed04,1,1,146260,-68247,0,0.0
CONT,0002065F,TreasWerewolfChest,1,1,145532,-67561,0,0.0
BOOK,0001B015,SkillRestoration2,1,1,153820,-71304,0,0.0
DOOR,00052E9D,ImpWallcage01,1,1,153232,-71008,0,0.0
MISC,000C886E,DwarvenScrapLever,1,1,153205,-71030,0,0.0
MISC,000C8874,DwarvenLargeScrap2,1,1,153917,-71267,0,0.0
BOOK,0002F83C,SkillBlock5,1,1,135973,-75740,0,0.0
STAT,000BD136,RockPileS04RFallForestLeaves01,1,1,155684,-87630,0,0.0
ACTI,0010DAFA,MineOreSilver01_LFallForestGrass,1,1,145694,-87802,0,0.0
DOOR,00042035,ImpDoorSingle01,1,1,147694,-92226,0,0.0
BOOK,000E0D66,Book2CommonNordsOfSkyrim,1,1,144497,-90940,0,0.0
BOOK,0001AFF2,Book0WolfQueenV2,1,1,144475,-90963,0,0.0
STAT,00024F20,CandleHornChandelier01,1,1,144819,-91174,0,0.0
KEYM,00043A71,DunFaldarsToothKey,1,1,145289,-92531,0,0.0
DOOR,000C0088,ImpJailDoor01MinUse,1,1,144945,-93417,0,0.0
DOOR,0006AE73,ImpJailDoorNoName,1,1,144712,-93200,0,0.0
FURN,0007DD71,CreatureSitMarker01,1,1,147257,-93002,0,0.0
ACTI,0006D024,ImpSmallPortGateNew,1,1,147271,-92967,0,0.0
STAT,0005AD4A,ImpStableRoofPiece01,1,1,144694,-90922,0,0.0
STAT,000EB81C,ImpStableRoofPiece02,1,1,144464,-91045,0,0.0
STAT,00094EB8,RifRmSmExSm01,1,1,157328,-94463,0,0.0
STAT,000B3FC4,GoldenGlowEstate,1,1,156281,-94723,0,0.0
STAT,000EB78F,BridgeNarrow01_FallForestDirt01,1,1,157567,-98052,0,0.0
STAT,000B6316,TG02RiftenRWPortholeDoor01Static,1,1,153027,-95042,0,0.0
STAT,000F3E52,StockadeScaffoldBridge02,1,1,153902,-96959,0,0.0
STAT,000B8CBA,FarmLumbermill01FallForest01,1,1,133885,-94610,0,0.0
STAT,00040B38,ImpExtTowerShellDoor02,1,1,138809,-33251,0,0.0
ACTI,0010D08B,MineOreSilver01_LDirt02,1,1,131956,-45425,0,0.0
STAT,000BC537,RockCliff05FallForestDirt01,1,1,158316,-50836,0,0.0
ACTI,0010D070,MineOreMoonstone04_LRocks,1,1,154055,-52700,0,0.0
ACTI,0010DAE8,MineOreGold04_LFallForestGrass,1,1,137423,-55420,0,0.0
STAT,0010B138,RockCliff01FallForestDirt01,1,1,162219,-60998,0,0.0
ACTI,0010DB20,MineOreMoonstone03_LFallForestRocks,1,1,133493,-61559,0,0.0
BOOK,0001AFED,SkillDestruction2,1,1,135369,-3872,0,0.0
STAT,000EA687,PrisonerCarriageSTATIC,1,1,151261,-7984,0,0.0
ACTI,0010DADD,MineOreCorundum04_LVolcanicTundraRocks,1,1,150008,-10314,0,0.0
BOOK,0001ACD7,Book2CommonRealBarenziahV2,1,1,145084,-11091,0,0.0
STAT,000C2CC2,BurntWoodbeamShort02,1,1,143423,-9854,0,0.0
STAT,000C2CC1,BurntWoodbeamShort01,1,1,143440,-10057,0,0.0
STAT,000C2CB9,BurntWoodplanks04,1,1,143429,-10016,0,0.0
MSTT,0002FB70,ShackBrokeWood06,1,1,143742,-10552,0,0.0
MSTT,0002FB6D,ShackBrokeWood04,1,1,143652,-10630,0,0.0
MSTT,0002FB6B,ShackBrokeWood02,1,1,143648,-10572,0,0.0
MSTT,0002FB69,ShackBrokeWood11,1,1,143687,-10556,0,0.0
MSTT,0002FB68,ShackBrokeWood10,1,1,143603,-10523,0,0.0
MISC,0003AD93,HorseHide,1,1,142778,-8814,0,0.0
WEAP,000CDEC9,C00GiantClub,1,1,143245,-10302,0,0.0
STAT,000BB98C,GiantObelisk01,1,1,143016,-8530,0,0.0
MSTT,0003103C,FXSteamJetFast,1,1,142528,-13696,0,0.0
ACTI,0010DAEF,MineOreGold01_LVolcanicTundraRocks,1,1,145106,-23014,0,0.0
STAT,000897C4,RockPileL03Sulfur,1,1,132363,-24095,0,0.0
STAT,000897D1,BoneMammothSkull3Sulfur,1,1,139990,-26230,0,0.0
STAT,000897D0,VolcanicPlateauCSulfur,1,1,140964,-25243,0,0.0
STAT,000897CA,BoneMammothRibsSulfur,1,1,135331,-26109,0,0.0
STAT,000897CE,RockL01Sulfur,1,1,136127,-28653,0,0.0
STAT,000897CD,RockL02Sulfur,1,1,136178,-25438,0,0.0
STAT,000E9EA9,ImpExtIceStairs01_NoIceSulfur,1,1,138203,-26429,0,0.0
STAT,000E9E9B,ImpExtIceWall05_NoIceSulfur,1,1,139199,-26886,0,0.0
STAT,000E9E98,ImpExtIceTower03_NoIceSulfur,1,1,139089,-26817,0,0.0
STAT,000E9E9F,ImpExtIceBridge01_NoIceSulfur,1,1,138919,-27481,0,0.0
STAT,000E9EAB,ImpExtIceRubble04_NoIceSulfur,1,1,138304,-25967,0,0.0
STAT,000E9EA1,ImpExtIceStairs03_NoIceSulfur,1,1,138696,-26939,0,0.0
STAT,000E9EA8,ImpExtIceRubble06_NoIceSulfur,1,1,138392,-26185,0,0.0
STAT,000E9EA0,ImpExtIceWall04_NoIceSulfur,1,1,138733,-26696,0,0.0
STAT,000E9EAC,RockCairnEvil01Sulfur,1,1,137960,-26001,0,0.0
STAT,000E9EA2,RockCairnEvil02Sulfur,1,1,138703,-27210,0,0.0
STAT,000E9EA4,ImpExtIceStairs02_NoIceSulfur,1,1,137882,-27389,0,0.0
STAT,000E9E61,RockCairnEvil04Sulfur,1,1,137061,-27010,0,0.0
AMMO,00034182,DraugrArrow,1,1,138359,-26061,0,0.0
ACTI,0010DAD0,MineOreCorundum02_LVolcanicTundraDirt,1,1,132659,-25084,0,0.0
STAT,000897CB,RockPileM01Sulpur,1,1,134978,-26219,0,0.0
STAT,000897C7,RockL04Sulfur,1,1,133594,-26413,0,0.0
STAT,000897C5,DirtCliffs02VolcanicDirt01Sulfur,1,1,134256,-25690,0,0.0
ACTI,000D2334,DoomstoneAtronach,1,1,131231,-28654,0,0.0
STAT,0010105D,RTWall06Outer,1,1,176512,-99840,0,0.0
STAT,000877DE,RTWall08Inner,1,1,172672,-99584,0,0.0
STAT,000877DD,RTWall07Inner,1,1,174464,-99584,0,0.0
STAT,0008849A,RTWall09Inner,1,1,174976,-101632,0,0.0
STAT,0008849B,RTWall10Inner,1,1,172928,-101632,0,0.0
STAT,0007C3D6,RTKeepR01,1,1,172672,-100608,0,0.0
STAT,0007C3D8,RTKeep01,1,1,173184,-101120,0,0.0
STAT,0007C3D4,RTKeepL01,1,1,174208,-100480,0,0.0
STAT,0007C3D2,RTKeepEntryway01,1,1,173184,-99584,0,0.0
STAT,00069CE9,RTBlackBriarManor01,1,1,175226,-98558,0,0.0
STAT,00042257,RTLandR01,1,1,173184,-99584,0,0.0
STAT,000AED68,RTDockBldCorRamp01,1,1,169096,-98316,0,0.0
STAT,0008899E,RTSouthGate01,1,1,171904,-100352,0,0.0
STAT,00056B97,RTOrphanage01,1,1,171472,-98928,0,0.0
STAT,00055C07,RTWarehouse01,1,1,169610,-98730,0,0.0
STAT,00042256,RTDockWallR01,1,1,171648,-99584,0,0.0
ACTI,000D2335,DoomstoneShadow,1,1,171145,-110239,0,0.0
STAT,001093E3,FarmhouseSilo_FallForestDirt01,1,1,165753,-107414,0,0.0
STAT,000F5EB6,RockPileS03FallForestLeaves01,1,1,172278,-114963,0,0.0
SCRL,000965A5,ConjureFlameAtronachScroll,1,1,189273,-124841,0,0.0
STAT,000EA9D5,BurntRubble02Rocks01,1,1,189688,-124911,0,0.0
SCRL,00096598,FireboltScroll,1,1,189728,-124270,0,0.0
STAT,000AA041,MetalCage01,1,1,175046,-124644,0,0.0
ARMO,000C36E8,ClothesNecromancerBoots,1,1,172532,-124099,0,0.0
ARMO,000C36EA,ClothesNecromancerRobes,1,1,172702,-124223,0,0.0
ARMO,000BACD7,ClothesMonkBoots,1,1,194417,-73935,0,0.0
ACTI,0010DAC6,MineOreCorundum01_LFallForestDirt,1,1,181988,-76242,0,0.0
ACTI,000A7B04,DA06FallowStoneTrigger,1,1,193340,-84054,0,0.0
STAT,000B014B,RoadStraightLongRamp02FallForestDirt01,1,1,173952,-85578,0,0.0
ACTI,0010DB2B,MineOreOrichalcum04_LFallForestGrass,1,1,191413,-87424,0,0.0
STAT,000B014A,RoadStrToCurveRampL01FallForestDirt01,1,1,173092,-88768,0,0.0
STAT,0010105A,RTWall03Outer,1,1,176512,-94208,0,0.0
STAT,000F795B,RTPlayerHouseDeck01,1,1,172160,-93696,0,0.0
MSTT,000EA621,SignRTStables01,1,1,172388,-91003,0,0.0
STAT,00078ED7,RTNorthGate01,1,1,174272,-92160,0,0.0
STAT,00089D94,RTWall02Outer,1,1,175488,-92672,0,0.0
STAT,0004128A,RTMjollandTroutPurse01,1,1,175232,-93448,0,0.0
STAT,00053052,RTPlayerHouse01,1,1,172160,-93696,0,0.0
STAT,0004FA53,RTHaelgasBunkhouse01,1,1,173440,-93440,0,0.0
STAT,00042255,RTLandL01,1,1,173184,-93440,0,0.0
STAT,00089D93,RTWall01Outer,1,1,172928,-92416,0,0.0
CONT,0010D9C1,BarrelMeat01,1,1,172654,-91331,0,0.0
STAT,0004225E,RTDockWallL01,1,1,171648,-93952,0,0.0
STAT,001097E7,RTLampPost01,1,1,171395,-93782,0,0.0
STAT,000C72FF,RTMausoleum01,1,1,176844,-97856,0,0.0
STAT,0010105C,RTWall05Outer,1,1,177536,-98304,0,0.0
STAT,0010105B,RTWall04Outer,1,1,177536,-96256,0,0.0
STAT,0006FC25,RTTempleofMara01,1,1,176768,-97024,0,0.0
STAT,000F03D3,RTTemplePlazaStairs01,1,1,175488,-97024,0,0.0
STAT,000F6706,RTTemplePlazaWallL01,1,1,175488,-97024,0,0.0
STAT,000F66FE,RTTemplePlazaWallR01,1,1,175488,-97024,0,0.0
STAT,000F0EBB,RTPlazaWell01,1,1,173440,-97024,0,0.0
DOOR,0006F267,RiftenRWDoorLoad01,1,1,172416,-95072,0,0.0
MSTT,000EA620,SignRTAlchemyShop01,1,1,172290,-94896,0,0.0
STAT,000EF2DC,RTCanalsStairs01,1,1,173440,-94272,0,0.0
STAT,000EF2F2,RTCanalsBridge03,1,1,173440,-98240,0,0.0
STAT,000EF2FE,RTCanalsBridge04,1,1,172928,-94528,0,0.0
STAT,000EF2DF,RTCanalsBridge01,1,1,173952,-94656,0,0.0
STAT,000EF2EE,RTCanalsPlazaR01Lower01,1,1,173184,-98112,0,0.0
STAT,000EF2EF,RTCanalsPlazaR01Lower02,1,1,173184,-98112,0,0.0
STAT,000EF2FA,RTCanalsL01Lower02,1,1,172672,-94528,0,0.0
STAT,000EF2D9,RTCanalsL01Lower01,1,1,172672,-94528,0,0.0
STAT,000EF2DD,RTCanalsL02Inner01,1,1,173952,-94784,0,0.0
STAT,000EF2F4,RTCanalsPlazaR01Inner01,1,1,173184,-98112,0,0.0
STAT,000EF2FF,RTCanalsL01Inner01,1,1,172672,-94528,0,0.0
STAT,00083872,RTTemplePlazaLand01,1,1,175488,-97024,0,0.0
STAT,000D3640,RTPlaza03,1,1,172928,-96256,0,0.0
STAT,000CC51E,RTPlaza01,1,1,173440,-97024,0,0.0
STAT,000CC520,RTPlaza02,1,1,174080,-96512,0,0.0
STAT,00063DF7,RTSnowShodHouse01,1,1,174978,-94564,0,0.0
STAT,00063DF9,RTMercerFreys01,1,1,175232,-95744,0,0.0
STAT,0006FC34,RTTemplePlaza01,1,1,175488,-97024,0,0.0
STAT,0005DB6D,RTCanalsPlazaR01,1,1,173184,-98112,0,0.0
STAT,0005DB6A,RTCanalsPlazaC01,1,1,174208,-97856,0,0.0
STAT,0005DB68,RTCanalsPlazaL01,1,1,174208,-95808,0,0.0
STAT,0005DB65,RTCanalsL02,1,1,173952,-94784,0,0.0
STAT,0005DB61,RTCanalsL01,1,1,172672,-94528,0,0.0
STAT,0003C59F,RTBeeBarb01,1,1,172928,-95488,0,0.0
STAT,0002C5B6,RTPawnedPrawn01,1,1,172032,-95232,0,0.0
STAT,00042254,RTLandC01,1,1,174080,-96512,0,0.0
STAT,000F03D5,RTMeadery02,1,1,170752,-96046,0,0.0
STAT,000EF2F9,RTCanalsR01Inner01,1,1,171904,-98240,0,0.0
MSTT,000EA625,SignRTBlackBriarMeadery01,1,1,170047,-96043,0,0.0
STAT,000ADE95,RTWalltoDocks01,1,1,171656,-96624,0,0.0
STAT,000ADE92,RTDockBldStrDbl02,1,1,169984,-96280,0,0.0
STAT,000ADE8F,RTDockStairsTurn01,1,1,169864,-97772,0,0.0
STAT,000ADE8D,RTDockBldCorIn01,1,1,169736,-98156,0,0.0
STAT,000ADE94,RTDockBldTallStairs01,1,1,171400,-96640,0,0.0
STAT,000ADE8C,RTDockBldStrBridge01,1,1,170376,-96640,0,0.0
STAT,000ADE91,RTDockBldCortoStairs01,1,1,169224,-95728,0,0.0
STAT,000AA833,RTDockBldCor01,1,1,169096,-97392,0,0.0
STAT,000AA83D,RTDockBldStrStairsT01,1,1,169608,-96752,0,0.0
STAT,000AA82F,RTDockBldCorPier02,1,1,168072,-97392,0,0.0
STAT,000AA827,RTDockBldCorPier01,1,1,168072,-95600,0,0.0
STAT,000AA82D,RTDockBld3wayDwn01,1,1,168200,-96496,0,0.0
STAT,00098E67,RTFishery01,1,1,168713,-96499,0,0.0
STAT,0008C018,RTMeadery01,1,1,171776,-96046,0,0.0
STAT,0005DB6C,RTCanalsR01,1,1,171904,-98240,0,0.0
STAT,0005347F,RTBlacksmith01,1,1,171792,-97409,0,0.0
STAT,000AED6A,RTDockPier03,1,1,167560,-97404,0,0.0
STAT,000AA81D,RTDockPier01,1,1,167560,-95592,0,0.0
STAT,000455BD,MineScaffoldSupport01,1,1,174713,-35202,0,0.0
BOOK,000B64B1,Book2CommonFjoriAndHolgeir,1,1,174030,-35101,0,0.0
INGR,0004DA20,Mushroom02,1,1,172657,-34863,0,0.0
FURN,000E2401,BedrollHay01LDirtPathFL,1,1,173150,-35111,0,0.0
CONT,0010EE0B,TreasCWSonsChestCWMission07,1,1,165917,-42801,0,0.0
BOOK,00083AEF,dunPOIShorsWatchTowerNoteSons,1,1,168451,-50776,0,0.0
BOOK,00083AED,dunPOIShorsWatchTowerNoteImp,1,1,168443,-50764,0,0.0
MSTT,000D203A,CityBannerRiften02,1,1,168879,-50723,0,0.0
STAT,000D1608,RockAnimalDenFallForestDirt,1,1,175259,-56456,0,0.0
STAT,0005B887,DirtCliffsCornerIn01PineForest01,1,1,167212,-55038,0,0.0
STAT,000B9C27,DweObservatoryExteriorDome01Snow,1,1,170113,-3262,0,0.0
STAT,000B9C24,DweObservatoryExteriorBase01Snow,1,1,170113,-3262,0,0.0
MSTT,000E8E43,DwePipe1wayFan01,1,1,169057,-8085,0,0.0
STAT,00036AC1,DweRubblePile03,1,1,168078,-11369,0,0.0
STAT,0008E814,DwePipeGearAssemblyCW01,1,1,168919,-12908,0,0.0
STAT,0008E816,DwePipeGearAssemblyExtraCCW01,1,1,168919,-12908,0,0.0
STAT,0005AE7C,DweWallSconceSmall02,1,1,167084,-12902,0,0.0
STAT,000B879D,DweCenturionBust01,1,1,167248,-17888,0,0.0
MSTT,00092A07,FXSlowDrip01,1,1,175319,-24636,0,0.0
ARMO,00013914,ArmorHideShield,1,1,201328,-103629,0,0.0
BOOK,0001AFCF,SkillSmithing2,1,1,201337,-103609,0,0.0
BOOK,000ED605,Book2CommonCatsOfSkyrim,1,1,207371,-116497,0,0.0
BOOK,0001B01F,SkillSneak2,1,1,207352,-116504,0,0.0
STAT,0010686B,ImpExtIceTowerShellBase01LtSnow,1,1,197744,-116688,0,0.0
STAT,0010686F,ImpPillar01LtSnow,1,1,197819,-116635,0,0.0
MSTT,000D200A,GenericBannerRed02,1,1,197632,-116180,0,0.0
STAT,000B9582,BlackBriarChalet001,1,1,197896,-96649,0,0.0
STAT,00030056,RockL05MossTEMP,1,1,198321,-94814,0,0.0
STAT,000CF77A,HagravenFence04_HeavySN,1,1,-178052,19074,0,0.0
STAT,000E7C3A,HagravenHouse01_snow,1,1,-177801,19459,0,0.0
STAT,000E7C3C,HagravenHouseBones01_snow,1,1,-177801,19459,0,0.0
STAT,000CF779,HagravenFence03_HeavySN,1,1,-177803,18514,0,0.0
STAT,0005F59A,MarkarthCliff01,1,1,-173632,8192,0,0.0
STAT,000F6F39,MrkCWextTowerPlatform01,1,1,-167212,5110,0,0.0
STAT,00092C96,MrkStablesRt01,1,1,-170640,6840,0,0.0
STAT,00092C95,MrkStablesLft01,1,1,-171183,7383,0,0.0
STAT,000A7224,MrkStablesMidDoorway01,1,1,-170912,7112,0,0.0
STAT,000ED158,MrkCWextTower01Steps01,1,1,-169832,6304,0,0.0
STAT,000ED154,MrkCWextTower01,1,1,-169832,6304,0,0.0
STAT,000ED157,MrkCWextTower02,1,1,-170838,4568,0,0.0
STAT,000ED15A,MrkCWextTower02Steps01,1,1,-170838,4562,0,0.0
STAT,000EE29F,MrkFrontWallMain02ExtW02,1,1,-172864,5376,0,0.0
STAT,000EE29E,MrkFrontWallMain02ExtW01,1,1,-172864,5376,0,0.0
STAT,000EE2A0,MrkFrontWallMain02ExtT03,1,1,-172864,5376,0,0.0
STAT,000EE299,MrkFrontWallMain02ExtT02,1,1,-172864,5376,0,0.0
STAT,000EE298,MrkFrontWallMain02ExtT01,1,1,-172864,5376,0,0.0
STAT,000B7961,MarkarthDwarfTower02CW,1,1,-174208,4224,0,0.0
STAT,00082A19,MrkCrag02LOD,1,1,-175680,4608,0,0.0
STAT,00079F85,MrkCityLandscapeLOD,1,1,-175680,4608,0,0.0
STAT,00079F80,MrkTempleLOD,1,1,-175680,4608,0,0.0
STAT,00079F81,MrkCrag01LOD,1,1,-175680,4608,0,0.0
STAT,00061D20,MarkarthCliff02,1,1,-175680,4608,0,0.0
STAT,00061D21,MarkarthCliff03,1,1,-175680,4608,0,0.0
STAT,0009DAC9,MrkFrontWallMain02Ext,1,1,-172864,5376,0,0.0
STAT,00089128,MrkHousingPlayersLOD,1,1,-178240,5632,0,0.0
STAT,000F6F3D,DweCivWarBridgeLft01,1,1,-165129,3296,0,0.0
STAT,000F6F3C,DweCivWarBridgeRt01,1,1,-165102,2785,0,0.0
STAT,000F6F3B,DweCivWarBridgeMid01,1,1,-165116,3040,0,0.0
STAT,00061D22,MarkarthCliff04,1,1,-174656,0,0,0.0
STAT,0009F7DD,MrkFrontWallDam02Ext,1,1,-172096,2560,0,0.0
STAT,00079F7F,MrkCastleLOD,1,1,-178496,3328,0,0.0
STAT,000E72CA,DweWallSconce02On,1,1,-165074,45204,0,0.0
STAT,0005661B,DweFacadeHallSmExBgExtender01,1,1,-164932,45527,0,0.0
STAT,00055198,DweFacadeBalconyCap01,1,1,-166942,45568,0,0.0
STAT,000BD6A9,DA13VineWall02,1,1,-170259,44217,0,0.0
STAT,000BD6A7,DA13VineWall01,1,1,-170287,44117,0,0.0
STAT,000BD6B1,DA13VineDweFacadeTower01,1,1,-170045,44166,0,0.0
STAT,0004C55F,DweHallBg1wayRamp01,1,1,-169600,44160,0,0.0
STAT,000581BD,DweRmSmMid01,1,1,-171136,44160,0,0.0
STAT,000BF9D1,Rug12,1,1,-143127,25759,0,0.0
STAT,000B9FD5,WallBasketLarge02,1,1,-143153,26032,0,0.0
STAT,00045600,MineCDirtMound02,1,1,-143148,26001,0,0.0
STAT,0001E682,NorTowerRuinsIntTopFloor02,1,1,-143917,27660,0,0.0
ACTI,000D2332,DoomstoneLover,1,1,-150234,20283,0,0.0
ACTI,0010DCA4,MineOreIron03_LReachMoss,1,1,-133041,11684,0,0.0
STAT,00065FFF,SkyHavenTmpExtPlatStairMid02,1,1,-131494,6247,0,0.0
ACTI,000DB894,CombatDummy01,1,1,-141478,5663,0,0.0
STAT,00065623,SkyHavenExteriorWalkway02,1,1,-141312,5912,0,0.0
STAT,0005032F,SkyHavenRubblePileSmall03,1,1,-140984,5647,0,0.0
STAT,000655ED,SkyHavenExteriorFacade01,1,1,-140254,7062,0,0.0
STAT,000655EF,SkyHavenExteriorWalkway01,1,1,-142751,6253,0,0.0
MISC,00068522,gemRubyFlawless,1,1,-145834,4272,0,0.0
MISC,0006851F,GemDiamondFlawless,1,1,-145818,4291,0,0.0
STAT,000F58C0,SFarmhouseSiloDirt01,1,1,-163020,6186,0,0.0
IDLM,000F9663,CleanWeaponIdleMarker,1,1,-160395,4923,0,0.0
STAT,000F5EC8,MountainTrim03ReachDirt01,1,1,-139606,2257,0,0.0
STAT,0004DBCF,Road3way01ReachDirt01,1,1,-149198,1591,0,0.0
STAT,000885D1,RoadStraightLongRamp02ReachDirt01,1,1,-150049,997,0,0.0
STAT,0007AAD3,MountainTrim02ReachMossyRocks01,1,1,-160592,61815,0,0.0
STAT,00080327,StonewallTerrace01ReachGrass01,1,1,-152768,58944,0,0.0
STAT,000811A2,StonewallTerraceStairs01ReachDirt01,1,1,-154912,58667,0,0.0
STAT,000811A3,StonewallTerraceEndL01ReachDirt01,1,1,-154780,58173,0,0.0
STAT,000811D7,StonewallTerraceLong01ReachDirt01,1,1,-153040,57824,0,0.0
FURN,000F18FC,BedrollHay01ReachGrassFL,1,1,-154279,59113,0,0.0
ACTI,0010DCA2,MineOreIron01_LReachMoss,1,1,-161136,60460,0,0.0
BOOK,00077536,dunPOIReachSwimmerJournal,1,1,-152573,47128,0,0.0
ARMO,0001CF2B,JewelryRingGold,1,1,-152574,47037,0,0.0
ARMO,00087833,JewelryNecklaceSilverEmerald,1,1,-152567,47041,0,0.0
STAT,0005B099,DwePlatBgStairMid01,1,1,-163840,45632,0,0.0
FURN,0003B46F,UpperChair01FL,1,1,-134154,37695,0,0.0
ACTI,0010DCC8,MineOreIron02_LReachGrass,1,1,-142117,37693,0,0.0
CONT,0008EA5E,TreasAfflictedChest,1,1,-142934,37637,0,0.0
STAT,00088897,DweIchorGoo01,1,1,-145174,39469,0,0.0
INGR,00106E1B,CritterPondFish02Ingredient,1,1,-145295,39994,0,0.0
SCRL,000A44C1,HealOtherScroll,1,1,-145306,40035,0,0.0
STAT,000BD6D2,DA13VineFloorLg01,1,1,-145164,39360,0,0.0
STAT,000BD6A2,DA13VineFloor02NoCol,1,1,-145237,39319,0,0.0
STAT,000BD6B4,DA13VineDweFacadeTowerArch01B,1,1,-145002,39435,0,0.0
WEAP,000A734F,EnchHuntingBowShock01,1,1,-144090,35379,0,0.0
STAT,0005FBC6,DwePipe3way01,1,1,-150234,34125,0,0.0
ALCH,000F431D,FoodVenisonStew,1,1,-142384,98196,0,0.0
STAT,000C5E43,ImpExtLighthouse01Snow,1,1,-142379,97899,0,0.0
STAT,00096EB9,RockCliff02PineForest01SnowLight,1,1,-133448,82294,0,0.0
ALCH,0003EAE7,RestoreStamina03,1,1,-150833,81944,0,0.0
INGR,0004DA22,Mushroom03,1,1,-150838,81978,0,0.0
STAT,0008C2B1,RockCliff07ReachGrass01_LightSN,1,1,-153552,84516,0,0.0
STAT,0009A9C8,NorRmSmWallSideExSm01Snow,1,1,-132136,79722,0,0.0
STAT,000A0897,HagravenSticks02Snow,1,1,-133152,80619,0,0.0
LIGH,0008E796,IceCave_Blue_Omni,1,1,-135028,78671,0,0.0
BOOK,0001AFCE,SkillSmithing1,1,1,-152274,80180,0,0.0
ACTI,000D54E9,MS09ThoraldSafeTrigger,1,1,-144501,117789,0,0.0
STAT,000D3C3F,MineScaffoldRope06_lightSNstock,1,1,-143747,105031,0,0.0
STAT,000D3C3D,MineScaffoldRope03_lightSNstock,1,1,-143798,105221,0,0.0
STAT,0006F753,ImpExtIceTowerShellWall02,1,1,-142923,99541,0,0.0
STAT,0006F755,ImpExtIceTowerShellWall04,1,1,-142923,99541,0,0.0
STAT,0006F754,ImpExtIceTowerShellWall03,1,1,-142923,99541,0,0.0
STAT,0006F752,ImpExtIceTowerShellWall01,1,1,-142923,99541,0,0.0
STAT,00026E60,NorRmShaftMidCapBot01,1,1,-177881,-15641,0,0.0
STAT,00026E62,NorRmShaftMidExSm01,1,1,-177881,-15641,0,0.0
MISC,000F08FB,GlazedBowl02Nordic,1,1,-179364,-15363,0,0.0
FURN,000E23FA,BedrollHay01LDirt01F,1,1,-177564,-18658,0,0.0
FURN,000E240E,BedrollHay01Dirt01FL,1,1,-176155,-18366,0,0.0
KEYM,000A0D46,dunDeadCroneRockKey,1,1,-181965,-19197,0,0.0
STAT,0003A1EB,NorVineWall01NoCol,1,1,-132415,-21441,0,0.0
BOOK,0007EB03,Book2CommonMadmenoftheReach,1,1,-146332,-22853,0,0.0
BOOK,0001AFD3,Book0RansomOfZarek,1,1,-146352,-22789,0,0.0
BOOK,0007EBC2,Book1CheapTheCityofStone,1,1,-144485,-22091,0,0.0
STAT,00059ED5,GenericWell01,1,1,-145433,-22394,0,0.0
STAT,00058F0C,RockPileL04ReachMosRocks01,1,1,-144504,-21719,0,0.0
CONT,00042D91,OrcEndTable01,1,1,-145050,-23541,0,0.0
STAT,000930C5,MountainTrim02Tundra01,1,1,-104413,32670,0,0.0
BOOK,0001AFCC,SkillAlteration4,1,1,-124194,24994,0,0.0
STAT,0004447D,NorExtWallBg4Way01,1,1,-119056,18744,0,0.0
STAT,000267D5,NorThroneSTATIC,1,1,-122377,12926,0,0.0
STAT,00066012,SkyHavenTmpExtPlatStairCapR01,1,1,-127375,8401,0,0.0
STAT,0005032A,SkyHavenRubblePile03,1,1,-129660,10154,0,0.0
STAT,00050330,SkyHavenRubblePileSmall04,1,1,-128951,9241,0,0.0
STAT,00066004,SkyHavenTmpExtPlatWall01,1,1,-128162,7590,0,0.0
STAT,00066002,SkyHavenTmpExtPlatTowerBridge01,1,1,-128073,6131,0,0.0
STAT,0005032B,SkyHavenRubblePile04,1,1,-128543,7173,0,0.0
BOOK,0003A06F,dunPOIReachLoversJournal,1,1,-117849,370,0,0.0
STAT,00092DA9,RockCliff08Tundra01,1,1,-99697,58814,0,0.0
BOOK,0001B26D,SkillMarksman2,1,1,-108303,56533,0,0.0
STAT,000D927F,WallMountedBear03,1,1,-108235,56630,0,0.0
STAT,000C5442,DweCivWarWallChimney01,1,1,-124553,50732,0,0.0
FLOR,000ECA5C,FloraMushroom04SmallReachDirt01,1,1,-115186,47596,0,0.0
FLOR,000ECA5B,FloraMushroom04ReachDirt01,1,1,-115196,47732,0,0.0
ACTI,0010D01E,MineOreCorundum03_LDirt02,1,1,-100940,43250,0,0.0
STAT,000A688A,RockCliff02ReachDirt01MossyRocks01,1,1,-117794,44906,0,0.0
STAT,000EDBC9,BridgeLong01ReachDirt01,1,1,-116586,41779,0,0.0
MISC,000D955A,FlowerBasketDrop,1,1,-108644,96224,0,0.0
INGR,0003AD6F,SkeeverTail,1,1,-131009,91310,0,0.0
STAT,000EC9EA,RockAnimalDenReachDirt01_LightSN,1,1,-113121,88047,0,0.0
MSTT,0010EAC2,SignFourShieldsTavern01,1,1,-101285,83922,0,0.0
STAT,00000A73,StonewallTerraceEndR01,1,1,-102028,84517,0,0.0
ACTI,0004405D,DB06GaiusSceneTrigger,1,1,-101796,83967,0,0.0
STAT,0005D6E5,ImpWallSconceCandle02,1,1,-102959,83630,0,0.0
FURN,000B9E04,CommonChair02LR,1,1,-103279,82485,0,0.0
STAT,000E37A7,DragonBridge01,1,1,-99601,79068,0,0.0
SOUN,000209FD,AMBWaterStream01LP,1,1,-107306,80111,0,0.0
STAT,000D7957,RockAnimalDenDirt01,1,1,-120273,73547,0,0.0
ARMO,000D8D55,ForswornGauntlets,1,1,-104543,68536,0,0.0
STAT,00070BC2,CivilWarMap02,1,1,-103915,68465,0,0.0
STAT,000A9BF2,RockPileL03ReachMoss01MossyRocks01,1,1,-113983,69349,0,0.0
ALCH,0003EAE1,RestoreMagicka02,1,1,-120342,130475,0,0.0
STAT,000952D4,ShipWheelBreakStatic,1,1,-121617,127581,0,0.0
CONT,00020661,TreasWerewolfChestBoss,1,1,-104413,122577,0,0.0
STAT,000C2625,NorBridgeWoodPlanks02Snow,1,1,-104694,122562,0,0.0
STAT,000F4CEE,RockCaveEntrance02CoastBeach01LighttSnow,1,1,-130585,119574,0,0.0
STAT,00071841,ShackWallTop01Snow,1,1,-112877,112747,0,0.0
STAT,00071839,ShackWall03Snow,1,1,-112877,112747,0,0.0
MISC,00067184,SoulGemPiece004,1,1,-72146,23095,0,0.0
STAT,00099D33,SkeeverNestMoundL01,1,1,-91255,17112,0,0.0
STAT,00099D31,SkeeverNestMound02,1,1,-91512,17491,0,0.0
STAT,00099D3F,SkeeverNestMound01,1,1,-91319,17231,0,0.0
INGR,000E4F0C,DragonflyBlue,1,1,-84251,15324,0,0.0
MISC,0003ADA3,DragonScales,1,1,-84213,15302,0,0.0
STAT,00030122,NorRubblePile02,1,1,-83952,15459,0,0.0
MSTT,0010EAC3,SignFrostfruitInn01,1,1,-83334,8116,0,0.0
BOOK,000D95E3,dunPOIChillwindJournal1,1,1,-95034,59460,0,0.0
KEYM,00078DC2,dunRobbersGorgeCoveKey,1,1,-79066,45547,0,0.0
STAT,0002FB64,ShackBrokePole03,1,1,-71338,44444,0,0.0
ALCH,0003AC2E,Waterbreathing01,1,1,-71225,44266,0,0.0
MSTT,000F6A8D,TundraStreamTransition01RiverMud01,1,1,-78017,43090,0,0.0
BOOK,000ED5F6,Book2CommonRisingThreatV3,1,1,-96932,43497,0,0.0
BOOK,000ED035,Book2CommonRiftenOfCrossedDaggers,1,1,-96813,43803,0,0.0
BOOK,000E2FC5,Book2CommonDunmerOfSkyrim,1,1,-96806,43608,0,0.0
BOOK,000ED604,Book1CheapHorkers,1,1,-96910,43566,0,0.0
BOOK,000ED030,Book1CheapNineHolds,1,1,-96958,43603,0,0.0
BOOK,000ED02E,Book1CheapWhiterun,1,1,-96952,43539,0,0.0
MSTT,000FB9B0,Campfire01LandBurningFieldGrass01,1,1,-93233,33793,0,0.0
CONT,0010EE0C,TreasCWImperialChestCWMission07,1,1,-93092,33286,0,0.0
STAT,000E8E7F,CrateSmallLong01EECo,1,1,-66439,98062,0,0.0
STAT,000E8E7E,CrateSmallLong04EECo,1,1,-66187,97487,0,0.0
CONT,000D6AA4,MerchantSolitudeEastEmpireCompany,1,1,-66337,97712,0,0.0
ALCH,00065C9F,FoodSalmon,1,1,-66116,97728,0,0.0
STAT,00092543,SEastEmpireSign,1,1,-66095,97437,0,0.0
STAT,00092527,SEastEmpireCO,1,1,-66620,98160,0,0.0
BOOK,0001ACC7,Book2CommonBeggarPrince,1,1,-66496,98032,0,0.0
STAT,000FE1F5,HandCartWheelL01,1,1,-75847,96933,0,0.0
STAT,000FE1F3,HandCartCrate,1,1,-73943,96533,0,0.0
STAT,000B11B8,SFarmhouse02,1,1,-75465,96030,0,0.0
STAT,000B11AC,SFarmhouse01,1,1,-75337,97345,0,0.0
ALCH,0003EAF2,FortifyHealth01,1,1,-69408,92778,0,0.0
STAT,000B3FC0,SSawWaterWheel,1,1,-77593,90264,0,0.0
STAT,000B3954,SLumberMill01,1,1,-77593,90264,0,0.0
STAT,000B36E5,SFarmPorch02,1,1,-78906,91687,0,0.0
STAT,000B36DD,SFarmhouse03,1,1,-78906,91687,0,0.0
FURN,00037A2E,InvisibleChairMarkerLR,1,1,-92821,88521,0,0.0
INGR,000BB956,DragonflyOrange,1,1,-90905,79832,0,0.0
BOOK,000DC198,dunPOITundraMarshDogJournal,1,1,-71930,76074,0,0.0
INGR,0003AD5D,FalmerEar,1,1,-91810,67389,0,0.0
STAT,000D8DA1,RoadSignDragonBridge01L,1,1,-84546,130064,0,0.0
STAT,0010802E,RockCaveEntrance02_LightSnow,1,1,-75695,123578,0,0.0
STAT,0008569E,RockCaveEntrance02CoastBeach01,1,1,-91659,125269,0,0.0
WEAP,00089708,EnchIronBattleaxeFear01,1,1,-67338,117874,0,0.0
WEAP,00029B82,StaffFireball,1,1,-67386,117606,0,0.0
STAT,0007BC8A,SThalmorHouse,1,1,-81223,116639,0,0.0
STAT,0007F92E,SPatioWall03Snow,1,1,-81004,117320,0,0.0
STAT,0007BC44,SThalmorEmbassy,1,1,-79978,114834,0,0.0
ACTI,000D2333,DoomstoneSteed,1,1,-96269,115527,0,0.0
STAT,0007F303,SThalmorBarracks,1,1,-80099,112120,0,0.0
STAT,0007F931,SPatioWallEntranceSnow,1,1,-79282,111813,0,0.0
STAT,0007F932,SPatioWall45Snow,1,1,-81594,114224,0,0.0
DOOR,0005E91D,SDoorJail01,1,1,-69242,102846,0,0.0
STAT,000C2A1D,SCWgate,1,1,-69174,102893,0,0.0
STAT,0004E3E7,SMainGate,1,1,-65648,104436,0,0.0
STAT,0007BC6C,SPatioWall45,1,1,-69904,102853,0,0.0
STAT,000F13C4,BlackPlane01,1,1,-66600,100702,0,0.0
BOOK,000ED061,Book2CommonSolitude,1,1,-69267,101489,0,0.0
ACTI,000ECBEF,TG04StealthTrigger,1,1,-67152,99822,0,0.0
STAT,0001991B,SDoorFrameExterior01,1,1,-67173,99887,0,0.0
STAT,0007ADF2,SBridge01,1,1,-66173,99810,0,0.0
STAT,00058831,SolitudeRockArch01,1,1,-67118,101909,0,0.0
STAT,0004B77C,CWTower01,1,1,-72626,99794,0,0.0
STAT,00106FCF,CivilWarRubble03SolDirt,1,1,-71885,100858,0,0.0
STAT,00032D1D,NorRubblePile03Snow,1,1,-40645,31210,0,0.0
MSTT,0009211D,FXWaterfallThinSheet,1,1,-62444,23123,0,0.0
MSTT,00084CEB,FXWaterfallThin3096x256,1,1,-62949,23137,0,0.0
ARMO,00013EDB,ArmorImperialLightHelmet,1,1,-45876,1617,0,0.0
MSTT,00101A51,Campfire01LandBurningTundra01,1,1,-62162,2845,0,0.0
ACTI,0010DEC3,defaultSetStageTRIGOnLeavePlayerOnly,1,1,-38566,63542,0,0.0
MSTT,0010EAC5,SignMoorsideInn01,1,1,-39857,65407,0,0.0
ACTI,00081322,defaultStartSceneTrigger,1,1,-38773,63540,0,0.0
MISC,000E3CB7,BurnedBook01,1,1,-41098,63561,0,0.0
STAT,000A6082,MS14CoffinGrounds,1,1,-43334,64129,0,0.0
STAT,00095FB6,RockPileL04FieldGrass01,1,1,-55012,56319,0,0.0
ACTI,000D987F,ShrineOfKynareth,1,1,-49954,48824,0,0.0
ALCH,0003AC2F,Waterbreathing02,1,1,-49982,48811,0,0.0
ARMO,000C5D12,ClothesWarlockBoots,1,1,-49987,48915,0,0.0
ARMO,000D1921,ClothesBoots01,1,1,-50069,48747,0,0.0
STAT,00093480,DockColStrSignRope01,1,1,-64951,96029,0,0.0
STAT,000AE63B,DockStr4way01,1,1,-63927,94255,0,0.0
ACTI,000FE52A,DBAstridLeaveShackTrigger,1,1,-34286,93993,0,0.0
STAT,0009347B,DockColStr02,1,1,-65146,93551,0,0.0
ACTI,0010DC30,MineOreCorundum04_LFrozenMarshGrass,1,1,-58507,89138,0,0.0
STAT,000B018C,DirtCliffs01FrozenMarshLichen01,1,1,-59759,88845,0,0.0
STAT,000B425F,DirtCliffsCornerIn01FrozenMarshLichen01,1,1,-35965,82153,0,0.0
STAT,000D92A9,RockPileS04FrozenMarshDirtSlope01,1,1,-39059,83575,0,0.0
STAT,000B018D,DirtCliffs02FrozenMarshLichen01,1,1,-47114,82891,0,0.0
STAT,000B425E,DirtCliffsCornerIn01FrozenMarshGrass01,1,1,-44617,80311,0,0.0
STAT,00109E57,NorEnchantedDias01,1,1,-42903,78411,0,0.0
ACTI,000D2331,DoomstoneApprentice,1,1,-55760,79810,0,0.0
ACTI,0010DC38,MineOreIron04_LFrozenMarshGrass,1,1,-63831,81716,0,0.0
BOOK,0001B019,SkillLockpicking1,1,1,-48095,76564,0,0.0
ARMO,000135BA,ArmorImperialShield,1,1,-54820,69796,0,0.0
STAT,0003E22E,ImpWoodbeam08,1,1,-55457,70832,0,0.0
STAT,0005AD4F,ImpStableEnd01,1,1,-58544,70624,0,0.0
ARMO,0002015A,CWDummyGauntletsSons,1,1,-56138,68814,0,0.0
STAT,000513AF,ImpExtBldgSecondICorner02,1,1,-56130,69486,0,0.0
STAT,00075262,SLighthouse01,1,1,-47153,128558,0,0.0
MISC,000F03F8,dunAlftandEmptySkoomaBottle,1,1,-50539,129950,0,0.0
STAT,00066AF4,ArcheryTargetTripod,1,1,-50895,121998,0,0.0
STAT,0008E2DE,SNineDivine,1,1,-58022,111519,0,0.0
STAT,0007AC6B,ShipwreckLarge01NoLOD,1,1,-33836,109282,0,0.0
ACTI,00050E75,ShipWheelBreak01,1,1,-33447,108019,0,0.0
STAT,0002BD8F,ShipAnchorWheel01,1,1,-33381,109909,0,0.0
STAT,0002BD90,ShipAnchorWoodhole01,1,1,-33382,109932,0,0.0
STAT,0005F223,ImpCandelabraCandleOff01,1,1,-34031,108905,0,0.0
STAT,00095C28,ShipKatariahWheel01,1,1,-48411,108565,0,0.0
STAT,00098597,ShipKatariahAnchorWheel01,1,1,-47689,108840,0,0.0
STAT,00098598,ShipKatariahAnchorWoodhole01,1,1,-47693,108801,0,0.0
ACTI,000769DB,DB11KatariahEnterTrigger,1,1,-48789,107256,0,0.0
FURN,000985C2,ShipKatariahThrone01,1,1,-48157,109395,0,0.0
STAT,00092183,ShipLargeKatariah02,1,1,-48835,107191,0,0.0
MISC,000DABAB,Lute,1,1,-48153,107748,0,0.0
STAT,0008E2D8,SVittoriaViciHouse_LOD,1,1,-56597,106835,0,0.0
STAT,0004E65E,SCastleWall03,1,1,-56687,108147,0,0.0
STAT,000E73A5,SCastleWall06,1,1,-57751,110523,0,0.0
STAT,000E73A3,SNineDivineCourt,1,1,-59470,110071,0,0.0
STAT,00040F43,SCastle,1,1,-60195,109346,0,0.0
STAT,00058813,SolitudeRockArch02,1,1,-58346,107574,0,0.0
STAT,0008E2D2,SHMd_Apothecary_LOD,1,1,-63408,106586,0,0.0
STAT,00050C58,SCastleWall01,1,1,-64584,106767,0,0.0
STAT,000E4AA1,RockPileM03CoastBeachGrass01,1,1,-34293,105186,0,0.0
WEAP,0006EA8B,dunKatariahScimitar,1,1,-49852,103898,0,0.0
STAT,0008E2CF,SBrylingHouse_LOD,1,1,-53225,103644,0,0.0
STAT,000EE66E,SBardsCollegeTower_LOD,1,1,-54402,105002,0,0.0
STAT,0008E2D3,SHouseForSale_LOD,1,1,-55443,105952,0,0.0
STAT,0008E2D0,SErikurHouse_LOD,1,1,-55035,102920,0,0.0
STAT,0008E2D4,SMuseleum_LOD,1,1,-57208,104187,0,0.0
STAT,0008E2D1,SEvetteSanHouse_LOD,1,1,-56438,104731,0,0.0
STAT,0005E0C3,SCastleWall05,1,1,-55850,102830,0,0.0
STAT,0008E2CC,SBardsCollege_LOD,1,1,-54402,105002,0,0.0
STAT,00037F00,SolitudeBase,1,1,-55488,104640,0,0.0
STAT,00058832,SolitudeRockArch03,1,1,-55492,104636,0,0.0
SOUN,00000F59,OBJWindmillSolitudeLP,1,1,-60310,103431,0,0.0
STAT,0008E2D6,SStyrrsHouse_LOD,1,1,-57864,105432,0,0.0
STAT,00050C57,SWindMill,1,1,-60240,105319,0,0.0
STAT,0008E2DF,SolitudeBaseMarket,1,1,-63453,105364,0,0.0
STAT,0008E2D9,SWell_LOD,1,1,-63272,105771,0,0.0
STAT,0008E2D7,STheWinkingSkeever_LOD,1,1,-64652,105749,0,0.0
STAT,0008E2D5,SRaidiantRaiments_LOD,1,1,-63838,104210,0,0.0
STAT,0008E2CD,SBitsandPieces_LOD,1,1,-63000,104821,0,0.0
STAT,00051583,SCastleWall02,1,1,-63408,103825,0,0.0
STAT,00051582,SCastleWall04,1,1,-61665,104210,0,0.0
STAT,000E45F2,RockPileS04CoastBeachGrass01,1,1,-35697,100276,0,0.0
STAT,0008E2CE,SBluePalace_LOD,1,1,-51687,100839,0,0.0
STAT,00058834,SolitudeRockArch04,1,1,-49785,98759,0,0.0
STAT,000801BB,SCastleWall08,1,1,-54040,101744,0,0.0
STAT,000F1F7B,RockPileS04Tundra01,1,1,-15882,26070,0,0.0
STAT,0003CDE3,WRHouseWind01,1,1,-30562,27225,0,0.0
STAT,0003ABF3,StonewallTerraceEndL01FieldGrass01,1,1,-32058,27231,0,0.0
STAT,00093085,StonewallTerraceCorner01FieldGrass,1,1,-31083,26920,0,0.0
STAT,0003ABF2,StonewallTerraceLong01FieldGrass01,1,1,-31572,27072,0,0.0
ACTI,000DFA70,defaultSetStageTRIGSpecificFaction,1,1,-19149,20037,0,0.0
BOOK,0001ACE7,Book3ValuableArgonianAccountBook2,1,1,-27288,15852,0,0.0
MISC,0003AD8F,CowHide,1,1,-26900,15242,0,0.0
FLOR,0004DA0A,FloraMushroom05,1,1,-26604,15492,0,0.0
STAT,000B4001,RockCliffMineEntranceFieldGrass01,1,1,-14953,7684,0,0.0
SCRL,000A44BF,TurnLesserUndeadScroll,1,1,-31039,60465,0,0.0
WEAP,00029B7A,StaffRevenant,1,1,-31085,60281,0,0.0
DOOR,000C5A1A,ShrineMehrunesDoor01,1,1,-855,51487,0,0.0
STAT,000C5999,ShrineMehrunes01,1,1,-683,51546,0,0.0
STAT,0009A7DC,NorRubblePile07Snow,1,1,-1588,47649,0,0.0
STAT,0009A7DD,NorRubblePile08Snow,1,1,-1446,46474,0,0.0
STAT,0002A572,RuinsSconceSnow,1,1,-1072,48513,0,0.0
STAT,0005DFE7,NorRmShaftMidCapBot01Snow,1,1,-21662,45114,0,0.0
LIGH,000F7CBF,DefaultBlueBounce01NS,1,1,-18558,43480,0,0.0
STAT,000F089B,NorRunner03,1,1,-18615,43589,0,0.0
MSTT,000F08A2,NorBanner03,1,1,-18810,43699,0,0.0
MSTT,000F08A3,NorBanner04,1,1,-18607,43817,0,0.0
BOOK,000F98B4,dunLabyrinthianMaskClue,1,1,-18569,43486,0,0.0
STAT,0003F7F4,RuinsBrokenThrone01,1,1,-18035,42534,0,0.0
STAT,00081D9F,DragonPriestMaskAltarRuined01,1,1,-18571,43508,0,0.0
ACTI,000BBCA6,MG07VisionTrigger,1,1,-23124,42653,0,0.0
STAT,000B5D11,NorTempleExterior02Snow,1,1,-23500,41480,0,0.0
STAT,0006A528,NorTowerRuinsIntTopFloor02Snow,1,1,-20496,43895,0,0.0
STAT,000305A4,WRIntLadder01,1,1,-14368,38678,0,0.0
STAT,000F498E,NorTempleEntranceHall01SnowLight,1,1,-23574,40679,0,0.0
ACTI,0010DC37,MineOreIron03_LFrozenMarshGrass,1,1,-23976,95545,0,0.0
STAT,0006CFC9,CommonBench01STATICsnow,1,1,-13582,92550,0,0.0
STAT,0006CFCA,CommonTableSquare01snow,1,1,-13478,92341,0,0.0
STAT,0006CFC8,CommonShelf04OpenSnow,1,1,-14250,92618,0,0.0
ARMO,000330B3,ClothesFarmHat01,1,1,-14209,92612,0,0.0
STAT,000CD0B2,MountainTrim03FrozenMarshGrass01,1,1,-21794,88838,0,0.0
STAT,000A2D71,DweFacadeLiftDown01ice,1,1,-612,85617,0,0.0
STAT,000BFDBD,DweFacadeHallSm1wayRamp01snow,1,1,-100,85617,0,0.0
STAT,000CBB41,RockPileS01FGrassSnow01,1,1,-11225,83536,0,0.0
STAT,000E75EC,FrozenMarshIceLandBrokenL01,1,1,-32754,85985,0,0.0
CONT,0008008E,TreasDraugrAmbushCorpseWrapped02,1,1,-5822,78890,0,0.0
STAT,000835AE,NorRmShaftMid01ice,1,1,-5841,78966,0,0.0
STAT,00043326,NorRmShaftMidStair01Snow,1,1,-5841,78966,0,0.0
STAT,00072607,NorSarcophagusBottomSnow,1,1,-5809,78897,0,0.0
STAT,000CEDF3,RockPileS02FrozenMarshDirtSlope01,1,1,-19394,79039,0,0.0
MSTT,000CBB23,Campfire01LandBurningFrozenMarshDirtSlope01,1,1,-19410,79026,0,0.0
ACTI,00071657,MS14MovarthsLairTrigger,1,1,-32022,77244,0,0.0
ACTI,0003915F,dunPOISnowyGhostEventTrigger,1,1,-18280,72168,0,0.0
MSTT,0001643D,FXMistLow01HalfVisAdjust,1,1,-18158,73218,0,0.0
STAT,0008CD62,TundraStreamBend01Snow01,1,1,-11699,67007,0,0.0
ACTI,0010DC49,MineOreCorundum04_LFrozenMarshLichen,1,1,-23677,67976,0,0.0
ASPC,000D78B9,IntRoomWoodShip03ExteriorTempTemp,1,1,-2428,119549,0,0.0
STAT,000D06AB,CommonBedDouble01Static,1,1,-3471,120302,0,0.0
CONT,0010E885,BarrelIngredientUncommon01_NoRespawn,1,1,-2490,119180,0,0.0
STAT,00030000,ShipwreckLarge02,1,1,-2338,119786,0,0.0
STAT,000E8FD3,RockPileL01CoastOceanFloor01,1,1,-2129,121191,0,0.0
STAT,000CD0EA,RockPileM01GrassSnow01,1,1,-3190,101873,0,0.0
ACTI,0010DE38,DunBrokenOarMakeEnemy,1,1,-67466,141103,0,0.0
ACTI,0010DC9A,MineOreCorundum01_LReachMoss,1,1,-98821,-33688,0,0.0
BOOK,0001AFCB,SkillAlteration3,1,1,-100168,-33320,0,0.0
STAT,0003A1EE,NorVineWall01,1,1,-100200,-33378,0,0.0
MSTT,0010EAC6,SignOldHroldan01,1,1,-113516,-8032,0,0.0
STAT,0010ACC2,FirewoodPileHuge1,1,1,-113334,-8654,0,0.0
LIGH,000DA628,MarkarthFireLight,1,1,-114056,-15474,0,0.0
LIGH,000B9E26,FalmerBlueLight01NS,1,1,-100786,-25830,0,0.0
FLOR,0007EE00,GlowingMushroomCluster,1,1,-100755,-25924,0,0.0
STAT,00039C7F,RockAnimalDenReachDirt01,1,1,-105238,-32123,0,0.0
BOOK,0001B007,SkillMarksman3,1,1,-69835,-67495,0,0.0
STAT,0004559E,MineScaffoldBase0Sided01,1,1,-72165,-69075,0,0.0
AMMO,000139BE,GlassArrow,1,1,-69473,-76728,0,0.0
STAT,0002A6E1,NorExSmFree01,1,1,-71416,-81305,0,0.0
STAT,000596BF,RockPileL04PineForest03,1,1,-71788,-82426,0,0.0
ARMO,000D8D4E,ForswornBoots,1,1,-84489,-33299,0,0.0
ACTI,0007A886,TrapSkullRam01,1,1,-87333,-35267,0,0.0
WEAP,0001398A,SteelWarhammer,1,1,-77391,-38708,0,0.0
STAT,000183DA,StockadeScaffoldTopPost03,1,1,-77329,-40160,0,0.0
STAT,000183D9,StockadeScaffoldTopRope03,1,1,-77329,-40160,0,0.0
ARMO,000D8D52,ForswornHelmet,1,1,-86730,-39425,0,0.0
SLGM,0002E4F4,SoulGemGreater,1,1,-92234,-41535,0,0.0
SLGM,0002E4E4,SoulGemLesser,1,1,-92242,-41514,0,0.0
ACTI,0010DCD1,MineOreCorundum01_LReachGrass,1,1,-68010,-48076,0,0.0
STAT,00097717,RockPileL02Dirt01,1,1,-78628,-51249,0,0.0
BOOK,00083AE3,dunSerpentsBluffNote,1,1,-96006,-7344,0,0.0
ACTI,00077DA6,CWMap01,1,1,-96629,-7066,0,0.0
BOOK,0001ACB9,Book1CheapBriefHistoryoftheEmpirev1,1,1,-97544,-4509,0,0.0
ACTI,0010D072,MineOreMoonstone04_LTundraRocks,1,1,-85349,-16920,0,0.0
WEAP,00020162,CWDummyWeapon2HSons,1,1,-69072,-23736,0,0.0
WEAP,000200A6,CWDummyWeapon2HImperial,1,1,-69071,-23714,0,0.0
WEAP,00020164,CWDummyDaggerSons,1,1,-69384,-23358,0,0.0
WEAP,00020049,CWDummySwordImperial,1,1,-69406,-23380,0,0.0
ACTI,0010DCCE,MineOreCorundum04_LReachGrass,1,1,-84136,-25212,0,0.0
MSTT,000F3DF8,NorExtWallBg1WayCurve01WaterR,1,1,-94726,-28290,0,0.0
STAT,00081BB8,RockPileL03ReachMossyRocks01,1,1,-88332,-31014,0,0.0
MSTT,000F3DF7,NorExtWallBg1WayCurve01WaterL,1,1,-93363,-29964,0,0.0
TREE,000EF5A0,TreePineForestSnowL01Dead,1,1,-56292,-101047,0,0.0
STAT,000000C4,WaterCurrentZoneMarker,1,1,-51882,-67056,0,0.0
STAT,00061923,DirtCliffsCornerOut01PineForest03,1,1,-50461,-69183,0,0.0
STAT,00061925,DirtCliffsCornerIn01PineForest03,1,1,-49791,-68154,0,0.0
BOOK,0001AFE8,SkillConjuration2,1,1,-35509,-72960,0,0.0
STAT,00052EB5,ImpRubblePileCeiling02,1,1,-35205,-73049,0,0.0
STAT,00052EA1,ImpRubblePileCeilingSmall01,1,1,-35393,-73073,0,0.0
BOOK,0001AFEA,SkillConjuration4,1,1,-53721,-76998,0,0.0
BOOK,0002F83A,SkillEnchanting4,1,1,-43373,-78800,0,0.0
ACTI,0002BE60,DA05OpeningFuneralTrigger,1,1,-34626,-85819,0,0.0
LIGH,0010E15B,FarmExteriorLight01,1,1,-34355,-84403,0,0.0
ACTI,000F5A1A,DBShadowmereTrigger,1,1,-41398,-83697,0,0.0
SOUN,00097627,AMBDarkBrotherhoodDoor900LP,1,1,-42372,-83976,0,0.0
LIGH,000A0E74,BlackDoorLightExterior01NS,1,1,-42137,-83959,0,0.0
ACTI,0005312E,DB09OutsideSancTrigger,1,1,-41019,-83693,0,0.0
STAT,0001D4A5,NorRmSmFloorRaised02,1,1,-42151,-83964,0,0.0
STAT,00013F7F,NorRmSmCorOutL01,1,1,-42045,-84220,0,0.0
MSTT,000EEE06,BFXOilBarrelClosed01,1,1,-41979,-85995,0,0.0
STAT,0004D7D9,WalkwayCWallEnd02,1,1,-33931,-88339,0,0.0
STAT,000F1D82,WalkwayCWallGate02,1,1,-33417,-89073,0,0.0
CONT,000774C9,TreasOrcChestBoss,1,1,-56637,-86042,0,0.0
STAT,00042D3D,OrcTableRound01,1,1,-54915,-88105,0,0.0
BOOK,0001B021,SkillSneak4,1,1,-43025,-90232,0,0.0
BOOK,000993FC,DunPoiHuntersJournal,1,1,-43003,-90253,0,0.0
IDLM,00072A86,WoundedIdleMarker,1,1,-56747,-49590,0,0.0
STAT,0004FFF5,RockPileM02PineForest03,1,1,-55091,-52121,0,0.0
STAT,000D1EC9,RockPileS01PineForest03,1,1,-56716,-49936,0,0.0
BOOK,0001AFC7,SkillAlchemy4,1,1,-50719,-62713,0,0.0
BOOK,0003A523,DunPoiAlchemistsJournal,1,1,-50671,-62591,0,0.0
CONT,000997FF,SpitPotClosedLoose01AlchemyCommon,1,1,-50757,-62808,0,0.0
BOOK,0002F839,SkillEnchanting3,1,1,-44709,-5732,0,0.0
BOOK,0001B025,SkillSpeechcraft3,1,1,-52838,-7993,0,0.0
MISC,0005CAE0,BlacksmithTongs01,1,1,-52781,-8007,0,0.0
ACTI,00038292,T02RukiTrigger,1,1,-62075,-9282,0,0.0
STAT,000351CE,CrabCarapace01,1,1,-58733,-13966,0,0.0
TREE,000F64BF,TreeReachTree01Magic,1,1,-39628,-18274,0,0.0
LIGH,000A9280,SleepingTreeCampMagicWaterLight,1,1,-39610,-18270,0,0.0
ACTI,000E1FC1,dunSleepingTreeSapSpigot,1,1,-39631,-18232,0,0.0
STAT,000A92A1,RockCaveEntrance01TundraRocks01,1,1,-41476,-17441,0,0.0
STAT,0004285B,NorPuzzleKeyWhale01,1,1,-32920,-24716,0,0.0
ARMO,0004223B,ClothesMerchantHat,1,1,-59092,-31663,0,0.0
MSTT,000D201B,GenericBannerBlue03,1,1,-18162,-102910,0,0.0
STAT,0010411B,SpitSmall01,1,1,-25890,-105290,0,0.0
ARMO,000CEE80,ClothesFineClothes02,1,1,-25706,-105398,0,0.0
STAT,000C3D36,Whfirepit01,1,1,-25895,-105279,0,0.0
STAT,0003F94E,WallMountedElkMale,1,1,-26155,-105641,0,0.0
ACTI,000CAB4A,dunArcherShootingBoxTrigger,1,1,-27032,-103462,0,0.0
CONT,00020662,TreasVampireChest,1,1,-129,-110957,0,0.0
STAT,000770DF,CommonTableSquare01ice,1,1,-3,-111079,0,0.0
WEAP,00022265,dunPinewoodGroveWoodsmansFriend,1,1,-11592,-67641,0,0.0
MSTT,0002FB67,ShackBrokeWood09,1,1,-15219,-68626,0,0.0
MSTT,0002FB65,ShackBrokeWood07,1,1,-15261,-68679,0,0.0
STAT,00013FB0,NorHallSm1wayStairs128ExSm02,1,1,-27648,-71989,0,0.0
STAT,00013FAF,NorHallSm1wayStairs128ExSm01,1,1,-27648,-72245,0,0.0
ARMO,00056A9D,ArmorDraugrBoots,1,1,-28298,-73017,0,0.0
STAT,0007EA42,RuinsCandleSconceOn2,1,1,-27838,-71842,0,0.0
BOOK,0009793A,DUNPOIDragonAttackNote,1,1,-317,-83743,0,0.0
STAT,0005957B,TundraStreamStraight01PineForest02,1,1,-27424,-83348,0,0.0
TREE,0008B5C4,TestTreeFloraMountainFlower01Blue,1,1,-17935,-87562,0,0.0
STAT,000EF326,FarmWell01,1,1,-26956,-87202,0,0.0
MSTT,0010EAC1,SignDeadMansDrink01,1,1,-31920,-87778,0,0.0
MSTT,0010704F,SignGeneralGoods01,1,1,-32531,-88938,0,0.0
STAT,000C0523,WalkwayFull02,1,1,-32591,-89995,0,0.0
STAT,000F1D04,FarmLonghouse01,1,1,-28970,-86763,0,0.0
ALCH,000722BD,FoodVenisonCooked,1,1,-12570,-95404,0,0.0
ACTI,0005A00C,BFBexteriorFlyoverTRIG,1,1,-12909,-47834,0,0.0
STAT,0008A0F4,RockPileL04Snow01NoSnow,1,1,-10004,-51951,0,0.0
STAT,0002ED93,RockPileL04DirtSnowPath,1,1,-12821,-49865,0,0.0
ACTI,000D2330,DoomstoneLady,1,1,-32428,-55399,0,0.0
STAT,000C1ADE,DoomstoneCircle04,1,1,-32428,-55399,0,0.0
MSTT,000E7C9A,Campfire01LandBurningRiverBedEdge01,1,1,-268,-61012,0,0.0
STAT,00040B2F,ImpExtTowerShellDoor04,1,1,-14496,-6282,0,0.0
WEAP,00020156,CWDummyBattleaxeSons,1,1,-12405,-7595,0,0.0
STAT,0004285A,NorPuzzleKeySnake01,1,1,-31289,-24305,0,0.0
STAT,00042856,NorPuzzleKeyEagle01,1,1,-32519,-24479,0,0.0
STAT,00026E5F,NorRmShaftMidStairTop01,1,1,-31819,-23895,0,0.0
ACTI,0010D710,MineOreIron03_LFieldGrass01,1,1,-16590,-25689,0,0.0
