sig,formid,editor_id,n,cells,cx,cy,rg_units,hull_cells2
TREE,02019C5B,DLC2TreeThicketAsh01,909,103,48338,34940,23888,217.6
?,000ABD65,<000ABD65>,592,87,59791,70647,21403,177.3
?,00022201,<00022201>,433,61,45797,37976,20408,132.7
?,00000034,<00000034>,362,124,48557,57309,29094,304.1
TREE,02017E94,DLC2TreeFloraScathecraw02,270,79,47525,36666,20387,131.3
?,000A731D,<000A731D>,208,50,61221,70274,16315,113.2
?,0004FF0E,<0004FF0E>,205,47,46986,29401,20181,123.8
?,0009DAA1,<0009DAA1>,174,69,61757,67161,17674,110.7
?,0002695A,<0002695A>,169,77,53264,72813,19878,123.9
?,0001E595,<0001E595>,165,80,51719,53317,31618,358.3
TREE,02019B16,DLC2TreeDeadShrubAsh,162,57,53334,35809,24509,134.3
?,000140BD,<000140BD>,157,43,47502,60918,33593,310.5
STAT,02017F6C,DLC2TreePineForestLogSm01AshL,154,65,54170,35492,22975,190.2
TREE,02017E93,DLC2TreeFloraScathecraw01,154,70,49506,33589,19257,110.6
?,0000003B,<0000003B>,143,71,48119,51465,32930,557.0
TREE,02017F62,DLC2TreePineForestDeadAshL05,141,52,49770,40204,22407,146.5
TREE,02019C60,DLC2TreePineShrubAsh02,132,70,48999,39080,20083,132.4
TREE,02016E25,DLC2TreeFloraSpikyGrassAsh02,130,58,61452,58704,34301,276.7
?,00085F83,<00085F83>,130,55,35755,59948,37335,287.4
?,0010C0E3,<0010C0E3>,129,21,34056,41529,23757,202.4
FLOR,02018B19,DLC2FloraTramaRoot03,119,57,48688,31966,17410,87.6
?,0002695C,<0002695C>,119,66,52324,74890,19299,128.3
STAT,02019C6B,DLC02AshDuneVolcAsh01M02,118,51,47871,32549,15655,68.6
TREE,02016E24,DLC2TreeFloraSpikyGrassAsh01,118,49,58991,52247,35235,270.8
?,000A7329,<000A7329>,116,33,42770,51464,32362,206.2
?,000BCF34,<000BCF34>,114,55,56060,65457,18918,92.3
?,000197CA,<000197CA>,106,62,48542,72183,20096,94.4
TREE,02017F5C,DLC2TreePineForestDeadAshL03,104,53,47410,30910,14845,75.6
STAT,02017F77,DLC2TreePineForestBroken04,100,42,55097,32439,17384,99.9
FLOR,02017005,DLC2FloraTramaRoot01,100,51,47945,30713,16883,102.7
?,0005C06E,<0005C06E>,100,38,64201,68892,15240,54.6
?,00060220,<00060220>,92,49,53798,71854,18946,104.9
?,000EF5A1,<000EF5A1>,92,42,58501,75691,21252,112.2
?,0001EF52,<0001EF52>,87,57,49491,73973,19386,119.1
STAT,02019C69,DLC02AshDuneVolcAsh01M01,86,45,47043,29259,14323,70.8
STAT,02016E0A,DLC2RockPileM02Rocks01VolcanicAsh01,85,49,49897,31186,15026,73.2
STAT,020185E5,DLC2TreePineForestBroken05,85,45,57211,34525,19975,125.8
TREE,02017F5B,DLC2TreePineForestDeadAshL02,85,46,50942,35531,18303,96.0
?,00000021,<00000021>,83,23,54819,42790,29317,217.6
TREE,02017F60,DLC2TreePineForestDeadAshL04,82,46,50589,34416,18554,86.4
STAT,0201E0B8,DLC2RockS02_Ash,78,27,45013,35273,24962,163.5
?,000EF5A3,<000EF5A3>,78,38,59371,76745,17748,113.6
?,000CD0F1,<000CD0F1>,78,32,67510,71031,11426,73.0
STAT,0201EE66,RockPileM02LightSnow,77,47,59602,74453,17224,111.5
FLOR,0203828D,DLC2PearlOysterThin01,72,52,48490,52231,36764,298.9
?,00085F82,<00085F82>,72,34,42067,69074,38281,295.2
TREE,02019C5E,DLC2TreePineShrubAsh01,72,36,45106,38414,21931,128.1
?,00086929,<00086929>,72,22,62283,79318,23163,100.3
STAT,020195EB,DLC2TreePineForestBroken02,71,48,53940,34672,19076,93.0
STAT,0201A57C,DLC02AshDuneVolcAsh01M03,70,35,50829,33410,16052,58.2
FLOR,0203828C,DLC2PearlOysterLarge01,69,48,48827,59791,38542,287.5
STAT,02019A27,DLC2RockM01_Ash,68,45,48547,29670,17277,88.9
?,000AA934,<000AA934>,67,35,49038,63642,26319,215.7
STAT,0201D500,DLC2TreePineForestBroken06,67,43,53615,34857,16272,75.6
?,00086923,<00086923>,65,25,60146,46810,32336,151.5
TREE,02017F71,DLC2TreePineForestAshL05,65,29,45808,50695,21241,84.6
FLOR,020184EF,DLC2FloraTramaRoot02,63,33,49471,27708,15404,69.4
STAT,0201D4F7,DLC2TreePineForestBrokenCluster01,63,47,51958,35105,18702,91.7
?,0005C06F,<0005C06F>,63,30,65604,68712,19163,76.8
?,0003E6A1,<0003E6A1>,63,6,82565,70296,13219,51.8
?,0002695B,<0002695B>,62,42,59797,69055,19362,102.8
FURN,02029EC4,DLC2ChiselStanding,60,8,54542,56218,22398,107.4
STAT,0201E0B9,DLC2RockS03_Ash,59,21,48588,34598,22103,85.4
?,0009DAA5,<0009DAA5>,58,25,58686,67687,21067,82.6
TREE,02017F6F,DLC2TreePineForestAshL03,58,29,48334,51492,21060,82.9
TREE,02017F74,DLC2TreePineForestAsh03,58,33,45517,33064,11703,40.0
TREE,020206E8,DLC2TreeFloraAshYam01,57,14,34098,30607,11494,34.8
STAT,0201E0B0,DLC2RockL01_Ash,57,38,51955,33865,19609,103.7
?,00000032,<00000032>,57,57,48804,58282,31031,309.7
?,0006F273,<0006F273>,55,52,32498,49019,41516,586.2
?,00000017,<00000017>,53,34,51287,43468,29668,237.9
FLOR,020195DC,DLC2FloraCreepClusterAsh,53,20,45792,37772,14093,32.1
?,00024F39,<00024F39>,52,35,50492,72975,18726,83.7
STAT,0203383D,DLC2TreePineShortHeavySnow,52,23,66453,71047,9276,23.7
TREE,02017F75,DLC2TreePineForestAsh04,51,34,44777,34797,12288,50.9
STAT,0201B934,1stPersonSpearSword,50,1,68101,58589,275,0.0
?,00018EDE,<00018EDE>,49,9,63818,63377,26090,112.2
STAT,0201E0B1,DLC2RockL02_Ash,49,34,48066,33121,17280,106.6
?,0005C070,<0005C070>,49,30,65228,72003,16720,80.3
STAT,020250A1,DLC2RockCliff03_Ash,48,33,57677,36192,15529,75.2
?,000E1FB2,<000E1FB2>,47,38,58202,72186,35267,294.1
?,00000010,<00000010>,46,45,48361,57843,29576,285.1
?,0003E6A7,<0003E6A7>,46,7,68209,67872,21399,66.4
?,0005D041,<0005D041>,46,28,64159,72204,12239,51.8
?,00027D51,<00027D51>,45,15,62611,65193,23356,181.8
STAT,020217D4,DLC2BasaltRubblePileFlat01_Ash,45,17,36233,28719,14531,37.6
?,000BCF3F,<000BCF3F>,45,19,66776,60331,19337,75.5
TREE,02017F6D,DLC2TreePineForestAshL02,45,27,52351,50224,22567,83.8
TREE,02017F70,DLC2TreePineForestAshL04,45,21,45763,46950,15937,37.1
?,000B2417,<000B2417>,44,29,42463,49213,40367,317.7
STAT,02019A29,DLC2RockM02_Ash,43,27,48665,29231,20379,77.0
?,000D96C3,<000D96C3>,43,38,43000,36060,20084,121.9
?,00018199,<00018199>,42,28,34073,50491,31167,211.6
?,000533B8,<000533B8>,42,9,53163,57007,17226,122.8
STAT,0203383C,DLC2TreePineShortHeavySnow01,42,26,66197,72406,9246,22.6
STAT,02024FDE,DLC2BasaltSlab01_Ash,41,21,36682,28480,16458,38.1
ACTI,0203CD87,DLC2FXTernNoNestACT,41,28,52049,75093,33949,215.1
MSTT,02019AD3,DLC2FXAmbAshBlowing01,41,20,50983,25938,10234,18.4
STAT,02016E13,DLC2RockPileL03VolcanicAsh01,40,32,53967,32108,14554,50.5
?,00024BAD,<00024BAD>,39,32,58560,73130,19335,124.9
?,000A2BBF,<000A2BBF>,38,14,44247,38276,28471,211.1
TREE,02017F76,DLC2TreePineForestAsh05,37,22,47739,33898,11531,40.6
STAT,02017F68,DLC2TreePineForestLog01AshL,37,32,60727,48277,24467,156.9
TREE,02017F5A,DLC2TreePineForestDeadAshL01,37,34,51774,37763,18410,92.8
ACTI,02019727,DLC2AudioRepeaterActivator,36,15,49045,50086,37167,254.6
TREE,02017F73,DLC2TreePineForestAsh02,36,21,50252,36516,10904,30.6
?,000613A6,<000613A6>,35,23,48591,44264,28055,243.6
?,000E3C16,<000E3C16>,35,13,45876,47583,28536,147.1
?,0007A609,<0007A609>,35,7,30056,36748,11148,40.1
?,000319E3,<000319E3>,34,8,51000,62301,30422,167.4
?,000BE3E1,<000BE3E1>,34,18,29658,32999,27722,164.9
?,00085F80,<00085F80>,34,13,29104,44437,26061,107.2
ALCH,020206E7,DLC2FoodAshYam,34,4,28143,40815,8357,13.5
?,00097F68,<00097F68>,34,12,53612,71731,30941,232.5
?,0001CC4A,<0001CC4A>,34,18,52825,64367,27607,145.7
IDLM,02034EE8,DLC2AshHopperSleepMarker,34,10,50393,37421,10770,21.0
MSTT,02028B3E,DLC2ToolsChisel01,33,5,49849,54949,27661,107.4
?,0005CAE1,<0005CAE1>,33,5,49844,54944,27659,107.4
?,000A731C,<000A731C>,33,15,37156,58048,25729,156.8
AMMO,02017720,DLC2RieklingSpearThrown,33,8,58688,63225,28070,55.3
STAT,02032A5F,DLC2StalhrimOrePile,32,2,28789,87482,10431,0.6
?,0005C071,<0005C071>,32,19,68028,70076,17790,69.5
?,00048AC0,<00048AC0>,31,27,48696,47245,27413,192.2
STAT,02017F64,DLC2TreePineForestStump01AshL,31,26,53472,41730,21209,96.9
STAT,020185EF,DLC2TreePineForestLog01Ash,31,25,55173,36203,17881,64.6
STAT,0201EEEA,DLC2RieklingFence01Snow,31,5,33436,76461,19468,62.9
?,000533C0,<000533C0>,31,8,43486,38155,28127,83.4
?,00030204,<00030204>,31,26,50846,72996,17395,67.4
STAT,0202074C,DLC2DweRubblePile04,31,8,74544,43777,14792,9.2
STAT,02017F67,DLC2TreePineForestLog02AshL,30,23,59847,39605,20215,85.8
?,0010CD5B,<0010CD5B>,30,9,43217,75790,31002,145.5
STAT,02017EA7,DLC2MountainTrimSlab_Ash,30,22,56286,36807,15556,37.5
STAT,020185F0,DLC2TreePineForestLog02Ash,29,25,47919,34045,15577,69.8
?,000C2C05,<000C2C05>,29,16,37444,51666,35366,222.9
?,0001EF55,<0001EF55>,29,13,61720,72629,15785,46.2
?,000BB8BC,<000BB8BC>,29,14,62636,74877,13681,97.6
?,0003F63C,<0003F63C>,29,7,57951,30755,10634,5.3
?,00012FDF,<00012FDF>,28,16,47643,51684,29849,187.3
?,000B5994,<000B5994>,28,24,52892,73591,16673,72.8
?,0005EB21,<0005EB21>,28,25,54109,75403,21221,81.3
FURN,0202A6D3,DLC2ChiselKneeling,27,6,47313,51445,26017,108.9
STAT,02016E0F,DLC2RockPileL01VolcanicAsh01,27,17,49106,34582,16588,57.8
STAT,020217D6,DLC2BasaltRubblePile02_Ash,27,10,46824,29322,23744,28.0
STAT,02031D5B,DLC2DragonBoneLeg_R_Snow,27,7,60735,54635,5419,4.0
?,000613A7,<000613A7>,26,21,51768,56618,26051,161.1
?,0005AD48,<0005AD48>,26,4,43605,40779,20226,48.2
STAT,0201D9DD,DLC2IcePileL01Snow01,26,14,38797,86658,13608,43.8
?,0004F8EC,<0004F8EC>,26,7,42800,25031,32786,120.2
?,000BE3E0,<000BE3E0>,25,18,40201,26902,22867,128.4
STAT,02032A61,DLC2StalhrimOrePile02,25,3,29080,79447,4195,0.6
STAT,0201E0B4,DLC2RockL05_Ash,25,19,62911,39212,20632,59.2
?,0004F8E9,<0004F8E9>,25,15,62549,55173,36730,129.0
?,00060093,<00060093>,25,17,66952,68110,12003,38.4
?,0003DF55,<0003DF55>,24,24,46117,44560,27240,189.0
TXST,0202A765,DecalRiekling,24,5,46013,70457,16088,54.6
?,000F0155,<000F0155>,24,7,49462,60120,26643,87.6
ACTI,02027E53,ApoControlRingColumn01,24,5,49780,54390,27865,103.6
?,000DB6E1,<000DB6E1>,24,24,44293,51626,39495,311.1
TREE,02017F6E,DLC2TreePineForestAshL01,24,17,49350,47396,14178,35.8
CONT,0203AB50,DLC2DarkElfUrn01AshYams,24,5,30072,35721,2571,1.3
STAT,0201B92B,DLC2GlacierTrim01,24,12,39014,87129,10561,26.8
?,0003F96F,<0003F96F>,24,5,53640,22714,7434,5.1
?,000800E2,<000800E2>,24,8,58162,43397,27900,88.6
?,0004D9FF,<0004D9FF>,24,7,73012,31696,4435,3.6
?,00031941,<00031941>,23,10,47581,57525,29715,178.3
?,000F9AA2,<000F9AA2>,23,5,50918,54693,27101,105.3
STAT,0201EEE9,DLC2RieklingFence02Snow,23,5,33822,77860,18908,63.3
?,0009D4F6,<0009D4F6>,23,10,44971,80817,23690,65.6
?,0006021E,<0006021E>,23,21,49933,70206,17196,67.6
?,0006F275,<0006F275>,23,22,45536,71089,16870,59.4
STAT,02019A2D,DLC2RockM03_Ash,23,17,47662,27196,16380,74.7
?,0010EAF1,<0010EAF1>,22,7,59452,74652,18459,41.9
?,0001EF47,<0001EF47>,22,16,57986,70513,18304,70.5
?,000B73EB,<000B73EB>,22,16,50963,61646,24570,75.2
?,000008A7,<000008A7>,22,1,35006,22190,1222,0.2
STAT,0202000C,AshScatter06,21,4,29695,33589,2963,1.5
STAT,020195FD,DLC2MountainTrim01VolcanicAsh01,21,16,47025,32619,15085,46.3
?,000C43B0,<000C43B0>,21,5,44995,52195,28540,110.9
STAT,02016E11,DLC2RockPileM01VolcanicAsh01,21,17,48667,37463,12816,43.6
?,0001819A,<0001819A>,21,17,50443,44960,28341,173.5
?,000C2C13,<000C2C13>,21,10,34418,66227,36233,166.1
STAT,0201E0B7,DLC2RockS01_Ash,21,14,58641,29866,16285,41.3
?,000533D5,<000533D5>,21,4,54020,56748,11459,4.9
?,0009DAA2,<0009DAA2>,21,15,64727,63615,13844,36.6
STAT,02020006,AshMoundL01,20,4,34214,32694,7427,4.5
?,00025DA8,<00025DA8>,20,20,39341,54021,36174,231.7
?,000201F4,<000201F4>,20,20,45080,21661,38062,313.6
?,00024E22,<00024E22>,20,14,38924,65247,24787,104.6
?,0002B86C,<0002B86C>,20,2,46152,62144,20853,1.3
STAT,0201BE26,DLC2RockPileM02Rocks01AshTundra01,20,9,73232,50590,12835,28.7
?,0001B0A7,<0001B0A7>,20,13,68624,67796,21880,109.8
?,0010E9EB,<0010E9EB>,20,7,42271,76304,6547,7.6
?,0003E69D,<0003E69D>,20,6,73149,68922,20210,52.4
STAT,02031B44,DLC2RoadChunkM02,19,9,31008,31904,7109,4.3
?,0003E62F,<0003E62F>,19,7,30474,35875,4309,3.3
CONT,02024FA5,DLC2RRF05Strongbox,19,19,50560,61125,31595,223.8
SOUN,02034282,AMBWaterCoastWavesHi3DLPMarker,19,17,60890,69778,32083,210.7
STAT,020185ED,DLC2TreePineForestStump01Ash,19,16,53021,36214,13671,34.1
?,000F08F9,<000F08F9>,19,1,38698,26416,93,0.0
?,0004F8F6,<0004F8F6>,19,4,43901,49781,28815,54.3
STAT,02031D62,DLC2DragonBoneWing_L_Snow,19,7,59508,54831,5748,3.9
STAT,02031D61,DLC2DragonBoneTorso_Snow,19,7,59444,54850,5677,3.8
STAT,02031D5C,DLC2DragonBoneNeck_Snow,19,7,59454,54790,5726,3.7
STAT,02031D59,DLC2DragonBoneHead_Snow,19,8,59438,54774,5736,3.5
STAT,02031D63,DLC2DragonBoneWing_R_Snow,19,8,59378,54807,5691,3.4
?,00052FB3,<00052FB3>,19,13,51665,48601,15160,24.8
?,000A4657,<000A4657>,19,1,42264,83554,583,0.1
?,000396AA,<000396AA>,19,15,83599,62770,15095,39.1
FURN,02024FB9,DLC2ScribGroundAmbush01,18,8,41501,31667,12073,23.9
?,000C4827,<000C4827>,18,7,78858,48571,19250,66.7
?,0004318B,<0004318B>,18,6,30702,35206,3177,1.8
?,000BB8BD,<000BB8BD>,18,15,69956,65798,24789,105.3
?,000B6337,<000B6337>,18,14,52663,48106,25393,125.0
STAT,020217D5,DLC2BasaltRubblePile01_Ash,18,10,41385,25525,16266,30.7
?,000BCF3D,<000BCF3D>,18,6,62381,59013,21137,14.4
?,0006021F,<0006021F>,18,14,46682,71179,21530,80.8
?,00019AF7,<00019AF7>,18,15,43965,60085,30531,159.6
?,000226BA,<000226BA>,18,13,31103,61011,25865,167.6
STAT,0201E0B3,DLC2RockL04_Ash,18,17,50221,30892,10902,35.2
?,00039691,<00039691>,18,14,69863,52021,31323,165.2
?,0005D2D7,<0005D2D7>,18,11,72208,60548,13298,16.1
?,000984A5,<000984A5>,18,3,45558,77941,8374,1.3
?,0009A7F9,<0009A7F9>,18,3,44433,79475,7693,1.9
?,0002EB0E,<0002EB0E>,17,2,70234,28526,19607,6.3
STAT,0201EEEB,DLC2RieklingFenceEndSnow,17,5,51811,80583,22932,63.1
STAT,0201D9D7,DLC2IcePileM02,17,11,37820,76977,17534,37.2
STAT,020250A3,DLC2RockCliff01VolcanicAsh01,17,11,61983,38177,7779,15.5
?,00065FE3,<00065FE3>,17,2,55965,50154,1214,0.3
?,00052C25,<00052C25>,17,2,56078,50209,1215,0.3
FURN,02034F98,DLC1GroundAmbush01,16,7,55132,28797,17356,42.7
?,00052FF5,<00052FF5>,16,10,49584,46387,29844,120.6
ACTI,02027E52,ApoControlRingArch01,16,5,51609,57409,26843,103.6
?,000B23FD,<000B23FD>,16,15,35227,49214,35610,234.8
STAT,0203A11C,DLC2Barrel02Static_LightAsh,16,3,41670,32748,24180,4.2
?,00018195,<00018195>,16,11,42681,38678,30867,134.0
?,00086920,<00086920>,16,15,54579,40458,37166,101.2
?,0001A6E2,<0001A6E2>,16,13,49265,36312,25170,109.7
?,00060222,<00060222>,16,13,39417,74427,16868,63.1
LIGH,02033970,DLC2RRLightForgeFire01,16,6,38417,42116,22107,19.3
?,0000000F,<0000000F>,16,1,24895,93176,24,0.0
STAT,0201D9DB,DLC2IcePileS04,16,10,36861,85690,14911,35.8
STAT,0201D9DC,DLC2IcePileL01,16,9,30620,76185,17686,23.9
?,000993D5,<000993D5>,16,3,34044,80451,6665,1.0
?,000B4A7E,<000B4A7E>,16,13,69566,77427,25051,84.8
?,000B601E,<000B601E>,16,11,51992,71486,16852,52.8
?,0003F974,<0003F974>,16,5,54319,23354,8691,4.9
?,000B09E4,<000B09E4>,16,8,48795,46839,27136,102.4
?,000A7313,<000A7313>,16,9,54749,60119,21067,30.7
?,000C2C1D,<000C2C1D>,16,9,65151,74264,16393,48.2
?,0008B1F6,<0008B1F6>,15,4,66567,56631,24953,44.3
?,0006A07E,<0006A07E>,15,7,40679,54868,28540,87.6
?,00034C5D,<00034C5D>,15,3,52786,48985,17686,12.8
?,000727A1,<000727A1>,15,9,52391,55908,29172,144.8
?,000B7879,<000B7879>,15,13,61271,54150,31956,176.3
CONT,0203A609,DLC2DarkElfUrn01Food,15,3,30980,33778,2158,0.6
?,000396A4,<000396A4>,15,13,58258,59626,33880,118.5
STAT,020195F0,DLC2TreePineForestBroken01Ash,15,15,51393,34361,19077,63.3
?,00018BA5,<00018BA5>,15,8,65890,43183,21062,66.8
?,00050368,<00050368>,15,10,46164,56924,35256,181.6
?,000F5D05,<000F5D05>,15,7,46138,46419,31564,125.7
STAT,02016E0D,DLC2RockPileL04VolcanicAsh01,15,12,54487,35465,15421,48.7
?,0002D847,<0002D847>,15,9,44186,52260,30216,174.8
?,0004F8EA,<0004F8EA>,15,13,61863,59250,36720,103.5
?,000B6098,<000B6098>,15,11,47874,72722,18137,61.7
?,00071D06,<00071D06>,15,5,64064,39727,6049,1.8
?,00074C8C,<00074C8C>,15,1,37954,25763,422,0.0
?,0005D2D9,<0005D2D9>,15,8,72836,60170,6435,8.2
STAT,02031D5F,DLC2DragonBoneTail_Segment02_Snow,15,8,58120,55458,5522,3.2
?,000BCF3E,<000BCF3E>,15,6,70720,52159,7213,7.9
TREE,02017F72,DLC2TreePineForestAsh01,15,10,52511,39440,9180,14.9
STAT,0201E137,DLC2TreeMushroomTree02,15,8,74546,28582,5010,4.5
?,000A6E56,<000A6E56>,14,7,30062,33677,3374,2.5
STAT,0202000B,AshScatter05,14,3,29384,34058,2933,1.2
STAT,0203BD68,AshMoundLHalf02,14,6,34714,32335,12518,7.8
STAT,02031B47,DLC2RoadChunkS01,14,6,31188,30854,8204,4.2
?,00000845,<00000845>,14,7,36132,51900,19251,83.5
?,00088238,<00088238>,14,6,54444,33773,28305,95.3
?,0009D4BC,<0009D4BC>,14,9,45085,76905,24612,67.3
?,00097F6E,<00097F6E>,14,9,52349,50755,28488,115.9
SOUN,02039B36,AMBWaterCoastWavesLo2DLPMarker,14,14,63916,71016,31346,207.9
?,000DCE8A,<000DCE8A>,14,8,55522,68679,34803,145.1
?,00024C94,<00024C94>,14,14,51214,78861,14768,20.9
?,000201F6,<000201F6>,14,14,54786,80370,21924,84.9
?,0005C19B,<0005C19B>,14,11,66605,71360,12948,21.4
STAT,02031D5E,DLC2DragonBoneTail_Segment01_Snow,14,6,57417,55615,4937,2.7
?,000B91F8,<000B91F8>,14,11,64080,58837,15763,29.3
MSTT,020391F1,DLC2TelvanniTorchLightFX,14,1,75482,23732,1039,0.2
FURN,02034EF5,DLC2StonePile,13,6,45776,50311,27952,109.2
?,0004240B,<0004240B>,13,7,51583,49652,23637,90.2
?,000C4EFD,<000C4EFD>,13,7,67184,61982,22160,62.8
ACTI,020295CB,DLC2MineOreHeartStone01VolcanicAsh01,13,10,58808,28473,17011,53.4
STAT,02020005,AshMound02,13,5,33682,33931,9746,4.3
?,00029D98,<00029D98>,13,12,46338,45587,35213,174.5
?,000EF59E,<000EF59E>,13,9,50086,64296,24992,31.0
?,000B353E,<000B353E>,13,12,38171,68149,25844,117.3
CONT,0202C462,DLC2TreasExplorerLootChest,13,11,45970,69970,33732,200.7
?,000EF0D7,<000EF0D7>,13,7,46316,37019,27265,93.4
STAT,0201E8B9,MountainTrim01VolcAshTundra01,13,8,52645,45857,27066,34.2
STAT,0201BE28,DLC2RockPileL03VolcanicAshTundra01,13,8,60857,48945,24015,22.2
?,000C2C15,<000C2C15>,13,11,51162,67085,37433,254.4
?,000C2C16,<000C2C16>,13,6,40321,33276,30988,138.3
STAT,0202864A,DLC2CliffBasaltStraight_Ash,13,10,41986,28021,15430,24.1
STAT,0201D9E8,DLC2GlacierRubbleTrim01,13,9,34302,89910,8081,9.5
STAT,0201B927,DLC2GlacierEndLg01,13,9,39793,78282,16737,33.2
?,000B010B,<000B010B>,13,3,34314,64427,39204,9.6
STAT,0201D9D8,DLC2IcePileL02,13,12,37581,79426,17955,41.6
?,000533BE,<000533BE>,13,7,57002,48110,19968,45.1
?,0005C19C,<0005C19C>,13,7,66695,67530,18717,11.8
?,000609E0,<000609E0>,13,4,44631,82742,3590,1.7
STAT,0201E149,DLC2TreeMushroomTreeGroup01,13,8,72702,29831,4101,3.9
TREE,0201FF65,DLC2TreeFloraHangingMoss02,13,4,73029,30008,1979,0.7
FURN,0201D8C7,DLC2InvRieklingGroundAmbush,12,6,24908,70567,11414,14.9
?,000C1D83,<000C1D83>,12,3,77850,55471,31214,2.7
?,00106A6E,<00106A6E>,12,5,57533,42076,28148,69.8
ACTI,0201AA28,DLC2WETrigger,12,12,44600,57151,32864,208.2
?,000B23FE,<000B23FE>,12,9,36058,41515,35509,186.7
STAT,0201EEEE,DLC2RieklingTotemSkullSnow,12,6,39127,76334,15900,31.0
?,00060223,<00060223>,12,7,32532,70034,10868,14.8
?,0008D123,<0008D123>,12,11,44055,65313,18049,51.5
?,000AE720,<000AE720>,12,10,30996,98063,11616,6.0
?,000CE70B,<000CE70B>,12,3,30843,81360,30072,85.0
?,000B60E1,<000B60E1>,12,11,44737,71088,22572,75.8
?,00097F6A,<00097F6A>,12,6,50291,51255,26225,103.1
STAT,0201D4D6,DLC2RieklingSkull02,12,6,54663,71895,23051,59.1
STAT,0201D4D7,DLC2RieklingSkull01,12,6,53977,71165,23169,58.5
?,0008771D,<0008771D>,12,7,44090,56254,20053,90.4
STAT,0202BD9A,NorRmShaftBeam01sn_Heavy,12,2,32717,78004,6182,0.6
ACTI,02032CD6,DLC2MineOreStalhrim,12,2,28968,82279,7978,0.6
STAT,020250A0,DLC2RockCliff02_Ash,12,9,48324,38442,10578,18.7
STAT,02031D60,DLC2DragonBoneTail_Segment03_Snow,12,5,56539,55712,4667,2.7
STAT,02020FE0,DLC2DweClutterColmLarge01,12,6,74892,43994,13079,3.3
STAT,02020749,DLC2DweRubblePile01,12,6,77034,43509,13132,5.5
STAT,0202073D,DLC2DweFloorRaised01,12,4,71310,45756,13614,3.5
STAT,02027862,DLC2DweFloorRubbleFlat01,12,5,82101,41202,8467,4.9
STAT,0201DFF8,DLC2DweFacadeBalconyMid01,12,3,82709,41745,900,0.1
?,0001819B,<0001819B>,11,7,39595,53940,25921,76.1
?,0001C0C0,<0001C0C0>,11,7,44891,41334,26458,123.2
STAT,020217D7,DLC2CliffBasaltMound_Ash,11,8,50743,25604,24001,31.7
?,000BCF33,<000BCF33>,11,7,56278,60708,18035,37.3
?,0004CCD8,<0004CCD8>,11,11,44624,69853,17191,55.7
?,0010D9C1,<0010D9C1>,11,5,32075,58715,13968,27.5
STAT,02018666,Barrel02Static_LightSN,11,4,36103,73325,23557,27.1
?,000C2C1B,<000C2C1B>,11,6,37744,52308,26426,139.7
?,00097F6C,<00097F6C>,11,9,39363,69730,29254,166.2
STAT,0201B928,DLC2GlacierPillarLg01,11,5,33552,91081,4210,2.8
STAT,0201DA4B,DLC2IcebergSmall01_LightSN,11,8,39977,71462,18048,36.1
?,000B8A71,<000B8A71>,11,2,53025,83123,36291,5.7
?,00023969,<00023969>,11,2,29033,80649,6123,0.6
?,00098E90,<00098E90>,11,11,48374,63660,15538,31.2
?,000D2009,<000D2009>,11,4,49373,21543,7911,2.5
?,0003F93B,<0003F93B>,11,7,55272,26452,9748,10.7
?,0003F93C,<0003F93C>,11,3,53005,26764,8594,9.6
?,0002ED7A,<0002ED7A>,11,10,47976,66901,16022,43.6
STAT,02031D5A,DLC2DragonBoneLeg_L_Snow,11,5,56223,55485,4840,2.4
?,000EF5A4,<000EF5A4>,11,10,65137,70649,10169,22.6
STAT,0201F159,DLC2DwePlatBgWall01,11,3,55957,50318,1837,0.7
?,0005ACDE,<0005ACDE>,11,2,52746,46153,14094,0.1
?,000BB8BE,<000BB8BE>,11,8,77419,65871,15568,44.3
?,000AAE7A,<000AAE7A>,11,3,72647,56349,4444,0.5
FURN,0202A8DD,DLC2BenthicLurkerAmbushFurniture,10,9,54592,46389,30606,152.3
?,0004C6EA,<0004C6EA>,10,10,50827,52607,29006,161.7
?,0007872B,<0007872B>,10,3,40733,33024,23645,72.5
STAT,02039E61,DLC2RRBannerPost01,10,6,30503,33910,3644,2.2
MSTT,02038451,DLC2BannerRedoran01,10,5,29922,32778,3364,1.6
?,000F5D06,<000F5D06>,10,7,42817,42535,26763,114.6
?,000533BA,<000533BA>,10,7,47735,50097,23897,111.9
?,000B2418,<000B2418>,10,9,42124,19904,17822,27.2
CONT,0202AABE,DLC2TreasBanditChest,10,9,44465,54321,36369,182.5
?,0003B6A3,<0003B6A3>,10,9,43839,66128,15920,35.8
?,000B2400,<000B2400>,10,8,41011,47155,35683,178.5
?,00045AB4,<00045AB4>,10,9,54798,57415,34572,114.3
?,000C2C1A,<000C2C1A>,10,6,39978,70324,31115,125.2
STAT,0201E0B2,DLC2RockL03_Ash,10,9,44380,34065,12206,25.5
FLOR,020195DD,DLC2FloraCreepClusterAshRock,10,7,41652,37989,14641,13.1
STAT,02031B3D,DLC2RoadChunkL02,10,4,29623,33176,6422,2.4
STAT,0201D9D9,DLC2IcePileS02,10,8,38701,82932,14887,33.8
?,0009D45F,<0009D45F>,10,8,45209,72422,16535,27.5
?,0003F201,<0003F201>,10,7,60745,34535,10802,4.8
?,0003F975,<0003F975>,10,4,54333,23802,8010,5.0
?,000F08F5,<000F08F5>,10,3,42825,26517,10895,8.4
?,0003F948,<0003F948>,10,4,52156,35859,6850,8.3
?,00106A1D,<00106A1D>,10,5,63463,49539,19197,12.0
STAT,0201F153,DLC2DwePlatBgMid02,10,3,61715,48344,12176,1.3
?,0002695E,<0002695E>,10,7,66401,71166,9179,9.9
?,000AAE81,<000AAE81>,10,1,70843,51461,1032,0.2
STAT,020209B2,DLC2DweWallCap01,10,3,82484,41896,1016,0.2
?,00031897,<00031897>,9,9,44749,81409,16831,52.3
?,00064106,<00064106>,9,3,29758,36256,4567,1.7
?,00045D85,<00045D85>,9,3,85297,39530,2118,0.6
STAT,02020004,AshMound01,9,4,35339,35606,11061,3.3
?,000C43B6,<000C43B6>,9,5,55890,56264,25854,107.9
TREE,02019C5F,DLC2TreePineShrubAsh03,9,5,40603,34671,13225,20.7
?,000C2C1E,<000C2C1E>,9,5,34639,73252,18687,49.9
?,000C2C1C,<000C2C1C>,9,4,28996,64536,23771,32.8
ALCH,020207E6,DLC2Sujamma,9,2,28581,39629,4209,0.0
?,0002EE00,<0002EE00>,9,4,33126,77566,13952,19.9
STAT,020250A2,DLC2RockCliff04_Ash,9,7,46721,35497,15487,28.5
MSTT,0202ADC4,DLC2OceanWaveCurveOuter,9,8,63848,75063,32351,157.7
STAT,02038A40,DLC2RRFence01,9,4,29209,36052,3314,1.8
STAT,02031B3C,DLC2RoadChunkL01,9,5,30581,33250,6804,2.0
?,0001BA13,<0001BA13>,9,8,40478,76639,20711,61.1
?,0001B37D,<0001B37D>,9,8,50365,76917,17529,43.8
STAT,0201D9DA,DLC2IcePileS03,9,7,29747,84346,12670,20.0
STAT,0201CE60,DLC2RieklingBridgePlatform01,9,2,56078,90244,20603,0.9
STAT,0203476A,DLC02NorSarcophagusVertBottom03SNOW,9,1,29075,78654,521,0.0
?,00050DC1,<00050DC1>,9,9,54765,69609,20536,44.8
?,0001ED86,<0001ED86>,9,3,52240,23838,1478,0.3
?,0003FB06,<0003FB06>,9,5,53231,40405,21356,45.2
?,0003F988,<0003F988>,9,4,52334,20797,2657,0.7
?,0003F959,<0003F959>,9,2,50986,30930,5220,0.5
?,000F08F8,<000F08F8>,9,2,39227,25692,2576,0.0
?,0002FB63,<0002FB63>,9,2,45307,22289,8789,1.1
?,0004F8EB,<0004F8EB>,9,8,59920,55343,37133,113.5
?,0002BD92,<0002BD92>,9,2,35971,10674,1048,0.1
?,000D7866,<000D7866>,9,1,36809,10013,70,0.0
?,000368B8,<000368B8>,9,2,47224,65313,10973,0.2
?,000C5209,<000C5209>,9,8,57390,48900,13836,7.3
?,0003B3CD,<0003B3CD>,9,7,70793,54748,24211,74.6
MSTT,0202ADC5,DLC2OceanWavesStraight,9,9,68225,77146,30054,89.3
?,00099568,<00099568>,9,6,66077,77607,12854,19.6
?,000EF5A2,<000EF5A2>,9,8,63869,71462,10313,8.0
STAT,0201E142,DLC2TreeMushroomTree03,9,7,74814,28563,5447,5.0
?,00055125,<00055125>,9,4,85163,40358,1942,0.6
?,000BFB09,<000BFB09>,9,1,74285,69648,15,0.0
ACTI,0201A526,DLC2defaultBlankTrigger,8,6,55208,60895,24409,79.9
?,00037A1E,<00037A1E>,8,7,56528,34713,26204,59.9
?,000D8E80,<000D8E80>,8,7,60108,55174,32809,141.9
?,00034C5E,<00034C5E>,8,3,68660,60447,18243,28.9
?,00024E26,<00024E26>,8,2,73389,70500,1276,0.2
STAT,02038A2A,DLC2RRDockStepsDownEnd01,8,3,27876,33540,2225,0.5
?,000533BC,<000533BC>,8,6,50933,56156,22338,102.8
?,00017CD2,<00017CD2>,8,7,36262,48028,35394,150.2
?,00050E77,<00050E77>,8,4,43032,47079,40956,112.1
?,00097F54,<00097F54>,8,6,43028,47188,31986,140.2
STAT,0202173F,DLC2DarkElfCrate02,8,5,29371,36430,12639,11.5
?,000775FD,<000775FD>,8,8,46349,73429,37030,200.6
?,000A6F9B,<000A6F9B>,8,7,46496,74119,18968,49.7
?,0006DD61,<0006DD61>,8,2,30706,65982,1026,0.1
?,000396A5,<000396A5>,8,7,60124,71622,29008,82.0
?,000185B2,<000185B2>,8,4,51596,41027,27435,68.9
?,0002F2F4,<0002F2F4>,8,6,47433,55046,26815,69.9
?,000302C7,<000302C7>,8,1,25730,47152,387,0.0
?,0006A0AF,<0006A0AF>,8,7,53887,43031,31664,162.0
STAT,02039E66,RedoranBaseCenter01,8,2,32817,34758,825,0.1
STAT,0201B92E,DLC2IcebergLedge01,8,7,27659,97442,11402,11.1
STAT,0201D9E9,DLC2GlacierRubbleTrim02,8,6,34010,89193,4845,3.0
?,0003199A,<0003199A>,8,5,40738,59868,39272,127.1
?,000F2012,<000F2012>,8,2,22149,89146,5854,0.0
?,0007EDF6,<0007EDF6>,8,2,56153,81674,36265,5.0
?,00105CC2,<00105CC2>,8,4,39089,81522,19708,21.8
?,00043321,<00043321>,8,6,50733,78681,22591,43.0
?,00020F11,<00020F11>,8,8,51659,76405,20041,46.0
STAT,0201EEE8,DLC2RieklingTotemSnow,8,4,34747,77219,12671,11.5
?,0008F95E,<0008F95E>,8,8,53965,61364,21940,81.6
?,0001C138,<0001C138>,8,8,49464,74568,16770,28.9
?,000B601B,<000B601B>,8,8,51892,74610,16119,33.6
?,0001C139,<0001C139>,8,8,52672,75260,16122,32.9
?,0001CCBC,<0001CCBC>,8,6,46123,77034,20964,47.2
?,00071D05,<00071D05>,8,5,63782,36989,6039,2.1
STAT,020185EE,DLC2TreePineForestHollow01Ash,8,8,52403,37801,11988,18.8
STAT,02019AD6,DLC2TreePineForestLogSm01Flaming01,8,6,61734,28033,8546,3.9
?,0003F93D,<0003F93D>,8,2,63316,35923,9181,1.1
?,0003F973,<0003F973>,8,3,51359,21602,2220,0.3
?,000C4EF1,<000C4EF1>,8,1,38620,26383,89,0.0
?,00090726,<00090726>,8,4,56446,51614,22601,60.8
FURN,02028A68,BedrollHay01R_Ash,8,1,38571,26165,726,0.1
MSTT,020289E8,Campfire01LandBurning_Ash,8,2,42533,26552,10141,1.4
?,000318EC,<000318EC>,8,7,55816,35475,31400,89.1
?,0005A835,<0005A835>,8,3,47160,24745,22575,2.8
?,0002BCA7,<0002BCA7>,8,5,52970,73463,12370,9.8
?,0001AE13,<0001AE13>,8,4,59704,54398,7391,1.4
?,0009D51F,<0009D51F>,8,5,44266,73030,21387,51.6
?,00028D37,<00028D37>,8,7,47150,72353,8405,9.5
?,00026FD9,<00026FD9>,8,3,52711,64922,12163,3.0
?,00086C2C,<00086C2C>,8,8,60140,72069,12658,30.5
STAT,0202BD93,NorExtRubblePiece01_HeavySN,8,4,43821,70829,9555,2.0
?,0002695F,<0002695F>,8,7,59283,68119,20025,45.8
STAT,0202074D,DLC2DweRubblePile05,8,6,81638,41606,10023,4.4
STAT,0201F151,DLC2DwePlatBgCorOut01,8,4,76901,43022,13636,4.7
?,0002F5A0,<0002F5A0>,8,2,36616,48937,5870,0.7
?,000799B7,<000799B7>,8,1,44018,44048,517,0.0
STAT,0201B929,DLC2GlacierSlab01,8,4,41177,87807,5745,1.7
STAT,0202B6B0,DLC2RuinsFloorCandleLampSmallOffSnow,8,1,42138,83231,193,0.0
STAT,0201EDD0,DLC2DweFacadeTower1x4,8,4,85258,40265,1963,0.6
?,000176B2,<000176B2>,8,1,73057,71506,885,0.0
FURN,0203A493,DLC2PickaxeMiningWallMarker_Stalhrim,7,2,29081,81763,7556,0.4
DOOR,0203A740,RedoranLDoor01,7,4,30103,36106,2537,0.7
DOOR,0203ABD2,DLC2RRDoorLoad01,7,4,30406,35075,2979,0.9
STAT,02039B4D,DLC2RRFencePost01,7,5,30397,34822,4266,1.7
STAT,02039B4F,DLC2RRFence01Ramp,7,4,31773,33528,4396,0.5
STAT,02036692,RockCart01,7,5,47197,51078,27310,105.5
?,000FE1F3,<000FE1F3>,7,6,34313,43246,26784,85.7
?,0007A603,<0007A603>,7,6,44322,36937,22683,38.6
STAT,020298F8,DLC2RieklingBridgePlatformSmallSnow,7,2,35872,65725,5662,0.1
STAT,020298F5,DLC2RieklingStand02Snow,7,3,38169,68835,8405,6.3
?,000A6F92,<000A6F92>,7,5,43202,79684,8863,7.0
?,0006DD68,<0006DD68>,7,3,31447,64542,3515,0.9
?,000396AB,<000396AB>,7,6,46384,55433,32057,98.4
?,0001F25B,<0001F25B>,7,5,43595,53670,26288,89.8
?,00033DA4,<00033DA4>,7,2,37520,73356,17912,1.6
?,00028A62,<00028A62>,7,2,29701,40743,10678,1.2
?,000B09ED,<000B09ED>,7,6,53912,70797,25705,77.2
?,0001E3A3,<0001E3A3>,7,6,53076,47378,29162,112.0
MSTT,02039BBD,DLC2DarkElfLanternGlow06,7,2,29421,34661,1727,0.3
?,0010C2E7,<0010C2E7>,7,5,29343,44217,33061,15.2
?,0005CCE3,<0005CCE3>,7,4,40366,44039,33994,47.3
?,0002B95D,<0002B95D>,7,7,39995,70998,21713,59.8
?,00034417,<00034417>,7,4,37409,85838,10677,5.7
STAT,02029ECB,DLC2dunKarstaagIceWraithSummonPoint2,7,3,33372,90227,910,0.1
?,0001AC95,<0001AC95>,7,7,44469,71630,18303,12.9
?,0002D3BC,<0002D3BC>,7,7,50750,75443,16429,32.4
STAT,02017E9F,VolcanicPlateau01VolcanicAsh01,7,6,65913,25223,5330,4.5
STAT,0201D73A,DLC2TreePineForestBrokenSmoking01,7,4,64115,24475,2306,0.6
?,00040B0B,<00040B0B>,7,3,52632,24689,1401,0.2
?,0003F98A,<0003F98A>,7,4,51606,26927,5532,1.5
?,0003F972,<0003F972>,7,3,55409,29601,10975,0.7
STAT,02017F6A,DLC2TreePineForestHollow01AshL,7,7,52604,36818,17293,44.7
?,00018198,<00018198>,7,4,57970,49892,26719,33.6
?,0005AD40,<0005AD40>,7,4,52378,20527,1980,0.3
?,0001AE15,<0001AE15>,7,3,36709,11824,614,0.1
?,000BCF3A,<000BCF3A>,7,6,60382,52085,12699,11.4
?,0003CED7,<0003CED7>,7,6,51351,64666,13089,26.2
STAT,0202BD96,NorExtRubblePiece04_HeavySN,7,5,41640,76212,7873,4.6
?,0008C238,<0008C238>,7,6,57685,68033,18606,31.3
?,00052EE9,<00052EE9>,7,4,48973,50603,7833,2.3
STAT,0202074F,DLC2DweRubblePile07,7,4,77253,44387,14216,2.4
?,0005D2D8,<0005D2D8>,7,6,71257,62581,14881,7.7
?,000F7299,<000F7299>,7,4,63930,65614,18231,39.7
?,0005B80D,<0005B80D>,7,5,49466,46317,13390,15.8
STAT,0202932D,DLC2ExpSpiderAlbinoEggs01,7,3,43665,47415,12494,13.7
STAT,02029ECC,DLC2dunKarstaagIceWraithSummonPoint3,7,2,33478,90096,820,0.1
STAT,02029ECA,DLC2dunKarstaagIceWraithSummonPoint1,7,2,33443,90247,915,0.1
?,00061434,<00061434>,7,4,56906,80103,18310,5.0
?,00064EC6,<00064EC6>,7,6,50344,76158,9968,11.6
STAT,0202B6AF,DLC2RuinsFloorCandleLampSmallOff02Snow,7,1,42132,83224,198,0.0
STAT,02032810,DLC2NorTmpExtPlatMid02_LightSN,7,2,49851,68490,1100,0.1
?,00030120,<00030120>,7,1,70648,51217,404,0.0
?,0004073E,<0004073E>,7,1,70811,50495,374,0.0
?,0005FBC8,<0005FBC8>,7,1,89111,38700,1073,0.2
?,000CD823,<000CD823>,7,3,83985,52956,16891,11.1
FLOR,02038A7A,DLC2HorkerMeat01,7,1,72910,70608,135,0.0
FURN,0203D5DC,DLC2MQ02Meditate,6,1,74921,70460,644,0.0
?,0002834E,<0002834E>,6,6,43853,32513,25880,88.4
?,0003B3F3,<0003B3F3>,6,4,40373,23028,17586,30.2
?,000D5C41,<000D5C41>,6,1,87755,41546,324,0.0
?,000BB8C1,<000BB8C1>,6,5,39408,65799,36278,137.5
STAT,0203A11B,DLC2CrateSmall03WeatheredLightAsh,6,3,39576,32930,23520,2.5
ACTI,0203863E,DLC2MineOreHeartStone03VolcanicAsh01,6,6,47612,29741,16768,40.3
?,0001AE18,<0001AE18>,6,2,31583,17086,7564,0.4
?,000E360D,<000E360D>,6,6,52732,50241,44355,300.8
?,000B8F53,<000B8F53>,6,4,9847,35313,19678,35.3
?,0003D4B3,<0003D4B3>,6,6,46167,62886,14637,32.9
?,000FF8EA,<000FF8EA>,6,2,30802,66145,1278,0.2
?,0003D4B6,<0003D4B6>,6,5,44844,68422,17839,29.3
?,000201F7,<000201F7>,6,6,70762,70134,23456,42.4
?,0003AD68,<0003AD68>,6,4,59760,62993,27171,14.2
?,0002EE05,<0002EE05>,6,5,46257,52402,22056,57.9
STAT,02021744,DLC2DarkElfTable01,6,2,34323,33321,11566,1.1
STAT,02039E68,RedoranBaseWall01,6,2,32274,34716,1300,0.1
STAT,02029EC8,DLC2GlacierStraightLg01_NoSN,6,3,33384,90611,1550,0.3
?,0005CCE2,<0005CCE2>,6,3,42956,35786,28726,45.7
?,0005CD77,<0005CD77>,6,2,40769,31810,28337,2.2
?,000B60F6,<000B60F6>,6,6,35592,78290,17105,23.4
?,000C4AC4,<000C4AC4>,6,5,40441,82073,19790,38.2
MSTT,02019657,FXCreekFlatLong01_LSnow,6,4,35044,86839,5120,2.3
STAT,02019B5E,DLC2RieklingFence01,6,2,22765,82050,11542,0.7
STAT,02018475,DLC2RieklingTent02,6,3,50735,77527,27778,54.6
?,00028A64,<00028A64>,6,1,29323,78885,328,0.0
?,000FC85E,<000FC85E>,6,6,44091,71103,19626,12.6
?,0003F989,<0003F989>,6,4,52368,21689,3072,0.7
?,0002A5FD,<0002A5FD>,6,1,38604,26462,47,0.0
STAT,02028A8D,Campfire01LandOffAsh,6,1,38677,26005,646,0.0
FURN,02028AA9,BedrollHay01L_Ash,6,1,38756,25983,787,0.1
STAT,02020A60,DLC2dunKolbjornAshFloor,6,1,37797,25844,338,0.0
?,0003F978,<0003F978>,6,3,55460,24483,9709,4.5
?,0004F8F4,<0004F8F4>,6,2,38427,29442,27147,2.7
?,000B23FC,<000B23FC>,6,5,68726,56676,30511,69.7
?,000D5713,<000D5713>,6,3,65398,60940,6818,2.1
?,00026FA0,<00026FA0>,6,4,52861,61974,11004,4.4
?,00026FD2,<00026FD2>,6,4,49452,71597,14741,4.3
?,00026FD5,<00026FD5>,6,3,53046,61886,10589,2.9
?,000F76C5,<000F76C5>,6,2,43615,79992,9406,1.0
?,000681C0,<000681C0>,6,4,68043,68137,12923,2.5
?,0005D2DA,<0005D2DA>,6,5,65714,57804,17989,5.8
?,0005DB00,<0005DB00>,6,4,48660,49186,15017,11.7
?,0007144D,<0007144D>,6,2,39903,48269,5739,0.7
?,00024B9B,<00024B9B>,6,6,51596,67825,15412,26.8
STAT,0202932E,DLC2ExpSpiderAlbinoEggs02,6,3,44486,48750,12796,13.6
STAT,02028B18,DLC2ExpSpiderSnotKitWall01,6,3,39141,50827,15175,13.7
?,000533D3,<000533D3>,6,1,43877,43891,649,0.0
?,0003E69F,<0003E69F>,6,4,71277,65944,23234,49.7
?,0003F95C,<0003F95C>,6,3,61063,39526,8029,1.1
STAT,0201BE0F,DLC2RieklingTotem,6,2,60309,92378,9376,0.2
?,0005B506,<0005B506>,6,6,56839,79043,17973,22.3
?,0006C7B5,<0006C7B5>,6,3,47227,75167,2547,0.1
STAT,0202BD95,NorExtRubblePiece05_HeavySN,6,4,40498,77673,1576,0.4
?,000BB8BF,<000BB8BF>,6,3,69106,71444,14909,1.1
STAT,0203C3A1,DLC2StonewallEndL01VolcanicAsh,6,2,79788,28804,651,0.0
STAT,0203C3A0,DLC2StonewallEndR01VolcanicAsh,6,2,79817,28926,692,0.1
STAT,0201E136,DLC2TreeMushroomTree01,6,4,73703,28987,4934,2.5
?,000E8644,<000E8644>,6,3,79204,55889,13741,1.3
STAT,020244E8,DLC2MountainCliffSlopeVolcanicAshTundra01,6,5,75954,48827,5322,3.4
?,000AAE8B,<000AAE8B>,6,1,70615,51180,738,0.1
?,00034458,<00034458>,6,1,70821,50865,359,0.0
STAT,0201DFFA,DLC2DweFacadeBridgeCurve01,6,2,85091,39125,1743,0.1
STAT,020209B1,DLC2DweWallArch01,6,3,82836,41614,829,0.1
?,000176CD,<000176CD>,6,1,73049,71397,870,0.0
?,000BCF47,<000BCF47>,6,2,71246,69842,152,0.0
ACTI,02028662,DLC2PillarShoutTrigger,5,5,48682,52789,27838,103.6
?,000F08F6,<000F08F6>,5,1,38694,26436,90,0.0
?,000E49A7,<000E49A7>,5,4,51623,34090,8782,7.5
?,000138C0,<000138C0>,5,3,85521,40576,2883,0.3
?,000BFB04,<000BFB04>,5,3,31591,34329,1964,0.3
ACTI,0202ADE8,DLC2ApoControlRing01WaterClean,5,5,48682,52785,27841,103.6
ACTI,02027E54,ApoControlRingTop01,5,5,48682,52784,27841,103.6
?,0003040C,<0003040C>,5,5,48703,52723,27811,103.3
FURN,0202C0B3,BedrollHay01LDirtPath01F,5,1,80421,58450,631,0.0
STAT,0203BD67,AshMoundLHalf01,5,2,41149,31286,19442,2.0
STAT,0202958D,DLC2BasaltRubblePile01CoastBeach,5,1,14377,31764,655,0.0
?,000533D0,<000533D0>,5,2,33990,31094,13100,0.8
?,00086922,<00086922>,5,4,19130,41135,34022,78.7
?,000B788B,<000B788B>,5,5,25496,69446,33968,94.7
?,0003E4AE,<0003E4AE>,5,3,4824,43028,13959,4.7
CONT,02025E48,DLC2TreasRieklingChest,5,3,55873,84479,18573,2.8
STAT,0201EEE7,DLC2RieklingBridge01Snow,5,3,32514,72169,10919,7.3
?,00050385,<00050385>,5,5,37964,77579,28384,86.3
?,000658FD,<000658FD>,5,2,33334,60757,17263,0.2
?,000533C1,<000533C1>,5,5,48563,60724,21888,2.8
?,0005AFD7,<0005AFD7>,5,5,44462,66349,20315,41.4
?,00032A94,<00032A94>,5,5,48719,63436,20824,17.1
?,000BB8C3,<000BB8C3>,5,5,64671,60155,29288,81.7
?,000C2C17,<000C2C17>,5,4,36007,67759,31700,92.4
?,000302C8,<000302C8>,5,1,25534,47386,504,0.0
?,00044B86,<00044B86>,5,2,35991,56742,17034,1.3
?,0001F24A,<0001F24A>,5,2,27827,40074,15677,1.8
?,00028A8C,<00028A8C>,5,1,25959,46983,768,0.0
?,0008F17B,<0008F17B>,5,3,45936,51148,26621,1.1
STAT,02032FF0,DLC2RockCairn01Ash,5,5,61229,34357,19506,13.7
STAT,02031B39,DLC2RoadStraight01,5,2,30449,34962,1570,0.1
STAT,0203C820,DLC2IcePileL01Snow01_NoSN,5,3,33052,89888,1091,0.1
STAT,0201B92A,DLC2GlacierStraightLg01,5,5,33147,82574,11658,11.0
?,0005CD79,<0005CD79>,5,2,39863,33961,30278,2.0
?,000F2014,<000F2014>,5,2,22011,88865,5920,0.0
?,0005CCE0,<0005CCE0>,5,3,43073,39194,30379,43.9
?,0001397E,<0001397E>,5,4,43035,50607,37872,111.4
?,000533DA,<000533DA>,5,3,58963,63305,26690,54.7
?,00075DFC,<00075DFC>,5,3,26974,81088,2396,0.6
?,000F2015,<000F2015>,5,2,41800,59726,27302,0.2
STAT,02019C51,DLC2RieklingTotemSkull,5,3,46226,85795,24711,14.5
STAT,02019B60,DLC2RieklingFenceEnd,5,3,42058,83079,13314,11.9
?,00035F49,<00035F49>,5,5,53733,53575,38147,200.5
?,0006021D,<0006021D>,5,3,47611,73105,18096,4.5
SOUN,0201F161,AMBFirecraterLP,5,5,63433,25276,3955,1.4
?,00040B09,<00040B09>,5,4,59010,30724,11887,1.7
STAT,02019C67,DLC02AshDuneVolcAsh01L01,5,4,45680,28973,9802,8.8
?,0003F95B,<0003F95B>,5,3,53789,27764,8958,1.4
?,00034CD0,<00034CD0>,5,1,38690,26404,87,0.0
?,000F08FA,<000F08FA>,5,2,39694,25066,3262,0.0
?,0006A0B9,<0006A0B9>,5,4,49637,69289,29148,85.6
?,0001769A,<0001769A>,5,4,67825,59783,22985,26.1
?,0005AD3F,<0005AD3F>,5,3,52404,22377,2640,0.6
?,0003F977,<0003F977>,5,2,51679,20785,1913,0.1
?,0002FB64,<0002FB64>,5,2,52266,34259,13724,0.7
?,0005CCDD,<0005CCDD>,5,1,43802,19494,478,0.0
CONT,0202C466,DLC2TreasAlchemySatchelRare,5,4,56602,59998,31041,31.2
?,0002ED74,<0002ED74>,5,5,62220,73684,11789,14.3
FURN,02032725,DLC2RieklingPray,5,1,62827,58518,656,0.1
?,00028A6F,<00028A6F>,5,3,50128,73391,9596,2.7
?,00026FD0,<00026FD0>,5,4,48006,73173,8499,5.1
?,00026FD6,<00026FD6>,5,3,53299,62737,11571,4.2
?,00026FD7,<00026FD7>,5,2,55470,57456,1855,0.2
ACTI,02028E8E,DLC2MineGemSapphire01,5,4,41612,73392,9024,4.8
?,0005C072,<0005C072>,5,4,63819,63037,26290,19.4
?,00026960,<00026960>,5,4,57583,70885,20382,46.4
?,00095960,<00095960>,5,5,68678,53612,11371,2.7
STAT,0201F158,DLC2DwePlatBgStairSingle01,5,2,55529,49523,737,0.0
?,0005B810,<0005B810>,5,4,42148,44919,10312,2.8
?,0005B884,<0005B884>,5,4,61560,52250,13327,5.3
?,0002F59A,<0002F59A>,5,2,46742,44544,7576,0.2
?,00079922,<00079922>,5,1,37382,44676,29,0.0
?,0003E6A0,<0003E6A0>,5,3,67701,64505,24319,50.2
?,00050DC0,<00050DC0>,5,5,51485,84303,7427,5.9
?,0001ACAC,<0001ACAC>,5,5,46644,78951,14742,17.5
?,0007F949,<0007F949>,5,2,46910,72585,10604,0.6
?,0005FCB6,<0005FCB6>,5,3,45487,83639,3141,0.6
?,00076922,<00076922>,5,3,44996,83496,1714,0.3
MSTT,02024820,FXCreekFlatLong01_LSnowGlacierRocks,5,1,51068,78866,1380,0.1
?,0002ED73,<0002ED73>,5,5,55642,78031,11498,11.9
?,000A0C7B,<000A0C7B>,5,4,47089,77206,3517,1.3
?,000E370D,<000E370D>,5,4,87169,61984,12030,6.9
?,000EF59D,<000EF59D>,5,4,75865,59028,4366,1.0
?,000669A5,<000669A5>,5,1,79981,59138,11,0.0
?,000C2E8E,<000C2E8E>,5,3,78796,76130,17269,3.0
?,000BD4A6,<000BD4A6>,5,5,80959,71444,10339,3.6
STAT,0201F14E,DLC2DweHitchPost01,5,2,84541,40232,1111,0.1
?,0005FBC5,<0005FBC5>,5,1,89443,38503,931,0.1
?,00039824,<00039824>,5,5,75075,79561,9508,4.6
?,000BB952,<000BB952>,5,1,71477,69793,108,0.0
?,0006A0BB,<0006A0BB>,4,4,49615,60736,32018,71.6
FURN,0201EE28,BedrollHay01LDirtSnowPath,4,1,41292,57002,392,0.0
ACTI,02033818,Water2048x1024CreekFlowSE,4,3,57755,75290,2867,0.3
CONT,02024027,DLC2dunHaknirChest,4,4,43858,55432,35040,139.9
?,0002E6CF,<0002E6CF>,4,2,74149,71124,1188,0.1
?,0006E9C2,<0006E9C2>,4,4,45416,50562,21492,18.6
?,000C7930,<000C7930>,4,3,45263,85041,17583,5.0
?,001010B3,<001010B3>,4,4,53857,46980,31912,82.9
?,00033F50,<00033F50>,4,4,68508,35384,24017,26.0
FURN,0202174A,DLC2DarkElfBench01,4,3,33795,33152,10099,1.6
STAT,02029582,DLC2BasaltRubblePileFlat01CoastBeach,4,4,47049,25863,28359,5.3
STAT,02038896,RockCartPile01Ash,4,2,47454,32630,24902,1.1
CONT,0202C464,DLC2TreasStrongBox,4,4,37535,38447,23573,28.0
?,000765F4,<000765F4>,4,2,30910,65230,1024,0.1
?,0005304F,<0005304F>,4,4,39140,67861,9456,8.0
?,0006B52B,<0006B52B>,4,4,34186,72737,12548,16.5
?,0003D4B9,<0003D4B9>,4,4,48208,64445,18630,25.1
?,00027DD9,<00027DD9>,4,3,38586,72809,30518,39.0
?,0009E126,<0009E126>,4,1,25852,55399,500,0.0
?,00045AB5,<00045AB5>,4,3,38339,62018,18421,19.1
?,00012FE7,<00012FE7>,4,3,29719,39421,9989,1.5
?,0001F25A,<0001F25A>,4,4,53948,64061,24835,53.1
?,00092B10,<00092B10>,4,3,24128,55576,31126,5.0
?,000744CC,<000744CC>,4,2,35212,30911,9780,0.6
STAT,0201D761,DirtCliffs03VolcanicAshTundra02,4,3,59722,49099,19407,5.5
?,0001B410,<0001B410>,4,2,38074,74990,17637,0.2
?,0001E685,<0001E685>,4,1,25403,47336,442,0.0
STAT,02039B4B,DLC2RRFence05Ramp,4,2,24969,34815,3064,0.1
STAT,02031B3E,DLC2RoadChunkL03,4,2,29891,36513,1732,0.1
?,000FC597,<000FC597>,4,3,35234,28276,6649,2.3
?,0001C0C3,<0001C0C3>,4,3,30060,35418,2014,0.2
?,0003AD5E,<0003AD5E>,4,2,28666,36817,53,0.0
MSTT,02039BBC,DLC2DarkElfLanternGlow05,4,3,41515,51080,36159,9.9
MSTT,02039BBB,DLC2DarkElfLanternGlow04,4,2,29360,34384,1744,0.1
?,0004DA73,<0004DA73>,4,1,28589,36779,11,0.0
STAT,0202484A,DLC2GlacierTrim02_NoSN,4,3,29893,89366,3883,0.8
?,0006BC00,<0006BC00>,4,2,24492,92870,236,0.0
?,0002E6CD,<0002E6CD>,4,3,35190,33264,35249,22.8
?,0005CCC1,<0005CCC1>,4,3,42576,44206,32192,44.6
?,0005CCC9,<0005CCC9>,4,2,39236,37859,32833,1.1
?,000D11EE,<000D11EE>,4,4,41331,80971,14274,10.4
STAT,0202484B,DLC2GlacierTrim01_NoSN,4,4,29735,88791,6054,2.1
?,00016C95,<00016C95>,4,3,42488,55650,31201,41.6
?,000B8A72,<000B8A72>,4,2,73174,76102,31390,2.6
?,000F9931,<000F9931>,4,3,40614,84327,11964,4.2
STAT,0201D9D5,DLC2IcePileS01,4,4,36161,86075,14953,3.8
?,0008E79A,<0008E79A>,4,1,29143,78718,309,0.0
?,00072606,<00072606>,4,1,29188,78753,386,0.0
?,000CD0AF,<000CD0AF>,4,4,40167,65055,12559,9.1
?,0003F94F,<0003F94F>,4,4,55245,31539,10109,6.1
?,000513B8,<000513B8>,4,2,63402,37730,9730,0.6
?,000F08F7,<000F08F7>,4,1,38672,26490,35,0.0
?,000F08F1,<000F08F1>,4,1,38732,26331,70,0.0
?,000368C2,<000368C2>,4,2,46340,51414,15088,0.2
?,000185B5,<000185B5>,4,4,58810,44933,21759,22.8
?,00064B2E,<00064B2E>,4,2,37064,13786,6592,0.2
STAT,02021743,DLC2DarkElfShelf05,4,1,38564,26193,718,0.0
?,000747FE,<000747FE>,4,2,64559,59135,24686,1.0
?,00097F70,<00097F70>,4,4,55845,64836,27685,38.8
STAT,02019AD5,DLC2TreePineForestLogSm01Smoking,4,3,59797,21924,9038,1.3
?,0003E232,<0003E232>,4,1,55217,20700,106,0.0
?,00040B0C,<00040B0C>,4,3,59697,31628,11404,1.6
?,0004FF0F,<0004FF0F>,4,3,40906,16865,5644,0.9
?,0000099B,<0000099B>,4,1,43488,19232,283,0.0
?,000AF8BA,<000AF8BA>,4,4,46041,38290,18976,29.7
?,00026FDD,<00026FDD>,4,3,55436,60811,5095,1.3
?,0005FCB7,<0005FCB7>,4,4,50245,71538,13974,2.2
?,00028A94,<00028A94>,4,3,49099,71962,14918,4.2
?,00028A95,<00028A95>,4,2,56356,59356,2352,0.1
?,0003E6A6,<0003E6A6>,4,4,61341,57914,23531,55.9
?,00077333,<00077333>,4,3,53940,60150,20742,0.3
?,0002695D,<0002695D>,4,2,45112,62287,10383,0.1
?,00028A88,<00028A88>,4,2,54460,55142,1094,0.1
?,0001EF59,<0001EF59>,4,2,37018,52978,1037,0.0
?,00036ED3,<00036ED3>,4,3,69628,74141,16106,0.5
STAT,0202074B,DLC2DweRubblePile03,4,4,78001,42390,14041,4.6
STAT,0201F150,DLC2DwePlatBgCorIn01,4,2,55906,50239,1448,0.2
STAT,0201E00F,DLC2DweFacadeTowerArch01,4,2,79649,43749,14190,0.0
?,000F03F8,<000F03F8>,4,1,65350,47266,15,0.0
?,000C1ADB,<000C1ADB>,4,2,61511,74482,26183,2.3
STAT,02028B1A,DLC2ExpSpiderSnotKitWall02,4,2,45549,43659,7789,0.1
ACTI,02019816,DLC2POIMarker,4,3,51892,55471,16416,14.3
STAT,02019605,DLC2MountainTrim03VolcanicAsh01,4,4,54383,38341,9726,4.6
?,00038B0E,<00038B0E>,4,2,71593,54453,17086,0.0
?,00035F50,<00035F50>,4,4,75073,47220,11500,12.5
?,0003E212,<0003E212>,4,2,50282,37066,580,0.0
?,0003E203,<0003E203>,4,2,50412,37002,473,0.0
?,0005D6EA,<0005D6EA>,4,1,50291,37187,333,0.0
CONT,02028EA8,DLC2ExpSpiderEggAlbino,4,2,37559,46705,13575,0.6
?,0003E69E,<0003E69E>,4,2,82819,62150,19760,3.7
?,0003F958,<0003F958>,4,2,63464,40108,7459,0.2
MSTT,0202AAB8,DLC2CastleKarstaagTorch,4,1,33281,91306,284,0.0
STAT,0201FEDA,DLC2IceTorch,4,1,33253,91295,328,0.0
?,0001ACAD,<0001ACAD>,4,3,49764,79464,14953,7.2
?,0005DFE6,<0005DFE6>,4,3,44608,83117,2582,0.1
?,000CD824,<000CD824>,4,1,42121,83548,622,0.0
?,000609DE,<000609DE>,4,2,45152,83399,3053,0.4
?,001091F0,<001091F0>,4,4,58455,74789,5109,1.0
?,0002BCC8,<0002BCC8>,4,1,51190,79014,1450,0.1
?,000318FB,<000318FB>,4,4,67711,68740,22811,44.8
STAT,0201E13B,DLC2MountainCliffSm01_Ash,4,4,76085,26046,3350,1.0
?,0004DA06,<0004DA06>,4,4,72770,32767,3971,0.2
?,000396AC,<000396AC>,4,4,77024,79291,13820,8.9
?,00054629,<00054629>,4,1,82613,59233,148,0.0
?,000C2103,<000C2103>,4,1,67258,57945,275,0.0
?,0004996C,<0004996C>,4,1,70957,50004,426,0.0
?,000C18C4,<000C18C4>,4,4,85380,40091,2346,0.5
STAT,020264EE,DLC2DweReadRmBannerBar01,4,1,88800,38896,0,0.0
STAT,020264FA,DLC2DweReadRmPedBrazier01,4,1,88800,38896,0,0.0
?,000A9E8B,<000A9E8B>,4,3,71407,73068,5573,0.3
?,0001EF3B,<0001EF3B>,4,3,77864,72873,7726,2.6
?,00079804,<00079804>,4,2,73665,70840,1009,0.1
?,0006F993,<0006F993>,4,1,72900,70314,519,0.0
?,000BCF48,<000BCF48>,4,1,71345,69817,137,0.0
?,0006EAAD,<0006EAAD>,4,2,71834,69605,290,0.0
ACTI,02037AE1,HermaeusMorasFace03,3,1,74522,70750,145,0.0
FURN,0203A492,DLC2PickaxeMiningTableMarker_Stalhrim,3,2,28922,85846,10006,0.1
?,000E2BC7,<000E2BC7>,3,3,33283,64584,14998,1.3
ACTI,02027C33,RieklingBarrelDest01,3,2,22389,68535,10794,0.1
?,0001F828,<0001F828>,3,1,54519,50664,27,0.0
?,00079986,<00079986>,3,2,25895,69483,13793,0.0
?,000B70F5,<000B70F5>,3,1,88361,70877,1409,0.2
?,00020163,<00020163>,3,3,53505,47122,23568,34.5
?,00065C9E,<00065C9E>,3,1,41368,56820,215,0.0
?,000A4AD6,<000A4AD6>,3,2,81345,52244,8633,0.6
CONT,0202AABF,DLC2TreasBanditChestBoss,3,3,55606,42092,33342,37.8
?,0006BDD3,<0006BDD3>,3,1,42066,83308,520,0.0
?,00038A49,<00038A49>,3,1,42071,83310,528,0.0
?,0008F3FA,<0008F3FA>,3,2,69947,46640,26128,0.5
?,000E8645,<000E8645>,3,3,48025,35529,18976,24.4
?,0008AF59,<0008AF59>,3,1,42991,43878,26,0.0
?,0008AF5B,<0008AF5B>,3,1,42991,43878,26,0.0
?,000CA4CD,<000CA4CD>,3,3,49266,82878,18173,4.9
?,000C79CE,<000C79CE>,3,3,49275,82880,18172,5.0
?,000C79CC,<000C79CC>,3,3,49270,82877,18157,5.0
?,00020673,<00020673>,3,3,43347,77768,29206,11.0
?,0003F7C0,<0003F7C0>,3,2,42021,56993,516,0.0
?,00037A2E,<00037A2E>,3,2,36867,11922,166,0.0
?,0004E2C2,<0004E2C2>,3,3,56371,33705,10606,6.1
?,0006FBEF,<0006FBEF>,3,1,87482,41631,201,0.0
?,0009727E,<0009727E>,3,2,83597,41131,2645,0.2
?,0002ABAC,<0002ABAC>,3,3,45261,40805,21346,27.0
?,0002ABAB,<0002ABAB>,3,3,58305,70671,21678,18.0
DOOR,0202C417,DLC2TelMithrynDoor01,3,1,75295,23725,1165,0.1
?,0006B2FF,<0006B2FF>,3,2,65373,50367,27957,1.6
STAT,02038A35,DLC2RRDockStr02,3,3,29444,33263,1423,0.1
?,0003B3CE,<0003B3CE>,3,3,42542,27174,22292,20.2
?,00027D1F,<00027D1F>,3,3,24997,26464,30774,15.8
?,000B23FF,<000B23FF>,3,3,54876,21432,22787,8.8
STAT,0202B5F9,DLC2RieklingCandle,3,2,42778,74065,21204,0.7
?,00076629,<00076629>,3,1,31010,64497,265,0.0
CONT,02018427,DLC2RieklingTent01,3,3,39318,67751,5972,0.7
?,0005FBC7,<0005FBC7>,3,2,35585,65933,5335,0.1
?,000B7996,<000B7996>,3,1,31032,65188,890,0.0
?,0007660A,<0007660A>,3,3,33414,59584,3784,0.0
STAT,0202979B,CrateSmallLong03WeatheredLightSN,3,2,32229,55621,6796,0.2
?,000B244D,<000B244D>,3,1,25895,55655,167,0.0
?,000F13C4,<000F13C4>,3,3,31568,77694,16075,4.2
?,000F5ECA,<000F5ECA>,3,2,38821,59457,25984,0.0
?,000ACD6F,<000ACD6F>,3,3,45081,54820,32212,34.9
STAT,0202173E,DLC2DarkElfCrate01,3,3,26141,58987,24287,4.7
FURN,02036795,DLC2DarkElfChair01F,3,2,26829,44021,4943,0.2
FURN,02035037,DLC2DarkElfBed01R,3,2,34374,33341,11422,0.0
FURN,02036794,DLC2DarkElfChair01R,3,2,34290,33223,11627,0.0
?,00092B13,<00092B13>,3,3,46681,52586,43962,77.1
ACTI,02028E95,DLC2MineGemEmerald02,3,2,33236,44248,3456,0.1
?,00037E15,<00037E15>,3,2,51765,68669,29669,0.0
FURN,0203828B,DLC2WoodChoppingBlockAsh,3,2,29470,36442,2669,0.1
?,00093D3D,<00093D3D>,3,2,29097,37179,440,0.0
?,0009C6CE,<0009C6CE>,3,3,44276,48296,26186,3.0
ALCH,020207E5,DLC2Flin,3,3,48751,26636,24442,21.8
STAT,02038A2D,DLC2RRDockPier01,3,2,28201,34362,2475,0.3
?,000C4323,<000C4323>,3,2,37713,40848,16171,0.1
?,0010C2E9,<0010C2E9>,3,3,29024,45774,35464,8.1
STAT,02031B40,DLC2RoadChunkM01,3,2,33622,25802,5268,0.1
?,000D932F,<000D932F>,3,3,59255,58455,26536,1.5
?,0006F705,<0006F705>,3,2,24998,73218,28483,0.0
STAT,02019AE6,RRRuinsTemp01,3,1,25507,34967,749,0.0
STAT,0201B930,DLC2IcebergSmall02,3,3,21883,100475,8989,4.1
STAT,0201D9EA,DLC2GlacierRubbleTrim03,3,2,31082,89990,923,0.1
?,0005CCBE,<0005CCBE>,3,1,24758,93003,121,0.0
?,0002FB2A,<0002FB2A>,3,2,30817,68336,35623,0.1
?,000E4897,<000E4897>,3,2,30923,68367,35720,0.0
?,0005C016,<0005C016>,3,3,35597,46225,34152,5.8
?,00043D5D,<00043D5D>,3,2,46764,60524,27832,0.4
?,00024CB9,<00024CB9>,3,3,34903,41027,37905,23.3
?,0005CCC7,<0005CCC7>,3,3,41837,52093,33448,45.1
?,0005CD75,<0005CD75>,3,2,35735,76647,27737,0.4
?,0001C13A,<0001C13A>,3,3,41907,80236,16248,9.5
STAT,0201B92D,DLC2IcebergLarge,3,3,20297,98621,6097,2.8
?,000FD0D3,<000FD0D3>,3,3,32835,87617,7086,2.5
?,0002BCAB,<0002BCAB>,3,3,46576,69112,24166,6.8
?,000F2013,<000F2013>,3,1,17770,82991,22,0.0
?,000FB9C9,<000FB9C9>,3,3,53166,86033,25551,17.9
STAT,0201F141,DLC2RieklingStand01,3,2,50203,89106,23836,0.3
?,0010D08D,<0010D08D>,3,3,37921,64488,11971,0.5
?,000B33F0,<000B33F0>,3,3,58044,77079,32101,78.6
?,000F1F66,<000F1F66>,3,2,28524,81259,6763,0.2
STAT,0201EEF6,DLC2RieklingTent02Snow,3,2,30325,76466,10573,0.6
?,0005D0DF,<0005D0DF>,3,3,41889,68725,16243,3.1
?,000A4DC7,<000A4DC7>,3,3,34852,77368,7496,0.8
?,000A0EB3,<000A0EB3>,3,3,55833,70930,22758,10.5
?,0004F518,<0004F518>,3,2,57466,63253,26312,0.2
?,0001ACAE,<0001ACAE>,3,3,40707,74326,12683,10.5
?,000F540D,<000F540D>,3,1,30610,66423,1074,0.1
?,0002B903,<0002B903>,3,3,36354,49739,31114,54.7
?,0001EF48,<0001EF48>,3,3,37492,68243,17138,19.3
STAT,0201B92F,DLC2IcebergSmall01,3,3,29542,98049,12451,3.3
STAT,02019A2F,DLC2RockM04VolcanicAsh01,3,3,54210,33620,14223,14.0
STAT,0202AD63,DLC2ImpExtRubble01_Ash,3,3,52670,23975,1562,0.2
?,0003F957,<0003F957>,3,3,57026,34172,10099,5.8
STAT,0202AD65,DLC2ArcheryTarget_Ash,3,1,52496,24660,219,0.0
?,0003F986,<0003F986>,3,3,52041,26792,6463,0.1
STAT,0202AD44,DLC2ImpExtTower01Dark_Ash,3,2,51424,24146,1429,0.1
?,000F08FB,<000F08FB>,3,2,40276,24269,3936,0.0
?,0001C4AA,<0001C4AA>,3,1,38652,26515,83,0.0
?,00034CCE,<00034CCE>,3,1,38670,26408,63,0.0
?,000F08F3,<000F08F3>,3,1,38691,26429,58,0.0
?,00034CD6,<00034CD6>,3,1,38777,26375,6,0.0
?,00090728,<00090728>,3,2,36737,42726,24245,0.3
STAT,02019C68,DLC02AshDuneVolcAsh01L02,3,3,41060,28175,8570,2.6
?,000C9F38,<000C9F38>,3,3,63586,60044,31257,37.6
?,0009AF19,<0009AF19>,3,2,40443,24121,4134,0.0
?,000EBA01,<000EBA01>,3,2,37352,15895,7490,0.3
?,0001814C,<0001814C>,3,1,33585,26329,714,0.0
STAT,0202AD48,DLC2ImpExtRubble02_Ash,3,2,52526,22840,1822,0.0
?,0003AC21,<0003AC21>,3,3,58289,41932,20450,22.5
?,0003F979,<0003F979>,3,2,56015,30265,11933,0.3
?,0008836B,<0008836B>,3,1,52818,17492,276,0.0
?,000E2626,<000E2626>,3,1,43865,19681,394,0.0
?,0002FB2B,<0002FB2B>,3,3,44774,44533,22806,28.7
?,0000099E,<0000099E>,3,1,43605,19136,409,0.0
?,0005CCC0,<0005CCC0>,3,1,43733,19520,319,0.0
?,0006A0BF,<0006A0BF>,3,2,51247,26821,30570,1.0
?,00012FE6,<00012FE6>,3,3,51164,50061,32447,51.9
?,000D8E7F,<000D8E7F>,3,2,47040,34028,37070,0.7
STAT,0201DA4A,DLC2IcebergSmall02_LightSN,3,3,44653,71538,15643,1.0
?,0002A337,<0002A337>,3,1,63039,58310,171,0.0
?,00096EDE,<00096EDE>,3,2,61507,56976,2750,0.1
?,00028A96,<00028A96>,3,3,51489,67973,13609,3.0
?,000533D4,<000533D4>,3,1,55066,61346,50,0.0
STAT,02027E89,ApoApoControlRingStones01,3,2,55156,56369,1274,0.1
?,00028A86,<00028A86>,3,2,51994,64998,10005,0.1
?,00076924,<00076924>,3,3,46692,77013,13834,0.8
STAT,0201D9D6,DLC2IcePileL03,3,3,46121,57307,2369,0.2
?,000AF5FC,<000AF5FC>,3,2,49041,49469,15815,0.1
?,000AF5F2,<000AF5F2>,3,2,48921,49508,15631,0.0
?,000AF5F3,<000AF5F3>,3,2,48991,49498,15727,0.0
STAT,0201DC6A,RockAnimalDenLDirtSnowPath01_LightSN,3,2,41260,57282,586,0.0
?,0005493E,<0005493E>,3,2,69870,67133,21516,0.7
?,00059D5C,<00059D5C>,3,1,33968,56896,269,0.0
?,00055C0C,<00055C0C>,3,1,55785,50276,483,0.0
STAT,0201EDD1,DLC2DweFacadeTower1x3,3,2,75329,43455,14526,0.9
?,0005B56A,<0005B56A>,3,3,71140,64814,23879,4.5
?,00057A7A,<00057A7A>,3,1,65356,47296,6,0.0
?,00052EEC,<00052EEC>,3,3,55710,46556,14196,0.7
STAT,02028B1E,DLC2ExpSpiderSnotKitCorner01,3,2,39352,62864,13565,0.2
?,00018BA7,<00018BA7>,3,2,65733,53897,20862,0.8
?,000A2C36,<000A2C36>,3,2,50200,57536,24717,1.1
?,0003F648,<0003F648>,3,2,61664,39792,7796,0.4
?,000B244C,<000B244C>,3,2,62479,91385,6382,0.1
STAT,02019B5F,DLC2RieklingFence02,3,2,47384,88367,5961,0.0
STAT,0201D4D8,DLC2RieklingBone01,3,3,56911,86108,12604,8.4
?,0002F259,<0002F259>,3,2,33568,90617,1274,0.0
STAT,0201B92C,DLC2GlacierTrim02,3,3,45425,88122,8865,0.4
STAT,0201B933,DLC2GlacierPillarLg01_NoSN,3,1,33320,90851,145,0.0
?,0001EF56,<0001EF56>,3,2,52273,82597,5609,1.3
?,000BB8C0,<000BB8C0>,3,2,72623,76114,26228,0.1
?,00039653,<00039653>,3,3,64432,74828,10840,0.9
?,0006C0E9,<0006C0E9>,3,2,43493,83479,2185,0.1
?,000609DC,<000609DC>,3,3,47064,78967,4100,0.2
?,000D200C,<000D200C>,3,1,42239,83475,240,0.0
?,0006BDCF,<0006BDCF>,3,1,42066,83308,520,0.0
?,00034940,<00034940>,3,1,42863,84581,954,0.0
?,0005D2DB,<0005D2DB>,3,3,69547,64791,11381,4.7
?,0001B37E,<0001B37E>,3,2,56055,70705,5917,0.1
?,0001EF4C,<0001EF4C>,3,3,44763,73780,17244,0.3
?,000D5558,<000D5558>,3,3,86379,72290,17848,1.1
STAT,0203280F,DLC2NorTmpExtPlatWall02_LightSN02,3,1,50919,68692,639,0.0
?,00065C9B,<00065C9B>,3,2,63173,70371,13838,0.0
?,0005FBC9,<0005FBC9>,3,3,69281,50458,22440,3.1
STAT,02020FEA,DLC2DweMillGearAssembly01,3,2,72894,48774,25232,3.5
?,000BB94B,<000BB94B>,3,2,79876,28780,453,0.0
STAT,0203C39F,DLC2Stonewall01VolcanicAsh,3,2,79880,28702,394,0.0
STAT,0203C3A2,DLC2Stonewall02VolcanicAsh,3,2,80236,28737,479,0.0
ACTI,020240CB,DLC2IldarisSaroaphagus,3,1,79882,28881,199,0.0
?,000C723E,<000C723E>,3,3,78422,65154,25424,17.7
TREE,0201FF66,DLC2TreeFloraHangingMoss03,3,2,74091,28527,1500,0.0
STAT,0203912A,DLC2DarkElfLantern02,3,1,76026,23727,527,0.0
STAT,0203911F,DLC2TelvanniRoot03,3,1,75967,23681,592,0.0
STAT,02030E98,DLC2TelvanniGourdHouseRamp01,3,1,75281,23769,1171,0.1
?,000EF59F,<000EF59F>,3,2,78155,60044,1699,0.0
?,000E758F,<000E758F>,3,2,67528,62736,1950,0.3
?,00109B3C,<00109B3C>,3,2,66943,61649,1193,0.1
?,00033C0E,<00033C0E>,3,3,79901,69118,8544,1.5
?,0010638E,<0010638E>,3,1,83498,59860,457,0.0
?,0009DAA0,<0009DAA0>,3,1,80747,58300,1160,0.1
?,000A56FD,<000A56FD>,3,3,79798,57510,13581,3.3
?,00056AE1,<00056AE1>,3,3,82127,50897,3051,0.2
?,00033D9A,<00033D9A>,3,3,84085,56742,7268,0.4
?,000485BF,<000485BF>,3,3,85576,69519,14963,9.9
STAT,0201DFFB,DLC2DweFacadeBridgeCurve02,3,2,87010,41903,1397,0.1
STAT,0201F155,DLC2DwePlatBgStairCapR01,3,1,81218,42648,354,0.0
STAT,0201F154,DLC2DwePlatBgStairCapL01,3,1,81366,42856,354,0.0
?,000CB3B0,<000CB3B0>,3,2,87073,39638,1758,0.2
STAT,020264EF,DLC2DweReadRmColmUp01,3,1,88800,38896,0,0.0
?,0005FBC6,<0005FBC6>,3,1,89489,38474,802,0.0
?,000318FA,<000318FA>,3,3,75228,69095,21468,8.4
STAT,02032FED,DLC2RockCairn04Ash,3,2,73695,36139,2544,0.2
?,0004DA05,<0004DA05>,3,3,71428,35495,2504,0.1
?,00019B19,<00019B19>,3,2,69105,78199,6080,0.0
?,000C2080,<000C2080>,3,3,80461,78032,4557,0.4
?,00034CDF,<00034CDF>,3,1,72966,70721,181,0.0
?,00085500,<00085500>,3,1,72972,70449,4,0.0
STAT,02027530,DLC2SkaalVilShack02,3,3,73539,70123,1881,0.2
?,0006EAAC,<0006EAAC>,3,2,72125,70239,1367,0.0
?,000C2E6F,<000C2E6F>,3,3,85165,68058,3927,0.3
?,00033DCF,<00033DCF>,2,2,51596,89525,1105,0.0
ACTI,02037AE0,HermaeusMorasFace02,2,1,74576,70751,137,0.0
ACTI,02037ADA,HermaeusMorasFace01,2,1,74592,70752,47,0.0
?,00089D2B,<00089D2B>,2,2,61514,57047,47206,0.0
FURN,0201D8C6,DLC2InvRieklingBushAmbush,2,2,30232,74644,15022,0.0
?,000669A2,<000669A2>,2,1,41395,56813,317,0.0
?,0001AE14,<0001AE14>,2,2,51272,29540,22349,0.0
?,000C4E54,<000C4E54>,2,2,52530,66922,20527,0.0
?,0006D90F,<0006D90F>,2,2,61627,45763,4097,0.0
?,00106A21,<00106A21>,2,2,58737,74435,779,0.0
?,00094193,<00094193>,2,1,75821,70883,672,0.0
?,00101995,<00101995>,2,2,30723,59017,34303,0.0
?,00068ADB,<00068ADB>,2,2,41333,35034,9264,0.0
?,0006597B,<0006597B>,2,2,59532,52581,31509,0.0
?,000E717D,<000E717D>,2,2,56498,70230,7178,0.0
?,000C79C8,<000C79C8>,2,2,37738,87342,6098,0.0
?,000C7932,<000C7932>,2,2,37742,87360,6120,0.0
?,000C79CA,<000C79CA>,2,2,37743,87382,6079,0.0
?,0009D849,<0009D849>,2,2,37726,87387,6092,0.0
?,000C7A12,<000C7A12>,2,2,37731,87339,6146,0.0
?,00099312,<00099312>,2,2,49055,72587,12564,0.0
?,0010C4C0,<0010C4C0>,2,2,86874,-423,9454,0.0
?,0007022E,<0007022E>,2,2,76822,64316,6917,0.0
?,0010C4BA,<0010C4BA>,2,2,84996,-4735,23409,0.0
FURN,0202C0B2,BedrollHay01LDirtPath01L,2,1,79582,57681,170,0.0
DOOR,0201C654,DLC2IceDoorExtLoad,2,1,33251,88273,250,0.0
STAT,02038A32,DLC2RRDockStr3way01,2,2,28274,33125,3018,0.0
STAT,02017EC7,DLC2RRBulwark01,2,2,32343,32491,1728,0.0
SOUN,0201DEFE,AMBHarborSeagulls01LP,2,2,27189,32055,2059,0.0
STAT,02032FEE,DLC2RockCairn03Ash,2,2,46182,30923,22756,0.0
STAT,0203A11E,DLC2CrateSmall04WeatheredLight_Ash,2,2,22542,32436,534,0.0
STAT,0203A120,DLC2CrateSmall02Weathered_LightAsh,2,2,22476,32433,581,0.0
STAT,02035348,ApoControlRing01SAsh,2,2,47876,32798,25044,0.0
STAT,0203534A,ApoControlRingArchPart01Ash_L,2,2,47627,32802,24765,0.0
SOUN,0201DEFF,AMBHarborSeagulls02LP,2,2,24981,31075,3150,0.0
SOUN,0201DEF1,AMBHarbor02,2,2,27881,33412,3576,0.0
STAT,02029584,DLC2CliffBasaltMoundCoastBeach,2,1,14643,31170,373,0.0
CONT,0202C465,DLC2TreasAlchemySatchelCommon,2,2,40395,45936,26569,0.0
?,00034CDD,<00034CDD>,2,1,27380,22691,8,0.0
?,0005AD42,<0005AD42>,2,1,27401,22732,75,0.0
STAT,020298F6,DLC2RieklingStand01Snow,2,2,36205,66121,5880,0.0
?,0005FBC0,<0005FBC0>,2,2,37424,66428,5603,0.0
?,000765F6,<000765F6>,2,2,31648,65557,301,0.0
?,000765F7,<000765F7>,2,1,31016,65037,1129,0.0
?,0006DD64,<0006DD64>,2,2,30403,65684,1234,0.0
?,000F5409,<000F5409>,2,2,33193,61115,4275,0.0
STAT,02036693,RockCartPile01,2,2,41922,70636,21653,0.0
STAT,0202B6F8,DLC2ShipLongBoat01NoLOD,2,2,17748,78379,16069,0.0
?,000F48CE,<000F48CE>,2,2,30332,57056,7205,0.0
?,000233EF,<000233EF>,2,2,52515,66617,32677,0.0
?,00033DA9,<00033DA9>,2,2,33872,69909,16633,0.0
?,0009E127,<0009E127>,2,1,25722,55581,471,0.0
?,000F5ECB,<000F5ECB>,2,2,47392,62713,27548,0.0
?,00073CD8,<00073CD8>,2,2,38136,57400,16279,0.0
STAT,02021746,DLC2DarkElfTableRound01,2,2,27112,41902,5516,0.0
STAT,02021740,DLC2DarkElfShelf01,2,1,25364,46665,371,0.0
?,00012E4B,<00012E4B>,2,2,34069,65360,19543,0.0
?,0003B3C7,<0003B3C7>,2,1,25931,47772,234,0.0
?,0010E9E7,<0010E9E7>,2,1,25670,48148,250,0.0
?,00044B85,<00044B85>,2,1,25586,47383,877,0.0
STAT,02021748,DLC2DarkElfTableThin01,2,2,27162,42123,5183,0.0
?,00064B3B,<00064B3B>,2,2,52716,52261,28198,0.0
ARMO,0201CD89,DLC2ArmorChitinLightHelmet,2,2,33975,57183,13960,0.0
?,00019B1A,<00019B1A>,2,2,32105,36541,12145,0.0
?,00019B17,<00019B17>,2,2,34307,33085,16420,0.0
?,0005B198,<0005B198>,2,2,48928,59536,26671,0.0
?,001018E3,<001018E3>,2,2,31172,29255,18175,0.0
?,0003BD2E,<0003BD2E>,2,2,34596,33177,16173,0.0
FURN,02036793,DLC2DarkElfChair01L,2,1,25093,46691,77,0.0
?,00033761,<00033761>,2,2,32166,37265,11986,0.0
?,00033760,<00033760>,2,2,34924,58381,13921,0.0
?,000C2BFD,<000C2BFD>,2,1,26115,47662,49,0.0
?,00044B84,<00044B84>,2,1,25509,47582,423,0.0
?,0001E686,<0001E686>,2,1,25549,47368,666,0.0
?,00026F7D,<00026F7D>,2,1,25277,46853,724,0.0
?,0001E681,<0001E681>,2,1,25558,47383,664,0.0
?,0001E680,<0001E680>,2,1,25558,47383,664,0.0
?,00017EDE,<00017EDE>,2,1,25558,47383,664,0.0
?,00026F7A,<00026F7A>,2,1,27211,46132,120,0.0
?,0002BE41,<0002BE41>,2,2,43598,58810,20611,0.0
?,0005304B,<0005304B>,2,2,52592,45134,23991,0.0
?,000E8E7F,<000E8E7F>,2,1,29193,39592,190,0.0
STAT,0203248B,DLC2RoadCurve90R01,2,2,29587,37072,455,0.0
?,000EFC74,<000EFC74>,2,2,31788,30076,7657,0.0
?,00012FEA,<00012FEA>,2,2,36530,53823,17501,0.0
STAT,02016DFB,DLC2CliffBasaltMound,2,1,31383,38722,490,0.0
?,000B6336,<000B6336>,2,2,32166,56685,18464,0.0
STAT,02032FEF,DLC2RockCairn02Ash,2,2,47924,38970,24593,0.0
INGR,02017008,DLC2TramaRoot01,2,1,23802,39370,17,0.0
MSTT,0203A495,DLC2BannerTemple01,2,1,31807,34547,510,0.0
STAT,02039E67,RedoranBaseCorner01,2,2,32064,34398,1536,0.0
STAT,02039E51,DLC2RRLanternPost01,2,1,30783,33925,160,0.0
?,0006B44D,<0006B44D>,2,2,27786,33531,1036,0.0
STAT,02038A28,DLC2RRDock02,2,2,28787,34818,1283,0.0
STAT,02038A26,DLC2RRDock01,2,2,27865,34949,1278,0.0
STAT,02038A29,DLC2RRDockStr01,2,2,28328,33642,2609,0.0
?,000C4328,<000C4328>,2,1,28929,33541,84,0.0
STAT,0203246B,RedoranEntrance01,2,1,31837,34535,792,0.0
STAT,0202C1E0,DLC2RRBuilding01,2,2,29455,34455,2186,0.0
?,000727DE,<000727DE>,2,1,28602,36822,43,0.0
STAT,02029EC6,DLC2GlacierEndLg01_NoSN,2,2,33307,90894,1311,0.0
?,000D9285,<000D9285>,2,2,24711,93189,253,0.0
?,0002FB60,<0002FB60>,2,2,28846,81634,12500,0.0
?,0002FB29,<0002FB29>,2,2,41185,68408,29347,0.0
?,000CE784,<000CE784>,2,2,30834,51449,41774,0.0
?,0005AD59,<0005AD59>,2,1,24714,92986,193,0.0
?,0005CCC2,<0005CCC2>,2,2,41307,68662,29496,0.0
?,0005CD76,<0005CD76>,2,2,41054,68701,29460,0.0
?,0005CD73,<0005CD73>,2,1,24715,93002,128,0.0
?,000A2BE6,<000A2BE6>,2,2,56023,81646,33622,0.0
?,000205F1,<000205F1>,2,1,23846,90776,587,0.0
?,00021363,<00021363>,2,2,51166,97376,28041,0.0
?,0007A605,<0007A605>,2,2,33410,68296,27286,0.0
?,000BEC5E,<000BEC5E>,2,1,22105,92721,384,0.0
?,000AE62F,<000AE62F>,2,1,22105,92721,384,0.0
?,0007E8C6,<0007E8C6>,2,2,56203,81481,36646,0.0
?,00089D23,<00089D23>,2,2,47737,86970,26643,0.0
?,00093480,<00093480>,2,2,36855,55388,40143,0.0
?,00093471,<00093471>,2,2,36876,55425,40117,0.0
?,000AE62E,<000AE62E>,2,1,22105,92721,384,0.0
STAT,0201B932,DLC2GlacierCaveEntrance02_LDirtSnowPath,2,2,34240,88731,2120,0.0
STAT,0201D9E7,DLC2IcebergLarge_LightSN,2,2,22483,81508,2320,0.0
STAT,02032334,MountainCliff02_Ice,2,2,20336,84451,1246,0.0
?,000E0F64,<000E0F64>,2,2,28824,89310,10680,0.0
?,000B945E,<000B945E>,2,1,29195,78761,0,0.0
STAT,020347AB,DLC2NorSarcophagusBroken01chunkSNOW,2,2,28639,89416,10691,0.0
?,00035A35,<00035A35>,2,2,28686,89519,10697,0.0
?,00072607,<00072607>,2,2,28774,89336,10624,0.0
?,0006F274,<0006F274>,2,2,39575,74202,9672,0.0
?,0007A615,<0007A615>,2,1,23508,80099,523,0.0
?,000D5712,<000D5712>,2,1,23717,80033,599,0.0
?,00027DDB,<00027DDB>,2,2,33368,64851,12081,0.0
?,0006DD62,<0006DD62>,2,1,30991,66302,567,0.0
?,000FF8E1,<000FF8E1>,2,1,30849,66149,1071,0.0
?,00060820,<00060820>,2,2,38588,78842,21627,0.0
STAT,0201D738,DLC2FireCraterRound,2,2,61957,26853,4027,0.0
STAT,0202B82E,DLC2RockPileL02VolcanicAsh01,2,2,47344,27936,1636,0.0
STAT,020299E3,MountainCliffSlopeVolcanicAsh01,2,2,35232,29180,2792,0.0
STAT,0201D737,DLC2FireCrater01,2,2,65940,23784,2737,0.0
BOOK,02033BD8,DLC2Book4RareAhzidalsDescent,2,1,38603,26179,258,0.0
?,0002A5FB,<0002A5FB>,2,1,38594,26475,45,0.0
?,000368BC,<000368BC>,2,1,38663,26500,38,0.0
STAT,02033E43,DLC2MapSolstheim02,2,1,38746,26427,0,0.0
?,000185B6,<000185B6>,2,2,40799,35490,9373,0.0
?,0006A0AD,<0006A0AD>,2,2,61983,32815,24196,0.0
?,000D790C,<000D790C>,2,2,56107,54631,34116,0.0
?,0004C3C8,<0004C3C8>,2,1,38496,26624,454,0.0
STAT,02021745,DLC2DarkElfTable02,2,1,38928,26354,0,0.0
?,0003133C,<0003133C>,2,2,48409,35282,12972,0.0
?,000800DC,<000800DC>,2,1,38906,26383,0,0.0
?,000800D9,<000800D9>,2,1,38826,26450,0,0.0
?,000533BB,<000533BB>,2,1,37882,25828,80,0.0
SOUN,0201DEEA,AMBFirelogLP,2,2,63532,24587,2028,0.0
?,000DB895,<000DB895>,2,2,53169,24296,115,0.0
?,00040B30,<00040B30>,2,1,54627,22496,1690,0.0
?,00040B2E,<00040B2E>,2,1,54627,22496,1690,0.0
STAT,0202AD47,DLC2ImpExtTowerShellStairs01_Ash,2,1,54627,22496,1690,0.0
?,00081322,<00081322>,2,2,63748,23974,11760,0.0
STAT,0202AD45,DLC2ImpStableSingle01_AshLight,2,1,51331,22529,169,0.0
?,0003F985,<0003F985>,2,2,51601,21712,1882,0.0
?,0003F976,<0003F976>,2,1,50102,22941,184,0.0
STAT,020195E8,DLC2TreePineForestBroken01,2,2,54888,35218,14543,0.0
STAT,02029F24,DLC2RockPileS01VolcanicAsh01_Ash,2,1,42933,23724,580,0.0
?,000A4E63,<000A4E63>,2,2,52983,17949,752,0.0
?,0002FB21,<0002FB21>,2,2,71959,44516,32750,0.0
?,0002FB22,<0002FB22>,2,2,71451,43893,32504,0.0
?,000D201F,<000D201F>,2,1,43839,19640,338,0.0
?,000E2618,<000E2618>,2,1,44124,19521,30,0.0
STAT,02020E63,DLC2dunKolbjornAshMound01,2,1,43316,19402,180,0.0
?,0003103A,<0003103A>,2,1,43508,19320,237,0.0
?,00038642,<00038642>,2,1,44036,19489,76,0.0
?,0005CD78,<0005CD78>,2,2,50776,31983,14072,0.0
?,0002FB5E,<0002FB5E>,2,2,50606,31861,14009,0.0
?,0002FB6D,<0002FB6D>,2,1,43623,19764,184,0.0
?,0005CD72,<0005CD72>,2,1,43712,19456,373,0.0
?,0005CCDB,<0005CCDB>,2,1,44032,19648,256,0.0
?,000009A0,<000009A0>,2,1,43392,19008,256,0.0
?,0005CCC6,<0005CCC6>,2,1,43456,19520,143,0.0
?,0005EAC6,<0005EAC6>,2,1,43392,19264,128,0.0
?,0005CCE1,<0005CCE1>,2,2,50910,31768,14149,0.0
?,0005CCC3,<0005CCC3>,2,1,44160,19776,128,0.0
?,000EF052,<000EF052>,2,2,47236,24705,11850,0.0
?,000D8398,<000D8398>,2,1,37020,12490,165,0.0
?,00050D03,<00050D03>,2,1,36958,9684,90,0.0
?,0006A0BA,<0006A0BA>,2,2,52418,46323,39402,0.0
?,0005D6E4,<0005D6E4>,2,2,43568,23835,14419,0.0
?,00038B0F,<00038B0F>,2,2,40298,27091,17535,0.0
?,00038B0D,<00038B0D>,2,2,58859,33858,32595,0.0
?,000D839C,<000D839C>,2,1,35880,11772,23,0.0
?,000D8396,<000D8396>,2,1,36533,11143,151,0.0
?,0009174D,<0009174D>,2,2,49058,67386,5524,0.0
STAT,0201D9EC,DLC2GlacierRubbleTrim02_LightSN,2,1,49989,62271,876,0.0
STAT,0203A121,DLC2HandCartCrate_LightSN,2,2,63107,66894,8468,0.0
?,0002A338,<0002A338>,2,2,63468,66569,8192,0.0
STAT,02035346,ApoControlRing01Snow_H,2,2,63028,66950,8345,0.0
?,000C5497,<000C5497>,2,2,57262,59691,372,0.0
STAT,02033C8C,ApoExtTowerArchBig01,2,2,55559,56871,966,0.0
STAT,02036A73,DLC2GlowFillBlack,2,1,48761,61004,42,0.0
STAT,0202BD94,NorExtRubblePiece02_HeavySN,2,1,49004,59631,132,0.0
?,0005ACDB,<0005ACDB>,2,1,40001,58971,31,0.0
ACTI,02028E90,DLC2MineGemSapphire02,2,2,36218,64467,6003,0.0
?,0010D090,<0010D090>,2,2,42800,65294,6662,0.0
?,0010D044,<0010D044>,2,2,42780,65336,7571,0.0
?,00028A87,<00028A87>,2,2,54490,54820,1487,0.0
?,00026FCF,<00026FCF>,2,2,50726,65575,10987,0.0
?,00077C8E,<00077C8E>,2,2,45845,54107,5083,0.0
STAT,0201FE5E,ApoParPost01,2,1,53012,55690,500,0.0
MSTT,02018619,Campfire01LandBurning_LDirtSnowPath,2,2,54544,69561,18088,0.0
?,0003FF09,<0003FF09>,2,2,34865,52800,1968,0.0
?,000ECCE8,<000ECCE8>,2,1,34500,56965,0,0.0
?,00061519,<00061519>,2,2,45063,53571,11382,0.0
?,000C51FF,<000C51FF>,2,2,57383,50424,5008,0.0
?,00035F4C,<00035F4C>,2,2,45073,50948,9158,0.0
?,000800DE,<000800DE>,2,2,66994,54165,13086,0.0
STAT,0202074E,DLC2DweRubblePile06,2,2,72900,45577,16302,0.0
?,0005B09D,<0005B09D>,2,1,54946,50087,256,0.0
STAT,0201F15A,DLC2DwePlatBgWall02,2,1,56871,50367,256,0.0
?,0006100A,<0006100A>,2,1,43351,49454,665,0.0
?,0006E03F,<0006E03F>,2,2,41770,62215,12629,0.0
?,0002F5B2,<0002F5B2>,2,1,35673,52447,223,0.0
?,0003AD54,<0003AD54>,2,1,36113,52950,18,0.0
?,000F9663,<000F9663>,2,1,35892,51860,435,0.0
?,00091A05,<00091A05>,2,1,35625,52065,549,0.0
?,00035F47,<00035F47>,2,2,39818,47836,5453,0.0
?,0005055C,<0005055C>,2,2,39185,63376,13305,0.0
?,0002EC1F,<0002EC1F>,2,2,61616,45745,4070,0.0
?,000C1ADD,<000C1ADD>,2,2,61973,74798,26534,0.0
?,00068DE4,<00068DE4>,2,2,61321,74915,25983,0.0
?,0003D4B2,<0003D4B2>,2,2,60288,50136,10604,0.0
STAT,02028B22,DLC2ExpSpiderSnotKitWall03,2,2,42606,59288,14137,0.0
?,00020668,<00020668>,2,1,51806,48273,9,0.0
?,000455DF,<000455DF>,2,1,43895,43807,640,0.0
?,0008E5FE,<0008E5FE>,2,1,42991,43878,48,0.0
?,00034D30,<00034D30>,2,1,43865,44345,8,0.0
?,00054623,<00054623>,2,2,52700,41772,9049,0.0
?,0001C0C5,<0001C0C5>,2,2,40096,56279,11979,0.0
?,000747FB,<000747FB>,2,2,52890,63297,24122,0.0
?,00054175,<00054175>,2,2,67678,44951,7362,0.0
STAT,0202956E,DLC2MountainCliff02_Ash,2,2,66201,29287,13616,0.0
?,0003F95A,<0003F95A>,2,2,58486,37646,8342,0.0
STAT,0201C652,DLC2CastleGlacier03,2,2,34525,91149,1491,0.0
?,0010D079,<0010D079>,2,2,60539,85255,1354,0.0
?,0002BCA5,<0002BCA5>,2,2,45071,78338,10757,0.0
?,000481AD,<000481AD>,2,1,41482,84988,50,0.0
?,000C792E,<000C792E>,2,2,57253,78543,15670,0.0
CONT,0202AAC2,DLC2TreasDraugrChestBoss,2,2,46382,75408,9149,0.0
?,000B1B7C,<000B1B7C>,2,1,43353,83884,15,0.0
?,0005DFE4,<0005DFE4>,2,1,42375,84408,249,0.0
?,00054963,<00054963>,2,2,35128,78454,4628,0.0
?,00046031,<00046031>,2,2,54938,84979,21307,0.0
?,000B62F1,<000B62F1>,2,2,51362,78557,2039,0.0
CONT,0202C463,DLC2TreasExplorerLootChestSnow,2,2,61067,76583,11479,0.0
?,00097831,<00097831>,2,1,47260,80929,282,0.0
?,00026FCE,<00026FCE>,2,2,46679,77560,1531,0.0
?,000F2459,<000F2459>,2,2,68251,79398,6556,0.0
STAT,02039F25,TreePineForestLog01_Sn,2,1,58093,76022,270,0.0
?,00025849,<00025849>,2,2,59100,74556,25849,0.0
ACTI,02038531,DLC2MQ03FreaSceneTrigger,2,2,63310,71610,2233,0.0
?,00044B9F,<00044B9F>,2,2,54798,70107,5126,0.0
?,00044B87,<00044B87>,2,2,51166,70329,919,0.0
STAT,0203280D,DLC2NorTmpExtPlatCorIn01_LightSN,2,2,50130,69016,768,0.0
?,000860C1,<000860C1>,2,2,37318,71459,3960,0.0
ACTI,02026D51,DLC2ExpSpiderFrostEggJumping,2,1,33246,70279,300,0.0
?,00071826,<00071826>,2,1,33112,69885,0,0.0
?,0007F94E,<0007F94E>,2,1,49695,68254,363,0.0
?,0006E1EC,<0006E1EC>,2,2,42396,66522,9566,0.0
?,000BB8C4,<000BB8C4>,2,2,58539,75325,10407,0.0
?,000C49EA,<000C49EA>,2,1,50468,68411,600,0.0
?,000AF5FD,<000AF5FD>,2,2,65205,48313,24339,0.0
MSTT,02018616,Campfire01LandBurning_SnowRocks,2,2,58377,70204,14800,0.0
?,0004F8E8,<0004F8E8>,2,1,42792,67564,115,0.0
?,000B946E,<000B946E>,2,1,79877,28889,368,0.0
STAT,02020E64,DLC2dunKolbjornAshMound02,2,1,79898,28838,319,0.0
STAT,0203C389,DLC2Tombstone03VolcanicAsh,2,1,79828,28806,398,0.0
STAT,02017E9D,VolcanicPlateau02VolcanicAsh01,2,2,67030,29901,2474,0.0
STAT,02030E99,DLC2TelvanniRoot01,2,2,76381,24247,1100,0.0
STAT,02030E9A,DLC2TelvanniRoot02,2,2,75664,24763,2132,0.0
STAT,02030E95,DLC2TelvanniGourdHouseExt02,2,1,75409,24016,1255,0.0
SOUN,02028B66,AMBVolcanoBBLPmarker,2,2,90469,-422,13188,0.0
SOUN,02028B69,AMBVolcanoBLPmarker,2,2,90468,-462,13318,0.0
?,000EF59C,<000EF59C>,2,2,74614,58437,6042,0.0
?,000E7592,<000E7592>,2,1,68095,64023,969,0.0
?,000E758D,<000E758D>,2,2,68097,62607,1441,0.0
?,00041EC7,<00041EC7>,2,1,80043,57989,621,0.0
?,000C234D,<000C234D>,2,2,82249,49103,8907,0.0
?,000F4315,<000F4315>,2,1,80013,58718,13,0.0
?,00084D1C,<00084D1C>,2,2,82485,49465,9461,0.0
?,000CBB2F,<000CBB2F>,2,1,80042,58148,540,0.0
?,0002EDA0,<0002EDA0>,2,2,73031,51556,8713,0.0
?,00030123,<00030123>,2,1,70943,51187,22,0.0
?,0005B7E2,<0005B7E2>,2,1,71120,50924,700,0.0
?,000B879D,<000B879D>,2,2,85868,41221,1924,0.0
?,000D5C40,<000D5C40>,2,1,87798,41573,325,0.0
STAT,020209BE,DLC2DweRmSmCounterHalf01,2,1,87705,41558,11,0.0
STAT,02020751,DLC2DweRubblePileCeiling01,2,2,85104,40182,2387,0.0
STAT,0201EDE0,DLC2DweFacadeTowerArch1x4Hall,2,2,85077,40112,2271,0.0
STAT,020209B3,DLC2DweWallCap02,2,1,82592,41891,1000,0.0
STAT,0201DFFC,DLC2DweFacadeBridgeRampCCW01,2,2,85968,40176,1248,0.0
STAT,0201DFFD,DLC2DweFacadeBridgeRampCW01,2,2,84745,41368,1311,0.0
STAT,0201EDD9,DLC2DweFacadeTowerArch1x4,2,2,84802,41557,1084,0.0
?,000EC19B,<000EC19B>,2,2,82611,41853,1099,0.0
STAT,020322B0,DLC2DweClutterTrough01,2,2,82243,42069,2062,0.0
?,000B7E7F,<000B7E7F>,2,2,66539,40782,433,0.0
STAT,020264F6,DLC2DweReadRmEXTShaftRm01,2,1,88814,38888,1088,0.0
STAT,020264FD,DLC2DweStatueBustCenturion01,2,1,88301,39184,576,0.0
STAT,020264F7,DLC2DweReadRmFirepot01,2,1,88800,38896,0,0.0
?,0008E823,<0008E823>,2,1,88957,38817,306,0.0
?,0001ED66,<0001ED66>,2,1,88169,39067,654,0.0
?,0001ED69,<0001ED69>,2,1,88337,39357,654,0.0
?,0005511E,<0005511E>,2,1,85106,40091,0,0.0
?,000D8E8B,<000D8E8B>,2,1,66736,92740,491,0.0
?,0006A0A9,<0006A0A9>,2,2,77222,76648,11428,0.0
?,000BB8C7,<000BB8C7>,2,2,76602,75546,13863,0.0
?,00080E3B,<00080E3B>,2,1,66922,82761,273,0.0
?,000B5993,<000B5993>,2,2,75528,77070,9484,0.0
?,00026959,<00026959>,2,2,80313,74263,8403,0.0
?,0002A572,<0002A572>,2,1,84565,72306,300,0.0
?,0002521F,<0002521F>,2,1,84156,72295,456,0.0
?,00071CF3,<00071CF3>,2,1,74909,69790,1,0.0
STAT,0202A8E0,DLC2SkaalVilTotemArch01,2,1,75818,70888,698,0.0
?,00053908,<00053908>,2,2,74176,69560,3486,0.0
?,0008278D,<0008278D>,2,1,75052,70684,165,0.0
?,000627EA,<000627EA>,2,1,72993,71598,978,0.0
?,0003E22D,<0003E22D>,2,1,72918,70626,130,0.0
STAT,02029452,DLC2SkaalVilFishHut01,2,1,72993,71603,974,0.0
?,0006EAAE,<0006EAAE>,2,2,72380,70577,1033,0.0
?,0006EAB7,<0006EAB7>,2,1,72234,71929,136,0.0
?,000BB953,<000BB953>,2,1,71471,70140,84,0.0
?,0004F007,<0004F007>,1,1,50485,89890,0,0.0
STAT,02032468,RedoranHut02,1,1,25581,37416,0,0.0
ACTI,02025822,DLC2RRESKickoffTrigger,1,1,28994,33470,0,0.0
?,00068531,<00068531>,1,1,29156,35753,0,0.0
ACTI,02037AE6,DLC2HermaeusMoraFaceFXAct,1,1,74254,71271,0,0.0
?,00050351,<00050351>,1,1,29039,33397,0,0.0
FURN,02039BA7,DLC2TentacleWordBurnMarker,1,1,74620,70658,0,0.0
ACTI,02019663,DLC2dunKarstaagThroneTrig,1,1,33255,91508,0,0.0
FURN,0203143F,DLC2_ChildSitOnKneesMarker,1,1,73682,70697,0,0.0
STAT,0202B246,DLC2SkaalVilFarmWell01,1,1,73567,70664,0,0.0
FURN,0203C71A,PickaxeMiningTableMarker_IgnoredBySandbox,1,1,39892,26619,0,0.0
ACTI,0201EDAD,dlc2StandingStoneSunACT,1,1,72850,34672,0,0.0
ACTI,0201EDAB,dlc2StandingStoneTreeACT,1,1,56369,62501,0,0.0
?,00065C9D,<00065C9D>,1,1,41460,56966,0,0.0
CONT,02035E25,DLC2dunFrostmoonTreasChest,1,1,40860,57096,0,0.0
?,000C227B,<000C227B>,1,1,42796,67553,0,0.0
BOOK,0203537C,DLC2POIUshaNote01,1,1,65377,47268,0,0.0
?,00077281,<00077281>,1,1,65558,46740,0,0.0
?,0003B072,<0003B072>,1,1,61894,40121,0,0.0
STAT,0201BBBD,DLC2VvardenfellPlume,1,1,166404,-88157,0,0.0
FURN,0203A491,DLC2PickaxeMiningFloorMarker_Stalhrim,1,1,28805,78585,0,0.0
CONT,02031DB4,dlc2MerchMerchantsChest,1,1,57751,44235,0,0.0
?,000AD6D4,<000AD6D4>,1,1,37520,26192,0,0.0
?,00000004,<00000004>,1,1,32456,32757,0,0.0
STAT,02029D26,MQ03SkaalVillageBarrier01,1,1,74543,70649,0,0.0
?,00037CFE,<00037CFE>,1,1,25889,55493,0,0.0
ACTI,0201EDA7,dlc2StandingStoneWindACT,1,1,63321,75289,0,0.0
ACTI,0201EDB1,dlc2StandingStoneEarthACT,1,1,22903,30924,0,0.0
?,0010C4B0,<0010C4B0>,1,1,85249,-391,0,0.0
?,0010C4BF,<0010C4BF>,1,1,93749,-35313,0,0.0
?,0010C4BC,<0010C4BC>,1,1,82218,1800,0,0.0
?,0010C4CE,<0010C4CE>,1,1,104196,-8768,0,0.0
ACTI,02026643,ApoExtTowerBaseDias01,1,1,56361,62475,0,0.0
CONT,02027E09,DLC2SV02AncarionChest,1,1,23208,94275,0,0.0
DOOR,0201D4BC,DLC2dunNchardakDoorSeal,1,1,88093,39304,0,0.0
ACTI,02027436,DLC2NorWordWallWordGol,1,1,41841,82884,0,0.0
?,00021703,<00021703>,1,1,41855,82680,0,0.0
?,00021704,<00021704>,1,1,42331,83302,0,0.0
CONT,02027108,DLC2ThirskBlacksmithChest,1,1,67670,57673,0,0.0
ACTI,0201EDA9,dlc2StandingStoneWaterACT,1,1,21601,64428,0,0.0
BOOK,02018108,DLC2dunKolbjornRalisJournal01,1,1,37626,26014,0,0.0
CONT,0202501C,DLC2RRMiloreVendorChest,1,1,28894,36978,0,0.0
CONT,02025020,DLC2RRFethisVendorChest,1,1,28788,37072,0,0.0
CONT,0202501D,DLC2RRGloverVendorChest,1,1,28774,36919,0,0.0
CONT,0202501F,DLC2RRGarynVendorChest,1,1,28793,36979,0,0.0
?,000E9E08,<000E9E08>,1,1,43395,19083,0,0.0
?,000CAE0B,<000CAE0B>,1,1,67662,57951,0,0.0
ACTI,0201EDA5,dlc2StandingStoneBeastACT,1,1,62735,58610,0,0.0
CONT,0201DC65,DLC2dunFrostmoonVendorChest,1,1,41363,57223,0,0.0
?,0010C4C3,<0010C4C3>,1,1,71759,-18730,0,0.0
?,0010C4CC,<0010C4CC>,1,1,96776,-97578,0,0.0
?,0010C4B7,<0010C4B7>,1,1,61668,-55363,0,0.0
?,0010C4C6,<0010C4C6>,1,1,75383,-57907,0,0.0
?,0010C4CF,<0010C4CF>,1,1,114189,-69552,0,0.0
?,0010C4B9,<0010C4B9>,1,1,129853,-48584,0,0.0
?,0004B484,<0004B484>,1,1,23892,79924,0,0.0
FURN,0202B074,DLC2CraftingBlackSmithSkaalForge,1,1,74535,69981,0,0.0
?,000CD6BF,<000CD6BF>,1,1,34197,56960,0,0.0
FURN,0203D2BC,DLC2FreaCrouchedMarker,1,1,74599,70598,0,0.0
?,00029CB0,<00029CB0>,1,1,35466,52369,0,0.0
TACT,0201C0AB,DLC2MQ05HermaeusMora,1,1,74498,70798,0,0.0
?,00037A29,<00037A29>,1,1,36109,10485,0,0.0
FURN,0202C0B4,BedrollHay01LDirtPath01R,1,1,79497,57827,0,0.0
MSTT,0202C0B0,Campfire01LandBurningDirtPath01,1,1,80548,58143,0,0.0
?,000988DF,<000988DF>,1,1,59795,71748,0,0.0
?,00098665,<00098665>,1,1,59806,71967,0,0.0
?,00108D3C,<00108D3C>,1,1,72031,70837,0,0.0
?,00036ADB,<00036ADB>,1,1,55928,50183,0,0.0
?,0007C914,<0007C914>,1,1,51841,25064,0,0.0
DOOR,02038BAD,DLC2TelMithrynDoor02,1,1,76802,23057,0,0.0
ACTI,02028110,DLC2dunNchardakExtrudePedestal,1,1,88088,39504,0,0.0
DOOR,0202A56C,DLC2ThirskMeadHallDoors,1,1,67430,58567,0,0.0
?,000FD934,<000FD934>,1,1,32677,31875,0,0.0
STAT,02038A34,DLC2RRDockPier02,1,1,28746,32678,0,0.0
STAT,0201B924,DLC2RRBulwarkAngle01,1,1,30182,31243,0,0.0
STAT,0201B922,DLC2RRBulwarkEntry01,1,1,32343,32491,0,0.0
STAT,0203A11F,DLC2CrateSmall01Weathered_LightAsh,1,1,22267,31725,0,0.0
ACTI,0202BF18,DLC2RRShrineTrigger,1,1,22971,30963,0,0.0
STAT,0203534F,ApoApoControlRingStones01VolcanicTundraRocks01,1,1,22092,31209,0,0.0
ARMO,0201CD94,DLC2ArmorBonemoldGauntlets,1,1,27363,22710,0,0.0
?,0005AD45,<0005AD45>,1,1,27397,22713,0,0.0
BOOK,0202826A,DLC2Book4RareNchunaksFireandFaith,1,1,29784,64434,0,0.0
?,00074FE4,<00074FE4>,1,1,30956,65422,0,0.0
STAT,020298F7,DLC2RieklingBridgeStart01Snow,1,1,30310,64535,0,0.0
STAT,020298E0,DLC2dunFahlbtharzDweRubblePileCeiling01_Snow,1,1,31949,65080,0,0.0
?,000BFDBB,<000BFDBB>,1,1,29882,65072,0,0.0
?,00097A03,<00097A03>,1,1,29895,64560,0,0.0
?,000FF8EB,<000FF8EB>,1,1,29895,64560,0,0.0
?,000F540A,<000F540A>,1,1,29859,64565,0,0.0
?,0003CED5,<0003CED5>,1,1,21930,63491,0,0.0
STAT,02027E5F,ApoControlRingArchPart01,1,1,21475,65304,0,0.0
STAT,0203534D,ApoControlRing01,1,1,21601,64428,0,0.0
?,000E3734,<000E3734>,1,1,17347,62164,0,0.0
?,000C2104,<000C2104>,1,1,24675,61118,0,0.0
?,000D204A,<000D204A>,1,1,25592,54817,0,0.0
?,0003E631,<0003E631>,1,1,25530,55518,0,0.0
?,000DA628,<000DA628>,1,1,25527,55521,0,0.0
?,00043CD0,<00043CD0>,1,1,25924,55501,0,0.0
?,0004620F,<0004620F>,1,1,20855,53490,0,0.0
?,0003452F,<0003452F>,1,1,21673,52925,0,0.0
ALCH,020248CC,DLC2Shein,1,1,21624,52980,0,0.0
ALCH,020248CE,DLC2Matze,1,1,21646,52981,0,0.0
?,000E8B39,<000E8B39>,1,1,21682,52877,0,0.0
CONT,0202C456,DLC2TreasWarlockChestBoss,1,1,29511,45311,0,0.0
?,000F03E3,<000F03E3>,1,1,25625,46929,0,0.0
BOOK,0202826E,DLC2Book1CheapPoisonSong1,1,1,25627,46937,0,0.0
BOOK,02029102,DLC2Book3ValuableTrap,1,1,25596,46897,0,0.0
BOOK,0203B052,DLC2Book2CommonTheReclamations,1,1,25604,46905,0,0.0
?,0003AD93,<0003AD93>,1,1,25635,46957,0,0.0
ARMO,02037066,DLC2DarkElfOutfitRed,1,1,25435,47174,0,0.0
STAT,02038AF7,DLC2RockPileL04VolcanicAshTundra01,1,1,26303,48103,0,0.0
?,0002EDF5,<0002EDF5>,1,1,26322,47926,0,0.0
?,00044B8A,<00044B8A>,1,1,25920,47653,0,0.0
?,0003B3CC,<0003B3CC>,1,1,25557,47794,0,0.0
?,0010E9E5,<0010E9E5>,1,1,25551,48163,0,0.0
?,0010E9E9,<0010E9E9>,1,1,25907,48324,0,0.0
?,00044B88,<00044B88>,1,1,25903,48228,0,0.0
?,0003EADD,<0003EADD>,1,1,24867,46823,0,0.0
?,00064B3E,<00064B3E>,1,1,25110,46710,0,0.0
?,00104B40,<00104B40>,1,1,25136,46831,0,0.0
INGR,0201CD74,DLC2AshCreepCluster,1,1,25069,46422,0,0.0
ARMO,0201CD86,DLC2ArmorChitinLightBoots,1,1,25079,46420,0,0.0
?,00019B15,<00019B15>,1,1,25345,46946,0,0.0
?,00031038,<00031038>,1,1,25435,47058,0,0.0
?,0005F227,<0005F227>,1,1,25415,46493,0,0.0
?,000BAD0C,<000BAD0C>,1,1,24921,46493,0,0.0
BOOK,02031CC8,DLC2dunBloodskalNote01,1,1,26141,47604,0,0.0
?,000A44B0,<000A44B0>,1,1,26122,47553,0,0.0
?,0006717F,<0006717F>,1,1,25672,48345,0,0.0
?,0002BCD5,<0002BCD5>,1,1,25614,48344,0,0.0
?,000C2BFC,<000C2BFC>,1,1,25994,47821,0,0.0
?,000C2BFE,<000C2BFE>,1,1,26002,47706,0,0.0
FURN,02035038,DLC2DarkElfBed01L,1,1,25889,48299,0,0.0
ACTI,0202B10E,DLC2RR03ExitTrigger,1,1,27269,46098,0,0.0
?,0001E684,<0001E684>,1,1,25229,46806,0,0.0
?,00026F77,<00026F77>,1,1,25975,47046,0,0.0
?,00028AA7,<00028AA7>,1,1,26578,46492,0,0.0
?,00026F7B,<00026F7B>,1,1,24579,46661,0,0.0
?,0010D053,<0010D053>,1,1,29894,44015,0,0.0
?,00020154,<00020154>,1,1,19785,41499,0,0.0
?,0001E1A2,<0001E1A2>,1,1,29670,40446,0,0.0
?,00108E08,<00108E08>,1,1,29446,36892,0,0.0
MSTT,02038455,DLC2BannerGeneralGoods01,1,1,29463,37873,0,0.0
STAT,02032487,RedoranHut04,1,1,30982,36874,0,0.0
STAT,02038EAD,DLC2CliffBasaltStraightMine,1,1,30015,40661,0,0.0
STAT,02020FEB,DLC2BasaltRubblePile01,1,1,30184,39153,0,0.0
STAT,02032467,RedoranHut03,1,1,29923,38232,0,0.0
STAT,0203514E,RedoranWell01,1,1,29445,36890,0,0.0
STAT,0201CAF4,RedoranHut01,1,1,28121,37188,0,0.0
MISC,02017719,DLC2ExpSpiderAlbinoButt,1,1,23824,39437,0,0.0
?,000C8919,<000C8919>,1,1,23805,39423,0,0.0
?,000D987F,<000D987F>,1,1,23823,39381,0,0.0
?,000D8277,<000D8277>,1,1,23823,39381,0,0.0
STAT,020325F7,DLC2dunHaknirsLandscapeFloor01,1,1,19821,40342,0,0.0
MSTT,0203BD5E,DLC2SignRRBlacksmith01,1,1,29357,36208,0,0.0
STAT,02035D52,RedoranAshPit02,1,1,31774,35413,0,0.0
STAT,02039E65,RedoranBaseStairs01,1,1,32158,34747,0,0.0
STAT,02039E62,DLC2RRFence01A,1,1,30696,35473,0,0.0
SOUN,0201DEF5,AMBHarborRigging02LP,1,1,28782,33364,0,0.0
?,000B09F0,<000B09F0>,1,1,29293,36176,0,0.0
?,00064AF4,<00064AF4>,1,1,28741,36756,0,0.0
STAT,0202C1DC,DLC2RRBuilding02,1,1,30228,34733,0,0.0
?,000D54FF,<000D54FF>,1,1,28756,36696,0,0.0
STAT,02039E5F,DLC2RRDockPier01A,1,1,29652,33220,0,0.0
STAT,02038A2C,DLC2RRDockStr4way01,1,1,30475,33744,0,0.0
FURN,0203CF6E,DLC2CraftingBlackSmithForge,1,1,29220,35997,0,0.0
STAT,0203A47B,DLC2RRBuilding03,1,1,28862,35536,0,0.0
STAT,02038A36,DLC2RRDockStr02A,1,1,28381,35273,0,0.0
MSTT,02038456,DLC2BannerAlchemy01,1,1,28554,36764,0,0.0
SOUN,0201DEF0,AMBHarbor01,1,1,27985,36217,0,0.0
SOUN,0201DEF4,AMBHarborRigging01LP,1,1,27477,33761,0,0.0
STAT,0201C653,DLC2CastleGlacier04,1,1,31328,90196,0,0.0
?,00034CD8,<00034CD8>,1,1,24771,93188,0,0.0
?,00070BC2,<00070BC2>,1,1,24850,93187,0,0.0
?,0003FA65,<0003FA65>,1,1,24895,92992,0,0.0
?,0005CCE6,<0005CCE6>,1,1,24839,93133,0,0.0
?,0005CCE4,<0005CCE4>,1,1,25099,93010,0,0.0
?,0005CCE5,<0005CCE5>,1,1,24586,93000,0,0.0
?,0001CF2B,<0001CF2B>,1,1,24903,93178,0,0.0
?,000877A7,<000877A7>,1,1,24778,93240,0,0.0
?,0007A619,<0007A619>,1,1,22674,93209,0,0.0
?,0005ACE3,<0005ACE3>,1,1,21832,93621,0,0.0
?,000D2017,<000D2017>,1,1,21722,92665,0,0.0
?,0009252A,<0009252A>,1,1,22929,93074,0,0.0
?,000AE63B,<000AE63B>,1,1,22096,92743,0,0.0
?,000BED98,<000BED98>,1,1,21898,93216,0,0.0
?,00097705,<00097705>,1,1,22293,92271,0,0.0
?,00084CEB,<00084CEB>,1,1,24727,88340,0,0.0
LIGH,0202ACF6,DLC2CZLightCampFireShadow01,1,1,17622,82384,0,0.0
?,000F5DB0,<000F5DB0>,1,1,19456,84017,0,0.0
CONT,02028211,TreasRieklingChestEMPTY,1,1,17865,83203,0,0.0
?,000C12FC,<000C12FC>,1,1,19194,83835,0,0.0
?,0004DCAE,<0004DCAE>,1,1,29176,78763,0,0.0
?,000B945A,<000B945A>,1,1,29195,78761,0,0.0
?,00025848,<00025848>,1,1,29194,78783,0,0.0
?,00025845,<00025845>,1,1,29194,78783,0,0.0
?,00025843,<00025843>,1,1,29194,78783,0,0.0
?,000D5715,<000D5715>,1,1,23941,80457,0,0.0
?,000C585E,<000C585E>,1,1,23709,79891,0,0.0
ACTI,02028E92,DLC2MineGemSapphire03,1,1,32546,69838,0,0.0
?,00013251,<00013251>,1,1,24185,70665,0,0.0
?,0006DD63,<0006DD63>,1,1,32021,65734,0,0.0
?,000DC850,<000DC850>,1,1,30960,65846,0,0.0
?,000765F8,<000765F8>,1,1,31145,65681,0,0.0
?,00055C0E,<00055C0E>,1,1,30960,65864,0,0.0
?,0006DD65,<0006DD65>,1,1,32021,65734,0,0.0
?,0006DD69,<0006DD69>,1,1,30956,65550,0,0.0
?,0006DD67,<0006DD67>,1,1,30911,66808,0,0.0
?,0006DD5F,<0006DD5F>,1,1,29913,66293,0,0.0
?,00055120,<00055120>,1,1,30514,66211,0,0.0
?,00055123,<00055123>,1,1,30960,65864,0,0.0
?,000310A5,<000310A5>,1,1,26010,66639,0,0.0
?,000EC321,<000EC321>,1,1,28095,100002,0,0.0
STAT,0203244A,DLC2RRTunnel01,1,1,32880,31536,0,0.0
MSTT,02019AD4,DLC2FXAmbAshBlowingConstant01,1,1,64353,25080,0,0.0
MSTT,0201A56D,DLC2ScatteredEmbers02,1,1,64935,25861,0,0.0
MSTT,0201A56B,DLC2FXFlamingRockDebrisSmall,1,1,64787,25347,0,0.0
MSTT,0201A56A,DLC2FXFlamingRockDebris,1,1,64992,25331,0,0.0
?,0006A0AB,<0006A0AB>,1,1,53237,25249,0,0.0
?,000513B7,<000513B7>,1,1,51048,24842,0,0.0
?,000513B6,<000513B6>,1,1,51048,25866,0,0.0
?,000513B9,<000513B9>,1,1,52584,25866,0,0.0
?,00040B0A,<00040B0A>,1,1,50783,24906,0,0.0
STAT,02029F28,DLC2RockPileS04VolcanicAsh01_Ash,1,1,48116,25580,0,0.0
?,000B1B74,<000B1B74>,1,1,38568,26525,0,0.0
?,0001C4AC,<0001C4AC>,1,1,38627,26575,0,0.0
?,00034CD4,<00034CD4>,1,1,38730,26463,0,0.0
?,00019E27,<00019E27>,1,1,38761,26253,0,0.0
STAT,02021742,DLC2DarkElfShelf04,1,1,38546,26653,0,0.0
?,00012FEC,<00012FEC>,1,1,38183,26387,0,0.0
?,0004C3C6,<0004C3C6>,1,1,38131,26911,0,0.0
?,000721E8,<000721E8>,1,1,38963,26389,0,0.0
?,0009171B,<0009171B>,1,1,38717,26456,0,0.0
?,00104B3F,<00104B3F>,1,1,38876,26360,0,0.0
?,0003133B,<0003133B>,1,1,38980,26358,0,0.0
?,00093D45,<00093D45>,1,1,38850,26457,0,0.0
?,00098623,<00098623>,1,1,38975,26334,0,0.0
?,00098621,<00098621>,1,1,38950,26362,0,0.0
?,000F699D,<000F699D>,1,1,38708,26481,0,0.0
?,00098620,<00098620>,1,1,38692,26477,0,0.0
?,0007A60D,<0007A60D>,1,1,38746,26320,0,0.0
STAT,02020A61,DLC2dunKolbjorn_NorDwelling03ExtPylons01,1,1,37818,26100,0,0.0
?,000251E2,<000251E2>,1,1,37764,25896,0,0.0
STAT,02020A62,DLC2dunKolbjorn_NorDwelling03ExtBaseB,1,1,37764,25896,0,0.0
?,0001814D,<0001814D>,1,1,33511,25682,0,0.0
?,00018145,<00018145>,1,1,33315,27689,0,0.0
?,0001BCC3,<0001BCC3>,1,1,54317,24204,0,0.0
?,00072E9F,<00072E9F>,1,1,53570,24420,0,0.0
?,0006F729,<0006F729>,1,1,53266,22145,0,0.0
?,00070BB4,<00070BB4>,1,1,54840,20678,0,0.0
STAT,0202AD64,DLC2ImpExtRubble03_Ash,1,1,52156,24406,0,0.0
?,000DB894,<000DB894>,1,1,52903,24568,0,0.0
?,0003E22F,<0003E22F>,1,1,51086,22404,0,0.0
?,0003F943,<0003F943>,1,1,50741,23547,0,0.0
STAT,0202AD62,DLC2ImpExtRubble04_Ash,1,1,52019,22251,0,0.0
?,0003F1F9,<0003F1F9>,1,1,50671,22044,0,0.0
ACTI,0201B90D,DLC2RR01ToggleTrigger,1,1,33889,22712,0,0.0
STAT,0202B8C2,DLC2BasaltRubblePile02CoastBeach01_Ash,1,1,36366,21266,0,0.0
?,000C5860,<000C5860>,1,1,34967,22725,0,0.0
?,000BB8A7,<000BB8A7>,1,1,52856,16879,0,0.0
?,000AE630,<000AE630>,1,1,52770,18056,0,0.0
?,0010AAD2,<0010AAD2>,1,1,44386,19553,0,0.0
?,000C842B,<000C842B>,1,1,43498,19053,0,0.0
?,000E2617,<000E2617>,1,1,44120,19518,0,0.0
?,000C2CBE,<000C2CBE>,1,1,43280,19681,0,0.0
?,000C2CC3,<000C2CC3>,1,1,43442,19549,0,0.0
?,00090F13,<00090F13>,1,1,43341,19124,0,0.0
?,00019B13,<00019B13>,1,1,43641,19546,0,0.0
?,000DABAB,<000DABAB>,1,1,43683,19427,0,0.0
?,000D201D,<000D201D>,1,1,44171,19787,0,0.0
?,0005CCDC,<0005CCDC>,1,1,43520,19648,0,0.0
?,0005CCDE,<0005CCDE>,1,1,43776,19264,0,0.0
?,000C3D36,<000C3D36>,1,1,43778,19861,0,0.0
?,0005CCC5,<0005CCC5>,1,1,43520,19520,0,0.0
?,0005CCD9,<0005CCD9>,1,1,43520,19520,0,0.0
?,00088243,<00088243>,1,1,43669,19083,0,0.0
?,000CE786,<000CE786>,1,1,44163,19479,0,0.0
?,0002FB68,<0002FB68>,1,1,43754,18908,0,0.0
?,0002FB67,<0002FB67>,1,1,43710,19088,0,0.0
?,000C4B99,<000C4B99>,1,1,43812,19249,0,0.0
?,000C891B,<000C891B>,1,1,43853,13376,0,0.0
?,000E72A8,<000E72A8>,1,1,43640,13685,0,0.0
?,000E72A6,<000E72A6>,1,1,43621,13651,0,0.0
?,000877C9,<000877C9>,1,1,43868,13374,0,0.0
?,000B2419,<000B2419>,1,1,41744,15566,0,0.0
?,000D8399,<000D8399>,1,1,36968,12501,0,0.0
?,000AF6AF,<000AF6AF>,1,1,35178,11673,0,0.0
?,0003AD64,<0003AD64>,1,1,35161,11647,0,0.0
?,0007A91A,<0007A91A>,1,1,35259,11698,0,0.0
?,00038B0B,<00038B0B>,1,1,36750,9896,0,0.0
?,0002F239,<0002F239>,1,1,36480,9967,0,0.0
?,000D2007,<000D2007>,1,1,35953,10822,0,0.0
?,0001989A,<0001989A>,1,1,35828,10404,0,0.0
?,000DCE84,<000DCE84>,1,1,35920,10322,0,0.0
?,000D839B,<000D839B>,1,1,35944,11716,0,0.0
?,0001CF9F,<0001CF9F>,1,1,35664,11520,0,0.0
?,00030000,<00030000>,1,1,35961,10886,0,0.0
?,0003F85D,<0003F85D>,1,1,64492,63478,0,0.0
?,000E758E,<000E758E>,1,1,65241,61465,0,0.0
?,000E7590,<000E7590>,1,1,65212,62570,0,0.0
?,000B679A,<000B679A>,1,1,61265,63482,0,0.0
STAT,020362AE,ApoExtTowerBaseDiasCover02,1,1,56361,62475,0,0.0
STAT,020362AD,ApoExtTowerBaseDiasCover01,1,1,56361,62475,0,0.0
?,00077ED2,<00077ED2>,1,1,53338,62329,0,0.0
STAT,0201AA30,ApoExtTowerBase01,1,1,56380,62465,0,0.0
STAT,0201DA5B,DLC2IcebergLedge01_LightSN,1,1,49581,64916,0,0.0
STAT,0203D3BF,ApoControlRingArchPart01Snow_L,1,1,63585,58441,0,0.0
STAT,0203D3C0,RockCartPile01Snow,1,1,63277,58136,0,0.0
?,0002A33B,<0002A33B>,1,1,62848,58161,0,0.0
?,00058EFB,<00058EFB>,1,1,64958,59948,0,0.0
?,000533BD,<000533BD>,1,1,57097,60756,0,0.0
?,000183CF,<000183CF>,1,1,56834,60794,0,0.0
?,00026FD3,<00026FD3>,1,1,56401,58277,0,0.0
?,00026FD1,<00026FD1>,1,1,55437,58622,0,0.0
STAT,02019654,GlacierCaveEntrance02_LDirtSnowPath,1,1,48843,61085,0,0.0
?,000C5494,<000C5494>,1,1,48873,59707,0,0.0
?,00073CC2,<00073CC2>,1,1,41318,57564,0,0.0
STAT,0201F9E4,RockPileL03SnowNoSnow,1,1,41370,57596,0,0.0
?,00027034,<00027034>,1,1,41380,57523,0,0.0
STAT,0201D9EB,DLC2GlacierRubbleTrim01_LightSN,1,1,40982,57953,0,0.0
?,000800E0,<000800E0>,1,1,40151,58999,0,0.0
?,001067EC,<001067EC>,1,1,40017,58964,0,0.0
?,000D987B,<000D987B>,1,1,40017,58964,0,0.0
?,00028A89,<00028A89>,1,1,54568,56719,0,0.0
?,00026FCD,<00026FCD>,1,1,53749,54674,0,0.0
?,0004CCD7,<0004CCD7>,1,1,49394,55778,0,0.0
?,0010D096,<0010D096>,1,1,41607,53799,0,0.0
STAT,02018D91,Campfire01LandOffDirtSnowPath,1,1,41564,56963,0,0.0
STAT,0201EE73,RockM03SnowLight,1,1,41345,56785,0,0.0
?,000F7F4F,<000F7F4F>,1,1,42125,56958,0,0.0
?,00052C24,<00052C24>,1,1,34437,56816,0,0.0
?,00059D5E,<00059D5E>,1,1,34501,56779,0,0.0
?,000FF8ED,<000FF8ED>,1,1,34197,56960,0,0.0
?,00036AC2,<00036AC2>,1,1,58076,50793,0,0.0
?,000C886C,<000C886C>,1,1,54216,50718,0,0.0
?,000C8872,<000C8872>,1,1,54244,50774,0,0.0
?,00027F03,<00027F03>,1,1,54288,50732,0,0.0
?,00025C13,<00025C13>,1,1,54318,50812,0,0.0
?,0005ADEA,<0005ADEA>,1,1,53789,49784,0,0.0
?,00068763,<00068763>,1,1,53788,49788,0,0.0
?,0004EFCF,<0004EFCF>,1,1,56827,50782,0,0.0
STAT,0202074A,DLC2DweRubblePile02,1,1,55993,49418,0,0.0
?,00020650,<00020650>,1,1,55325,50331,0,0.0
?,00055124,<00055124>,1,1,55928,50183,0,0.0
?,0005B094,<0005B094>,1,1,55775,49484,0,0.0
?,00055126,<00055126>,1,1,55928,50183,0,0.0
?,0003D4B5,<0003D4B5>,1,1,52530,49613,0,0.0
?,0002ED76,<0002ED76>,1,1,44993,52506,0,0.0
?,000CBB41,<000CBB41>,1,1,36650,50282,0,0.0
STAT,0202587D,DLC2TreePineForestCutLog01Asnow,1,1,35831,51879,0,0.0
?,000DAFA0,<000DAFA0>,1,1,35681,52254,0,0.0
?,000715FA,<000715FA>,1,1,35457,52642,0,0.0
?,000455D5,<000455D5>,1,1,65471,47170,0,0.0
?,00013985,<00013985>,1,1,65334,47267,0,0.0
?,000CAF75,<000CAF75>,1,1,62154,48945,0,0.0
?,00104B44,<00104B44>,1,1,65106,47834,0,0.0
?,00027D1D,<00027D1D>,1,1,59760,45469,0,0.0
ACTI,02028EA1,DLC2MineGemRuby02,1,1,51816,48525,0,0.0
ACTI,0201448D,DLC2ExpSpiderFireEggJumping,1,1,51713,48460,0,0.0
?,00052F76,<00052F76>,1,1,37266,45115,0,0.0
?,0003AF9D,<0003AF9D>,1,1,57486,44159,0,0.0
?,000139BF,<000139BF>,1,1,57451,44428,0,0.0
BOOK,02033C7D,dlc2MerchNote,1,1,57461,44404,0,0.0
?,0005CCC8,<0005CCC8>,1,1,57775,44191,0,0.0
?,000E8E76,<000E8E76>,1,1,44282,43455,0,0.0
?,000E8E79,<000E8E79>,1,1,44245,43400,0,0.0
?,000E8E7E,<000E8E7E>,1,1,43873,44423,0,0.0
?,000455DD,<000455DD>,1,1,43182,44505,0,0.0
?,0007A60B,<0007A60B>,1,1,43917,43348,0,0.0
?,000173FF,<000173FF>,1,1,43520,44073,0,0.0
?,0002520D,<0002520D>,1,1,43720,43950,0,0.0
?,00064B43,<00064B43>,1,1,37540,44543,0,0.0
?,00063B43,<00063B43>,1,1,37563,44538,0,0.0
ACTI,02028E96,DLC2MineGemEmerald03,1,1,38244,44914,0,0.0
?,00080699,<00080699>,1,1,37643,44566,0,0.0
?,00054C32,<00054C32>,1,1,32904,42949,0,0.0
?,00063858,<00063858>,1,1,63434,40578,0,0.0
?,000997FE,<000997FE>,1,1,61902,40264,0,0.0
?,0003E211,<0003E211>,1,1,50329,37148,0,0.0
?,000AF5FB,<000AF5FB>,1,1,64186,33474,0,0.0
?,000AF5FA,<000AF5FA>,1,1,64145,33422,0,0.0
?,000AF5F9,<000AF5F9>,1,1,64130,33418,0,0.0
?,000AF5F8,<000AF5F8>,1,1,64244,33457,0,0.0
?,000AF5F7,<000AF5F7>,1,1,64263,33487,0,0.0
?,000AF5F6,<000AF5F6>,1,1,64120,33396,0,0.0
?,000AF5F5,<000AF5F5>,1,1,64337,33481,0,0.0
?,000AF5F4,<000AF5F4>,1,1,64327,33440,0,0.0
?,000E9DF0,<000E9DF0>,1,1,61899,33419,0,0.0
?,000BB8C2,<000BB8C2>,1,1,62686,34365,0,0.0
?,0005D6E5,<0005D6E5>,1,1,50733,36176,0,0.0
?,0003F987,<0003F987>,1,1,50858,35156,0,0.0
?,0004CECA,<0004CECA>,1,1,50622,35732,0,0.0
?,00040B10,<00040B10>,1,1,50880,35632,0,0.0
STAT,02039EA4,RedoranBaseStairs02,1,1,32784,33640,0,0.0
STAT,020324AA,RedoranTemple01,1,1,33258,35378,0,0.0
?,000A2C73,<000A2C73>,1,1,46336,92365,0,0.0
STAT,0201B931,DLC2GlacierCaveEntrance02,1,1,47639,91879,0,0.0
?,0010B11C,<0010B11C>,1,1,37650,90934,0,0.0
STAT,02039D5C,DLC02IceThroneUnique,1,1,33255,91494,0,0.0
?,00075D7B,<00075D7B>,1,1,33287,91368,0,0.0
?,00027DDA,<00027DDA>,1,1,42224,90022,0,0.0
?,000A98EE,<000A98EE>,1,1,37192,89983,0,0.0
?,0002D3C6,<0002D3C6>,1,1,37681,89148,0,0.0
?,0002B95E,<0002B95E>,1,1,37615,89173,0,0.0
?,0004F4F8,<0004F4F8>,1,1,37313,86420,0,0.0
?,001033F3,<001033F3>,1,1,37682,88665,0,0.0
?,0002C68E,<0002C68E>,1,1,33547,89113,0,0.0
?,00065CA2,<00065CA2>,1,1,33659,87462,0,0.0
STAT,0201C64D,DLC2CastleGlacier01,1,1,33722,88202,0,0.0
?,0008CD45,<0008CD45>,1,1,62133,84846,0,0.0
?,000FDCC5,<000FDCC5>,1,1,42292,84293,0,0.0
?,0002E4E5,<0002E4E5>,1,1,41492,85038,0,0.0
?,0006A0C2,<0006A0C2>,1,1,41524,85055,0,0.0
?,00037E8B,<00037E8B>,1,1,41493,85005,0,0.0
?,00012E46,<00012E46>,1,1,42304,83052,0,0.0
STAT,0202B6B1,DLC2RuinsFloorCandleLampMidOff02Snow,1,1,41888,83283,0,0.0
CONT,0202AAC1,DLC2TreasDraugrChest,1,1,43849,84832,0,0.0
?,000A9DB5,<000A9DB5>,1,1,42226,83179,0,0.0
ACTI,02027446,DLC2WordWallTriggerBendWill,1,1,42131,83028,0,0.0
?,0005F986,<0005F986>,1,1,41841,82884,0,0.0
?,00026F78,<00026F78>,1,1,41809,82674,0,0.0
?,0001B363,<0001B363>,1,1,37164,85169,0,0.0
?,00099524,<00099524>,1,1,49277,80788,0,0.0
?,0005FCC5,<0005FCC5>,1,1,49192,80670,0,0.0
?,0005DFE5,<0005DFE5>,1,1,49177,80842,0,0.0
?,000B23C3,<000B23C3>,1,1,53907,74782,0,0.0
?,00028A85,<00028A85>,1,1,42693,74815,0,0.0
?,00028A84,<00028A84>,1,1,43199,74517,0,0.0
?,00028A83,<00028A83>,1,1,43585,74405,0,0.0
?,000F08A2,<000F08A2>,1,1,43023,75523,0,0.0
?,000F08A3,<000F08A3>,1,1,43221,75789,0,0.0
?,000982D5,<000982D5>,1,1,42940,75526,0,0.0
?,00025220,<00025220>,1,1,33576,76590,0,0.0
?,000C2168,<000C2168>,1,1,64504,71063,0,0.0
?,00020F27,<00020F27>,1,1,60288,72044,0,0.0
?,0007EA42,<0007EA42>,1,1,60027,71915,0,0.0
?,0007EA40,<0007EA40>,1,1,59833,71997,0,0.0
ACTI,0201A1F0,DLC2RockSecEntrance01,1,1,59814,71735,0,0.0
?,0002246F,<0002246F>,1,1,55025,71901,0,0.0
?,00039DF9,<00039DF9>,1,1,51657,71216,0,0.0
STAT,02032811,DLC2NorExtWallBgStairsSingle01_LightSN,1,1,49973,70760,0,0.0
CONT,0202AAC0,DLC2TreasBanditChestSnow,1,1,40996,72881,0,0.0
?,0006F39E,<0006F39E>,1,1,41196,72617,0,0.0
ARMO,02039114,DLC2ClothesSkaalHat,1,1,40994,72527,0,0.0
ARMO,0201CD95,DLC2ArmorBonemoldHelmet,1,1,41122,72678,0,0.0
?,0003AD52,<0003AD52>,1,1,43759,69891,0,0.0
?,0005C035,<0005C035>,1,1,43750,69899,0,0.0
STAT,02033C52,DLC2Spit01SNOW,1,1,33508,70372,0,0.0
?,000D201B,<000D201B>,1,1,33243,69883,0,0.0
?,0007183D,<0007183D>,1,1,33112,69885,0,0.0
?,0007183F,<0007183F>,1,1,33112,69885,0,0.0
?,00071835,<00071835>,1,1,33112,69885,0,0.0
?,00071836,<00071836>,1,1,33112,69885,0,0.0
?,0007183A,<0007183A>,1,1,33112,69885,0,0.0
?,0007183C,<0007183C>,1,1,33112,69885,0,0.0
?,00071840,<00071840>,1,1,33112,69885,0,0.0
?,0007183E,<0007183E>,1,1,33112,69885,0,0.0
CONT,0202C45E,DLC2TreasWerebearChest,1,1,50323,69031,0,0.0
?,000C49E6,<000C49E6>,1,1,50382,69005,0,0.0
?,000C49EF,<000C49EF>,1,1,50420,69003,0,0.0
?,000C49ED,<000C49ED>,1,1,50408,68982,0,0.0
?,000C49E5,<000C49E5>,1,1,50428,68975,0,0.0
?,000C49E9,<000C49E9>,1,1,50421,68953,0,0.0
?,000CF89E,<000CF89E>,1,1,50531,67786,0,0.0
?,000C49F0,<000C49F0>,1,1,50638,67828,0,0.0
?,000C49EE,<000C49EE>,1,1,50578,67814,0,0.0
STAT,02032812,DLC2NorExtWallBg1WayArch01_LightSN,1,1,49741,68982,0,0.0
?,000F3DDE,<000F3DDE>,1,1,49741,68982,0,0.0
?,00098497,<00098497>,1,1,50700,67622,0,0.0
STAT,0203288C,DLC2NorTempleEntranceHall01Snow,1,1,51069,66672,0,0.0
?,000950C5,<000950C5>,1,1,50645,67795,0,0.0
STAT,0203280E,DLC2NorTmpExtPlatCorDblEnd01_LightSN,1,1,50619,67903,0,0.0
?,0005205B,<0005205B>,1,1,48095,67555,0,0.0
?,000A08CF,<000A08CF>,1,1,44939,69232,0,0.0
?,000CF264,<000CF264>,1,1,42833,67923,0,0.0
?,0003AD53,<0003AD53>,1,1,42871,67990,0,0.0
?,00064B38,<00064B38>,1,1,43627,69422,0,0.0
?,00024CA6,<00024CA6>,1,1,43009,68375,0,0.0
?,00013920,<00013920>,1,1,43007,68276,0,0.0
?,00012FE8,<00012FE8>,1,1,43058,68392,0,0.0
?,0001BE1A,<0001BE1A>,1,1,43657,69181,0,0.0
?,000E4E22,<000E4E22>,1,1,42966,67556,0,0.0
STAT,02035A87,DLC2RieklingBridgePlatform01Snow,1,1,41986,67208,0,0.0
?,000CB92C,<000CB92C>,1,1,43594,69559,0,0.0
STAT,02035A89,DLC2ShipwreckLarge03Snow,1,1,42611,67178,0,0.0
?,00048DDF,<00048DDF>,1,1,38323,67256,0,0.0
?,00068E43,<00068E43>,1,1,60487,100885,0,0.0
?,00029B8B,<00029B8B>,1,1,79963,28695,0,0.0
?,000BB94C,<000BB94C>,1,1,80282,29267,0,0.0
STAT,0203C385,DLC2Tombstone01VolcanicAsh,1,1,80036,29135,0,0.0
ACTI,020240CD,DLC2IldarisSarcophagusPlaque01,1,1,79974,28681,0,0.0
TREE,0201FF64,DLC2TreeFloraHangingMoss01,1,1,75318,31093,0,0.0
?,0001B22B,<0001B22B>,1,1,69005,29733,0,0.0
STAT,0202C401,FirewoodPileLarge01ASH,1,1,68846,29509,0,0.0
STAT,0202C3FC,DLC2NorTentSmallASH,1,1,68809,29754,0,0.0
STAT,02023F0F,SiltStriderRamp01,1,1,68264,28702,0,0.0
STAT,02020E66,DLC2dunKolbjornAshMound04,1,1,79433,28302,0,0.0
STAT,0203C386,DLC2Tombstone02VolcanicAsh,1,1,79596,28494,0,0.0
?,0004DA04,<0004DA04>,1,1,75241,25313,0,0.0
MSTT,02023F10,SiltStrider,1,1,68139,28617,0,0.0
MSTT,0201D745,DLC2FXShrubCharredLarge01,1,1,66247,26181,0,0.0
MSTT,0201A56C,DLC2ScatteredEmbers01,1,1,65550,24762,0,0.0
MSTT,0201A54B,DLC2FXShrubSmokingWithDirt,1,1,66301,26573,0,0.0
MSTT,0201A54A,DLC2FXShrubSmokingLarge01,1,1,66418,26752,0,0.0
MSTT,0201A549,DLC2FXShrubSmoking01,1,1,66030,26158,0,0.0
?,00042746,<00042746>,1,1,79404,21185,0,0.0
?,00042748,<00042748>,1,1,79026,21232,0,0.0
ACTI,0203C35C,DLC2TTF1LeaveTelMithryn,1,1,76591,23103,0,0.0
STAT,0203A3F9,DLC2TelMithrynDiseased02,1,1,76582,23209,0,0.0
STAT,02030E9C,DLC2TelvanniTowerMain01,1,1,76582,23209,0,0.0
STAT,02030E94,DLC2TelvanniGourdHouseExt01,1,1,75111,22677,0,0.0
SOUN,02028B65,AMBVolcanoAALPmarker,1,1,85875,11905,0,0.0
SOUN,02028B68,AMBVolcanoALPmarker,1,1,85767,11989,0,0.0
?,00052171,<00052171>,1,1,90921,62962,0,0.0
?,000E7593,<000E7593>,1,1,68795,63082,0,0.0
?,000E7591,<000E7591>,1,1,67136,64026,0,0.0
?,000E758B,<000E758B>,1,1,66486,63643,0,0.0
?,000CE6AC,<000CE6AC>,1,1,68928,62457,0,0.0
?,00075432,<00075432>,1,1,66557,64368,0,0.0
?,0010D05B,<0010D05B>,1,1,82777,60994,0,0.0
?,000533B7,<000533B7>,1,1,82303,59038,0,0.0
?,0005AD47,<0005AD47>,1,1,82777,59136,0,0.0
?,0010D049,<0010D049>,1,1,80022,59910,0,0.0
?,00106D2C,<00106D2C>,1,1,81688,58895,0,0.0
?,00106D2B,<00106D2B>,1,1,81716,58878,0,0.0
?,00106E1C,<00106E1C>,1,1,81696,58866,0,0.0
?,000F491C,<000F491C>,1,1,80118,58683,0,0.0
STAT,0202C0B1,Campfire01LandOffDirtPath01,1,1,80548,58143,0,0.0
?,0006A0BD,<0006A0BD>,1,1,80858,58383,0,0.0
?,00038B0C,<00038B0C>,1,1,80983,57804,0,0.0
?,00024BDD,<00024BDD>,1,1,79678,58172,0,0.0
?,0009DAA4,<0009DAA4>,1,1,79285,57736,0,0.0
?,0007224E,<0007224E>,1,1,79560,57614,0,0.0
?,0002C35A,<0002C35A>,1,1,79536,57571,0,0.0
?,0006A0BC,<0006A0BC>,1,1,79610,57557,0,0.0
?,00012FEB,<00012FEB>,1,1,79977,59138,0,0.0
?,00097F51,<00097F51>,1,1,79931,59048,0,0.0
?,000319E5,<000319E5>,1,1,80002,58722,0,0.0
?,000145C4,<000145C4>,1,1,80368,57608,0,0.0
?,0005FCED,<0005FCED>,1,1,80924,58876,0,0.0
?,0002BABB,<0002BABB>,1,1,81035,58145,0,0.0
STAT,0202C0D3,RockPileL03VolcanicAshTundra02,1,1,80050,57945,0,0.0
?,00020F37,<00020F37>,1,1,80175,57675,0,0.0
STAT,0202C0AF,RockCliff08Rocks01_VolcanicAshTundra,1,1,79685,59358,0,0.0
?,0005B7DE,<0005B7DE>,1,1,74390,58346,0,0.0
?,00018BA6,<00018BA6>,1,1,73228,59731,0,0.0
?,000B5F20,<000B5F20>,1,1,73061,61056,0,0.0
STAT,0203A9EE,DLC2BlacksmithForge01,1,1,67555,57826,0,0.0
STAT,02026AC5,DLC2ThirskMeadHallExterior010000,1,1,66554,58371,0,0.0
?,00054181,<00054181>,1,1,73433,49680,0,0.0
CONT,02039F87,TreasKnapsackEmpty,1,1,73437,49462,0,0.0
?,00035F4B,<00035F4B>,1,1,73362,49736,0,0.0
?,0001C153,<0001C153>,1,1,70897,50217,0,0.0
?,000132FD,<000132FD>,1,1,70819,50521,0,0.0
?,00013815,<00013815>,1,1,70884,50274,0,0.0
?,000455D2,<000455D2>,1,1,65570,47199,0,0.0
?,0001397D,<0001397D>,1,1,65550,47308,0,0.0
STAT,02031ACA,DLC2CommonTableLow01,1,1,65563,47349,0,0.0
?,0006E7A2,<0006E7A2>,1,1,87619,41591,0,0.0
CONT,0202AABC,DLC2TreasDwarvenChestSmall,1,1,87817,41387,0,0.0
?,00028395,<00028395>,1,1,87823,41507,0,0.0
?,0006D912,<0006D912>,1,1,87616,41592,0,0.0
STAT,02020752,DLC2DweRubblePileCeiling02,1,1,86281,42202,0,0.0
STAT,0201E00E,DLC2DweFacadeTower03,1,1,87555,41604,0,0.0
STAT,0201E003,DLC2DweFacadeHallSm3way01,1,1,87555,41604,0,0.0
CONT,0202AABB,DLC2TreasDwarvenChestLarge,1,1,85932,42271,0,0.0
STAT,0201E004,DLC2DweFacadeHallSm4way01,1,1,85556,42336,0,0.0
?,0010DAF6,<0010DAF6>,1,1,80378,44407,0,0.0
STAT,0201F156,DLC2DwePlatBgStairMid01,1,1,81005,42956,0,0.0
STAT,0201F14F,DLC2DwePlatBgCorDblEnd01,1,1,81004,42948,0,0.0
STAT,0201E010,DLC2DweFacadeTowerSpacer01,1,1,80649,43206,0,0.0
STAT,020209AF,DLC2DweWall02,1,1,81124,42248,0,0.0
?,000B7E7D,<000B7E7D>,1,1,67347,41598,0,0.0
?,00104F6F,<00104F6F>,1,1,67644,41305,0,0.0
STAT,02020009,AshScatter03,1,1,65570,42670,0,0.0
?,0002BC0F,<0002BC0F>,1,1,66763,41860,0,0.0
STAT,020264F1,DLC2DweReadRmEXT01,1,1,88800,38896,0,0.0
STAT,020264FC,DLC2DweStatueBustSphere02,1,1,88038,39336,0,0.0
STAT,020264F4,DLC2DweReadRmEXTPlatformSmL01,1,1,89344,39838,0,0.0
STAT,020264F5,DLC2DweReadRmEXTPlatformSmR01,1,1,88256,37954,0,0.0
STAT,020264F2,DLC2DweReadRmEXTDome01,1,1,88800,38896,0,0.0
STAT,020264F0,DLC2DweReadRmDecoMid01,1,1,88800,38896,0,0.0
STAT,020264C3,DLC2DweReadRmBase01,1,1,88325,39163,0,0.0
STAT,020264F3,DLC2DweReadRmEXTPlatformLg01,1,1,88287,39192,0,0.0
CONT,0202AABD,DLC2TreasDwarvenJewelryBox,1,1,83808,38206,0,0.0
STAT,0201DFFE,DLC2DweFacadeColumnXLgFree01,1,1,85318,39146,0,0.0
?,000BB948,<000BB948>,1,1,83845,40878,0,0.0
STAT,0201E009,DLC2DweFacadePartition01,1,1,85106,40091,0,0.0
STAT,0201EDDA,DLC2DweFacadePartition2x1,1,1,85030,40091,0,0.0
STAT,0201F152,DLC2DwePlatBgMid01,1,1,84443,40252,0,0.0
STAT,0201E005,DLC2DweFacadeHallSmAlcove01,1,1,84048,40779,0,0.0
STAT,0201DFF9,DLC2DweFacadeBridge01,1,1,82991,38186,0,0.0
?,000B7E7C,<000B7E7C>,1,1,67220,40291,0,0.0
ACTI,02031C9A,DLC2RR02DeadGuardsTrigger,1,1,67083,39612,0,0.0
STAT,02035350,ApoApoControlRingStones01VolcanicAsh01,1,1,71950,34872,0,0.0
STAT,0201CE61,DLC2RieklingBridgePlatformSmall,1,1,66918,92246,0,0.0
STAT,0201F143,DLC2RieklingStand02,1,1,66765,93420,0,0.0
STAT,02018D90,Campfire01LandOffLtSnow,1,1,74748,82059,0,0.0
?,000B241B,<000B241B>,1,1,73443,83121,0,0.0
?,0003962F,<0003962F>,1,1,71801,85243,0,0.0
?,0010DB29,<0010DB29>,1,1,65837,84339,0,0.0
?,0010DB26,<0010DB26>,1,1,66103,83354,0,0.0
?,0006A0B1,<0006A0B1>,1,1,68041,82797,0,0.0
?,000BB8C6,<000BB8C6>,1,1,65971,84267,0,0.0
?,000722BD,<000722BD>,1,1,67626,82093,0,0.0
?,000F23E8,<000F23E8>,1,1,67313,81983,0,0.0
?,0005B508,<0005B508>,1,1,75717,78782,0,0.0
?,000774BC,<000774BC>,1,1,75474,80297,0,0.0
?,0006F26C,<0006F26C>,1,1,74123,81702,0,0.0
?,00064B3A,<00064B3A>,1,1,67592,81863,0,0.0
?,000E8947,<000E8947>,1,1,67575,81877,0,0.0
?,0001EF65,<0001EF65>,1,1,73748,74529,0,0.0
?,00012EB7,<00012EB7>,1,1,72298,74003,0,0.0
?,00078DB9,<00078DB9>,1,1,72333,74017,0,0.0
WEAP,02026490,DLC2Horksbane,1,1,87668,69805,0,0.0
?,0006592C,<0006592C>,1,1,87382,71292,0,0.0
?,00024BC5,<00024BC5>,1,1,87682,71073,0,0.0
?,000BAB88,<000BAB88>,1,1,89818,70108,0,0.0
?,0010D07F,<0010D07F>,1,1,85557,72964,0,0.0
?,0009B77D,<0009B77D>,1,1,84283,72099,0,0.0
?,0002584A,<0002584A>,1,1,84612,72238,0,0.0
STAT,0203D447,DLC2StoneCircle01,1,1,74556,70666,0,0.0
STAT,0203C735,DLC2tentacleArmorPreloader,1,1,75136,70451,0,0.0
SOUN,0201F167,AMBSkaalVillageWallStereoLP,1,1,74558,70660,0,0.0
SOUN,0201F166,AMBSkaalVillageWallMonoLP,1,1,74546,70666,0,0.0
MSTT,020397F8,DLC2SkallVillagePrayerEffect,1,1,74550,70663,0,0.0
?,000800E4,<000800E4>,1,1,74913,69773,0,0.0
?,000DAE82,<000DAE82>,1,1,74912,69783,0,0.0
?,0004FA25,<0004FA25>,1,1,74087,69727,0,0.0
?,000D4BE7,<000D4BE7>,1,1,73856,69923,0,0.0
?,0003AD75,<0003AD75>,1,1,74043,70743,0,0.0
?,000B09EA,<000B09EA>,1,1,74618,69819,0,0.0
STAT,02029705,DLC2SkaalVilShack02alt,1,1,74034,71787,0,0.0
?,000AAA36,<000AAA36>,1,1,73838,72178,0,0.0
STAT,02029706,DLC2SkaalVilGreathall01,1,1,75556,70842,0,0.0
?,00077E1C,<00077E1C>,1,1,72973,70451,0,0.0
?,0003DE44,<0003DE44>,1,1,72950,70834,0,0.0
FLOR,02038A83,DLC2HorkerDead01,1,1,72917,70650,0,0.0
FURN,02031441,DLC2_ChildLayOnFloorMarker,1,1,72892,70484,0,0.0
?,00094AC6,<00094AC6>,1,1,72881,70502,0,0.0
?,0010D3DB,<0010D3DB>,1,1,72890,70715,0,0.0
?,00012FE9,<00012FE9>,1,1,71769,70513,0,0.0
?,0005B8F6,<0005B8F6>,1,1,71767,70542,0,0.0
?,0006D617,<0006D617>,1,1,72963,70861,0,0.0
?,00109E7D,<00109E7D>,1,1,72978,70648,0,0.0
?,0002F590,<0002F590>,1,1,73182,72530,0,0.0
?,000627E5,<000627E5>,1,1,72988,72629,0,0.0
STAT,020281F6,DLC2SkaalVilGreyMane01,1,1,73018,71832,0,0.0
?,000ABD2C,<000ABD2C>,1,1,72423,69686,0,0.0
?,0008A874,<0008A874>,1,1,73627,71791,0,0.0
STAT,02028643,DLC2SkaalVilHouseWind01,1,1,71884,70183,0,0.0
STAT,02029451,DLC2SkaalVilHouseWind04,1,1,73715,69736,0,0.0
?,00046867,<00046867>,1,1,66202,73224,0,0.0
?,000BB8C5,<000BB8C5>,1,1,87391,66692,0,0.0
BOOK,0202649C,DLC2HorkerIslandJournal,1,1,87564,66839,0,0.0
?,000EF5A5,<000EF5A5>,1,1,76234,66754,0,0.0
?,0001EF6C,<0001EF6C>,1,1,75982,103521,0,0.0
?,0002EB10,<0002EB10>,1,1,79500,100802,0,0.0
SOUN,02028B6A,AMBVolcanoCLPmarker,1,1,95491,-12771,0,0.0
SOUN,02028B67,AMBVolcanoCCLPmarker,1,1,95389,-12615,0,0.0
